trip_id,passenger_id,name,age,origin
218,0,Diana Gomez,28,Other
309,1,Matthew Wolfe,51,Train Station
304,2,Mary Moore,64,Train Station
296,3,Mrs. Kathleen Larson DDS,54,Airport
186,4,Holly Hernandez,74,Train Station
72,5,Diane Castillo,23,Other
46,6,Heather Torres,37,Train Station
362,7,Derek Hale,32,Other
286,8,James Chase,31,Train Station
277,9,Kenneth Schwartz,76,Train Station
280,10,William Parrish,58,Bus Station
318,11,Jennifer English,22,Train Station
236,12,Cynthia Taylor,70,Airport
460,13,Ricardo Payne,65,Other
494,14,Kyle Steele,49,Other
417,15,Sarah Maynard,77,Bus Station
69,16,Angela Williams,66,Airport
461,17,Claudia Johnson,38,Train Station
343,18,Daniel Schmidt,27,Airport
454,19,Aaron Woods,53,Bus Station
398,20,Katherine Knight,68,Train Station
87,21,Shelley Armstrong,69,Bus Station
333,22,Alexis Herrera,65,Train Station
347,23,Tonya Wood,76,Airport
161,24,Mary Fernandez,68,Other
312,25,Zachary Mora,37,Other
223,26,Denise Allen,48,Other
389,27,Joshua Sandoval,18,Other
27,28,Karen Jones,18,Train Station
105,29,Sarah Rodriguez,63,Train Station
142,30,Jennifer Fields,68,Bus Station
420,31,Shaun Zavala,53,Airport
172,32,Peter Gonzales,62,Bus Station
474,33,Stephanie Barrett,72,Train Station
182,34,Katelyn Keller,51,Bus Station
455,35,Brittany Reynolds,34,Train Station
409,36,Christopher Roberts,32,Bus Station
269,37,Angela Lewis,44,Bus Station
122,38,Alan Baker,70,Train Station
436,39,Timothy White,59,Airport
69,40,Jennifer Bennett,52,Bus Station
58,41,Karen Russell,45,Train Station
339,42,Kristen Rivera,51,Other
59,43,Christian Patterson,45,Train Station
103,44,Jennifer Drake,70,Airport
68,45,Jay Gonzalez,49,Bus Station
415,46,Dawn Bell,57,Train Station
123,47,Robert Thompson,53,Train Station
444,48,Elizabeth Johnson,46,Other
280,49,Anthony Montgomery,65,Other
408,50,James Smith,76,Other
357,51,Cassandra Oliver,31,Airport
5,52,Jennifer Richardson,74,Airport
81,53,Karl Allen,79,Train Station
202,54,Mark Robertson,71,Bus Station
72,55,Joy Hartman,74,Train Station
177,56,James Lopez,56,Airport
85,57,Kevin Gonzalez,39,Train Station
139,58,Robert Salinas,72,Other
204,59,John Ray,73,Train Station
137,60,Jessica Fields,49,Bus Station
468,61,Christopher Miller,75,Train Station
447,62,Andrea Miller,63,Other
396,63,Todd Franklin,64,Bus Station
146,64,Michelle Haynes,20,Other
499,65,Kenneth Deleon,23,Airport
247,66,Lynn Gomez,52,Airport
355,67,Joshua Phillips,48,Airport
154,68,Dustin Alexander,73,Other
439,69,James Medina,75,Other
464,70,Angel Wood,67,Train Station
490,71,William Wood,72,Other
328,72,Kristy Brown,37,Bus Station
178,73,Kimberly Barrett,36,Train Station
316,74,Emily Cunningham,21,Other
267,75,Darryl Murphy,56,Bus Station
408,76,Bruce Martin,27,Other
57,77,Krista Smith,52,Airport
324,78,Julie Atkins,66,Bus Station
352,79,Ashley Gonzalez,79,Airport
203,80,Charles Turner,52,Bus Station
254,81,Eric Salinas,58,Airport
417,82,Michael Jenkins,22,Train Station
453,83,Phyllis Perez,60,Airport
26,84,Amy Fuller,45,Bus Station
498,85,Jim Thompson,32,Airport
324,86,Nicole Clark,72,Bus Station
403,87,Amanda Moore,40,Train Station
366,88,Anna Freeman,30,Bus Station
247,89,Justin Roberts,62,Bus Station
192,90,Randy Freeman,68,Train Station
315,91,Dr. Scott Duran,30,Bus Station
315,92,Jack Ross,38,Other
424,93,Gabriel Washington,42,Train Station
389,94,Bryan Scott,65,Bus Station
425,95,Beth English,42,Bus Station
487,96,Kimberly Pena,58,Airport
37,97,Cheyenne Williams,66,Bus Station
155,98,Melissa Sanders,32,Other
362,99,Cynthia Meyer,38,Train Station
262,100,Teresa Hawkins MD,23,Other
310,101,Amanda West,60,Other
68,102,James Willis,78,Bus Station
163,103,Courtney Fisher,29,Bus Station
72,104,Danielle Larsen,38,Airport
369,105,Devin Conley,48,Train Station
233,106,Morgan Miller,28,Other
59,107,Paul Brown,44,Train Station
43,108,Robin Ryan,68,Train Station
215,109,Harold Ruiz,24,Train Station
404,110,Patrick Myers,59,Bus Station
239,111,Francisco Watson,40,Airport
221,112,Melissa Moreno,26,Train Station
72,113,Matthew Anderson,51,Airport
290,114,William Nguyen,31,Bus Station
372,115,James Nelson,38,Train Station
14,116,Amber Wilkerson,23,Other
283,117,Kyle Gutierrez,59,Bus Station
38,118,Martin Little,43,Other
351,119,Michael Smith,37,Train Station
47,120,David Waller,60,Other
167,121,Matthew Diaz,74,Other
69,122,Nathan Kennedy,65,Train Station
331,123,Brian Lee,51,Other
238,124,Kimberly Christian,19,Bus Station
487,125,John Kennedy MD,41,Bus Station
251,126,Sabrina Williams,27,Train Station
430,127,Chad Wilkins,42,Airport
207,128,Jeremy Coleman,48,Airport
37,129,Daniel Zhang V,58,Other
368,130,Randy Adams,56,Train Station
243,131,Michael Nielsen,65,Other
221,132,Heather Clarke,70,Bus Station
248,133,Zachary Barrera,50,Train Station
399,134,James Gillespie,34,Train Station
249,135,Christopher Thompson,25,Train Station
259,136,Eduardo Wright,71,Other
398,137,Amanda Blackburn,54,Bus Station
349,138,Kelly Farmer,54,Airport
51,139,Elizabeth Harvey,50,Bus Station
204,140,Nicole Thomas,23,Train Station
310,141,Anthony Moyer,29,Airport
342,142,Jennifer Davis,57,Train Station
393,143,Michael Watkins,77,Airport
385,144,Justin Pham,69,Train Station
111,145,Nathan Deleon,32,Airport
382,146,Vickie Gonzalez,63,Bus Station
2,147,Cheryl Howard,73,Other
112,148,Justin Campbell,63,Airport
177,149,Terry Stephenson,69,Other
459,150,Mark Santiago,30,Airport
266,151,Jessica Barnes,40,Bus Station
251,152,Andrea Patton,62,Train Station
391,153,Christina Hodge,57,Train Station
41,154,Bobby Miller,33,Bus Station
46,155,Pamela Cox,66,Airport
136,156,Kristen Combs,39,Other
134,157,Peggy Bennett,24,Train Station
17,158,Jeffrey Thompson,61,Train Station
301,159,Adam Collins,26,Bus Station
150,160,James Miller,78,Other
424,161,Michael Savage,77,Train Station
486,162,Tonya Robinson,79,Bus Station
85,163,Samantha Kelly,48,Bus Station
241,164,James Chandler,47,Bus Station
424,165,Lisa Goodwin,63,Airport
98,166,Frank Marquez,43,Train Station
240,167,Elizabeth Henderson,28,Train Station
477,168,David Petersen,23,Airport
197,169,Christopher Cole,63,Train Station
261,170,Douglas Baldwin,23,Airport
101,171,Cynthia Little,69,Other
261,172,Abigail Schmidt,39,Other
102,173,Michael Jones,38,Bus Station
79,174,Sandra Holland,79,Train Station
402,175,Lisa Morgan,78,Other
388,176,Cynthia Ward DVM,24,Airport
386,177,Christina Hancock,65,Bus Station
232,178,Suzanne Franklin,72,Train Station
309,179,Mario Nixon,32,Airport
138,180,Jordan Ward,53,Bus Station
131,181,Stephanie Jackson,41,Bus Station
161,182,James Spencer,47,Train Station
92,183,Nancy Brown MD,79,Bus Station
118,184,Brian Wilcox,33,Train Station
71,185,Janet Gregory,49,Airport
450,186,Eileen Houston,65,Other
105,187,Suzanne Smith,54,Bus Station
116,188,John Estrada,67,Train Station
390,189,Tanya Rivas,61,Bus Station
458,190,Mark Anthony,66,Airport
227,191,Brooke Wagner,23,Bus Station
334,192,Cindy Ford,41,Other
389,193,Jeffrey Higgins III,60,Other
220,194,Anna Conway,19,Other
61,195,Shelly Reed,53,Other
184,196,Cameron Ramirez,48,Airport
301,197,Caroline Dawson,27,Train Station
116,198,Kyle Suarez,58,Train Station
240,199,Dustin Johnson,18,Bus Station
146,200,Adam Callahan,22,Airport
311,201,Amanda Cook,69,Other
465,202,Ryan Lee,75,Airport
36,203,Samuel Cross,66,Other
106,204,Brian Brown,60,Other
253,205,Leah Butler,53,Bus Station
347,206,David Peters,27,Airport
74,207,Sean Hernandez,74,Train Station
184,208,Alexandra Sharp,52,Other
482,209,David Stewart,42,Train Station
164,210,Todd Hatfield,68,Airport
470,211,Cheryl Patel,49,Train Station
204,212,Dennis Holt,45,Airport
240,213,Jacqueline Hayes,72,Airport
129,214,Melissa Chen,46,Train Station
152,215,Monique Carter,33,Other
3,216,Tyler Cortez,65,Other
346,217,Robert Bowman,74,Bus Station
136,218,Doris Gutierrez,60,Bus Station
44,219,Richard Stewart,42,Other
330,220,Kristen Stafford,69,Airport
109,221,Ashley Klein,45,Other
346,222,William Bailey,21,Bus Station
395,223,Edward Hood,51,Bus Station
73,224,William Obrien,77,Other
413,225,Jennifer Landry,57,Other
105,226,Alexander Galloway,62,Other
485,227,Brian Singleton,73,Airport
34,228,Jacqueline Lewis,59,Train Station
104,229,Kelly Allen,65,Airport
20,230,Eileen Briggs,52,Bus Station
442,231,Jason Wagner,28,Other
32,232,Chad Thornton,36,Bus Station
90,233,Robert Sanchez,48,Airport
348,234,Christina Wilson,45,Bus Station
50,235,Laurie Wilson,39,Airport
30,236,Henry Boyle,34,Train Station
286,237,Abigail Parker,79,Other
127,238,Peter Wilson,52,Train Station
485,239,Jenna Baldwin,32,Airport
403,240,Jessica Marsh,37,Other
392,241,Cody Becker,25,Train Station
203,242,Michael Rivera,26,Train Station
157,243,Joshua Jennings PhD,72,Bus Station
62,244,Lynn Wells,46,Airport
418,245,Rodney Michael,26,Train Station
331,246,Carol Smith,20,Airport
116,247,Patricia Johnson,75,Bus Station
398,248,Ashley Williams,19,Train Station
193,249,Kathy Olson,40,Other
455,250,Teresa Barker,39,Airport
459,251,Dr. William Martinez MD,27,Airport
123,252,Sara Johnson,55,Other
343,253,Sara Zimmerman,50,Airport
115,254,Donna Long,71,Airport
470,255,Paul Wilkinson,59,Other
162,256,Elizabeth Lopez,31,Other
272,257,Nathan Solis,46,Train Station
67,258,Robert Davis,33,Train Station
272,259,Brett Thomas,23,Other
106,260,Aaron Lang,67,Train Station
261,261,James Wright,76,Airport
232,262,Donna Hicks,73,Other
208,263,Cassandra Vasquez,37,Airport
257,264,Christopher Williams,55,Train Station
99,265,Lauren Braun,57,Other
323,266,William Garcia,35,Other
94,267,Sylvia Jones,43,Airport
373,268,Laura Wright,42,Airport
168,269,Robert Robles,30,Airport
224,270,Ryan Kramer,65,Airport
136,271,Nancy Horton,73,Airport
182,272,Robert Guerrero,52,Airport
29,273,Thomas Alexander,44,Bus Station
156,274,Regina Murphy,47,Airport
209,275,Mrs. Elizabeth Hughes,66,Bus Station
101,276,Rebekah Sherman,33,Airport
454,277,Justin Young,34,Airport
192,278,Adam Brown,19,Other
94,279,Sherri Parsons,51,Other
7,280,Johnny Lee,20,Bus Station
191,281,Elizabeth Orr,69,Train Station
479,282,Ashley Powell,56,Airport
144,283,Sarah Miller,22,Other
397,284,Ryan Lin,40,Train Station
17,285,Nancy Evans,36,Bus Station
399,286,Vanessa Martinez,37,Bus Station
478,287,Mark Bailey,71,Bus Station
460,288,Dawn Abbott,57,Train Station
101,289,Virginia Foley,51,Airport
379,290,Angela Dudley,33,Train Station
429,291,Larry Burns,55,Other
284,292,John Calderon,19,Bus Station
154,293,Brian Reynolds,18,Bus Station
52,294,Robert Harris,44,Other
434,295,Krista Russell,20,Bus Station
57,296,Edward Crane Jr.,47,Bus Station
233,297,Alex Fernandez,78,Airport
147,298,Patty Carter,62,Airport
189,299,Alexis Santos,54,Airport
414,300,Brittany Stafford,67,Bus Station
234,301,Gabriel Lopez,24,Bus Station
22,302,Ann Cunningham,34,Other
433,303,Amanda Smith,56,Bus Station
346,304,Christian Johnson,77,Other
240,305,Edward Hernandez,40,Train Station
160,306,Justin Vance,33,Airport
80,307,Stephen Moore,23,Other
230,308,Laura Garcia,77,Train Station
107,309,Marisa Campbell,47,Airport
452,310,Rebecca Farley,41,Airport
110,311,Brittany Flores,34,Train Station
421,312,Alexander Ruiz,29,Other
208,313,Jared Dunn,67,Train Station
342,314,Maria Black,72,Train Station
100,315,Scott Rodriguez,35,Other
427,316,Randall Brandt,61,Train Station
173,317,Christine Perry,22,Airport
105,318,Kayla Bullock,24,Bus Station
284,319,Mark Moore,78,Airport
129,320,Daniel Mccarthy,75,Train Station
75,321,Kimberly Jackson,51,Airport
258,322,April Black,50,Other
84,323,Kevin Terrell PhD,54,Train Station
254,324,Rickey Butler,43,Other
183,325,William Velazquez,23,Bus Station
180,326,James Lee,75,Bus Station
373,327,Wendy Jacobs,36,Airport
107,328,Breanna Sanchez,59,Train Station
384,329,Amy Schultz,58,Train Station
144,330,Kimberly Wagner,33,Airport
363,331,Gavin Cox,72,Train Station
131,332,Eric Zimmerman,78,Airport
473,333,Melissa Morris,26,Bus Station
358,334,Damon Rivera,45,Train Station
131,335,Ronald Shannon,67,Bus Station
232,336,Jessica Wilson,76,Other
339,337,Daniel Watson,47,Airport
15,338,Emily Castro,68,Other
336,339,Mary Jones,67,Train Station
111,340,Kelly Lopez,52,Airport
66,341,James Mitchell,31,Airport
404,342,Matthew Henderson,39,Bus Station
35,343,Allison Duran,48,Other
338,344,Nicholas Brown,47,Airport
381,345,Andrew Bond,34,Other
243,346,Caleb Fleming,50,Bus Station
470,347,Destiny Bean,76,Bus Station
380,348,Bobby Stone,34,Bus Station
212,349,Kimberly Schultz,57,Bus Station
15,350,Christopher Williams Jr.,75,Airport
295,351,Christopher Jenkins,26,Train Station
110,352,Samuel Conner,38,Airport
201,353,Matthew Collins MD,63,Bus Station
132,354,Andrea May,71,Airport
409,355,Anthony Hill,56,Train Station
200,356,Mrs. Mary Hodges,42,Airport
263,357,Aaron Collins,66,Other
286,358,Ms. Robin West,74,Bus Station
175,359,Laura Butler,51,Train Station
336,360,Jennifer Holt,44,Other
361,361,Thomas Harris,36,Train Station
141,362,Alexandria Parsons,78,Airport
130,363,Daniel Stephens,42,Airport
273,364,Eileen Schwartz,25,Airport
359,365,George Wall,24,Train Station
43,366,Keith Hall,25,Bus Station
92,367,Christopher Mitchell,25,Airport
251,368,Samuel Black,56,Train Station
449,369,Jacqueline Williams,44,Airport
413,370,Anthony Green,64,Other
21,371,Noah Sullivan,42,Other
187,372,Gregory Hernandez,65,Train Station
111,373,Sherry Fox,76,Other
499,374,Robert Reilly,46,Airport
226,375,Brent King,41,Bus Station
378,376,Andrea Rivera,42,Other
192,377,Molly Sanchez,64,Train Station
493,378,Tiffany Jones,20,Train Station
59,379,Jessica Wagner,53,Airport
379,380,Robert Smith,18,Airport
450,381,Kyle King,41,Airport
44,382,Franklin Hanson,31,Other
321,383,Andrea Martin,79,Train Station
207,384,Kimberly Fowler,53,Other
353,385,Danielle Watson,53,Other
200,386,Thomas Cannon,69,Airport
454,387,Mark Haley,77,Airport
136,388,Stephen Rice,31,Bus Station
110,389,Alice Scott,60,Other
358,390,Joseph Dalton,42,Airport
450,391,Beverly Hayes,42,Bus Station
167,392,Heather Morrow,68,Airport
150,393,Charles Mueller Jr.,78,Other
24,394,Ryan Meyer,35,Bus Station
291,395,Benjamin Klein,74,Other
52,396,Vanessa Reese,31,Airport
462,397,Sarah Riley,23,Train Station
199,398,Jacob Willis DDS,18,Airport
247,399,Theresa Perez,25,Train Station
24,400,Eric Durham,42,Bus Station
314,401,Jason Bryant,79,Airport
3,402,Kayla Lindsey,50,Bus Station
203,403,Jeff Jones,74,Other
382,404,Holly Jennings,48,Other
366,405,Jill Ford,35,Bus Station
385,406,Eric Blake,60,Airport
383,407,Angela Parker,73,Bus Station
311,408,Elizabeth Jackson,18,Train Station
292,409,Felicia Olsen,20,Train Station
389,410,Jonathan Martin,53,Train Station
474,411,Lisa Gonzalez,50,Other
118,412,Amy Pena,48,Airport
18,413,Deborah Lowe,27,Airport
405,414,Melissa Haynes,59,Other
288,415,Douglas Dawson,25,Bus Station
311,416,Christine Davis,73,Other
35,417,Brett Martin,27,Bus Station
80,418,Jennifer Hines,55,Train Station
209,419,Colleen Meyers,63,Airport
126,420,Roger Combs,76,Bus Station
483,421,Colleen Kim,43,Train Station
65,422,John Romero,59,Train Station
51,423,Brenda Flores,21,Airport
49,424,Kenneth York,42,Airport
5,425,Hayley Levine,73,Airport
245,426,Sophia Barrett,66,Bus Station
425,427,Heather Blair,60,Train Station
277,428,Kevin Ryan,24,Airport
212,429,Andrea Young,63,Airport
48,430,Michelle Mcdonald,72,Airport
191,431,Cory Smith,21,Other
129,432,Danny Farrell,27,Other
412,433,Thomas Brown,48,Other
412,434,Bradley Adams,32,Other
233,435,Kara Fox,60,Bus Station
438,436,Ashley Kelley,39,Other
171,437,Mr. Keith Patterson,71,Other
377,438,Regina Williams,38,Other
101,439,Mary Taylor,76,Airport
35,440,John Weeks,41,Other
180,441,John Holmes,51,Bus Station
271,442,Frank Romero,74,Airport
122,443,Scott Parks,28,Bus Station
215,444,Amber Allen,32,Train Station
83,445,Julian Rodriguez,28,Train Station
369,446,Kari Harmon,30,Train Station
278,447,Maria Anderson,72,Train Station
188,448,Martin Martinez,31,Airport
206,449,Angel Bishop,59,Train Station
226,450,Jake Robinson,62,Bus Station
223,451,Kenneth Stevens,63,Airport
309,452,Kathleen Price,22,Other
115,453,Trevor Davidson,71,Train Station
449,454,Derrick Trujillo,19,Train Station
30,455,Nicholas Zamora,63,Airport
381,456,Sarah Burns,20,Train Station
389,457,David Johnson,45,Airport
140,458,Linda Mccarthy,27,Other
458,459,Lisa Murillo,78,Train Station
366,460,Mary Bartlett,27,Other
424,461,Jimmy Bowman,58,Train Station
145,462,Linda Bowman,63,Airport
108,463,Kenneth May,25,Other
212,464,Sarah Griffith,70,Bus Station
305,465,Nicole Dixon,26,Other
164,466,Joel Acosta,39,Bus Station
3,467,Savannah Smith,47,Other
174,468,Mr. Jonathan Gomez MD,40,Bus Station
390,469,Matthew Knapp,72,Airport
226,470,Rebecca Mccall DDS,40,Airport
70,471,Kimberly Brown,52,Bus Station
383,472,Meghan Kelley,38,Airport
353,473,Stacey Simmons,70,Train Station
365,474,Matthew Williams,25,Other
388,475,Todd Henderson,44,Airport
496,476,Keith Buck,41,Bus Station
223,477,Joseph Huerta,40,Train Station
108,478,Gabriel Henderson,70,Train Station
130,479,Ashley Merritt,66,Bus Station
29,480,Nicole Ramos,77,Bus Station
290,481,Briana Ellison,18,Train Station
208,482,James Hays,37,Bus Station
380,483,Larry Cline,33,Other
231,484,Kimberly Miller,49,Train Station
159,485,Jacob Patel,79,Airport
492,486,Scott Macias,75,Other
489,487,Angie Lawrence,24,Other
113,488,Monica Villarreal,38,Other
287,489,Steven Perry,40,Train Station
184,490,Christian Silva,47,Other
32,491,Miguel Gordon,73,Other
90,492,Robin Myers,20,Bus Station
61,493,Crystal Robbins,27,Train Station
79,494,Benjamin Davis,25,Bus Station
244,495,Nicholas Walker,53,Other
136,496,Danielle Bennett,62,Airport
170,497,Isabella Hogan,27,Airport
103,498,Bruce Rivera,29,Other
300,499,Samantha Smith,54,Other
338,500,Timothy Brown,57,Other
376,501,Michael Williams,24,Bus Station
144,502,Brittany Ayala,57,Airport
417,503,Nicholas Walsh,78,Other
307,504,Sonya Martinez,66,Train Station
1,505,Aaron Eaton,25,Other
204,506,Randy Larson MD,71,Train Station
10,507,Albert Huffman,60,Train Station
162,508,Jennifer Brown,69,Bus Station
93,509,Edward Wu,26,Train Station
465,510,Abigail Johnson,46,Bus Station
358,511,Martha Page,78,Bus Station
153,512,Paul Kelly,31,Bus Station
120,513,Daniel Porter,28,Other
417,514,Stephen Colon,74,Airport
422,515,Nathan Wiggins,24,Other
429,516,Shelby Hernandez,28,Bus Station
119,517,Sherry Thompson,56,Bus Station
430,518,Mark Long,40,Other
321,519,Jeffrey Brewer,43,Other
38,520,Miranda Gonzales,48,Airport
197,521,Kelly Vega,49,Airport
169,522,Kara Barron,41,Airport
168,523,Anthony Baldwin,52,Bus Station
231,524,Christopher Waters,25,Train Station
249,525,Robert Myers,33,Other
227,526,Nancy Fuller,77,Train Station
352,527,Michelle Rasmussen,60,Bus Station
174,528,Andrea Page,56,Other
493,529,Michael Adkins,37,Bus Station
456,530,Travis Perez,74,Airport
132,531,Dawn Carrillo,52,Airport
290,532,Dave Robles,28,Bus Station
74,533,Anthony Cisneros,28,Train Station
250,534,Chelsea Roberts,76,Airport
301,535,Brett Davis,70,Bus Station
389,536,Michael Best,35,Airport
184,537,Amy Kelly,43,Other
453,538,Paul Park,42,Train Station
54,539,Jessica Hutchinson,76,Train Station
120,540,Brandon Berry,20,Other
288,541,Jay Wheeler,56,Bus Station
435,542,Michael Washington,44,Airport
267,543,Holly Martinez,45,Bus Station
280,544,Wayne Morse,77,Other
25,545,Benjamin Smith,48,Other
52,546,Steven Montoya,28,Train Station
157,547,Jose Stafford,64,Other
43,548,Brandi Gibson,64,Airport
308,549,Dwayne Davis,75,Airport
257,550,Kathleen Chambers,20,Airport
378,551,Kristy Carlson,43,Other
160,552,Vickie Esparza DVM,36,Airport
117,553,Jessica Benton,70,Airport
348,554,Mary Griffin,54,Other
75,555,Amy Smith,42,Train Station
87,556,Jessica West,63,Other
412,557,Adrienne Bass,39,Other
87,558,Kathy Campbell,78,Bus Station
75,559,Christian Rodriguez,22,Bus Station
83,560,Lynn Burton,52,Other
136,561,Rachel Cox,68,Train Station
195,562,Elizabeth Frank,50,Other
436,563,Jennifer Hernandez,33,Airport
454,564,Thomas Cortez,71,Other
129,565,Heather Hammond,61,Airport
330,566,Kimberly Brown,43,Other
223,567,Dr. Jennifer Thompson,38,Train Station
361,568,Makayla Jackson,24,Train Station
120,569,Renee Hogan,46,Train Station
368,570,Paula Hall,73,Airport
327,571,Kayla Kramer,30,Bus Station
237,572,Chad Walls,65,Airport
150,573,Martin Williams,66,Train Station
150,574,David Watson,55,Bus Station
292,575,Rhonda Anderson,58,Other
467,576,Lisa Vaughn,30,Train Station
242,577,Lisa Green,45,Bus Station
395,578,Sarah Tran,47,Bus Station
284,579,Elizabeth Smith,42,Airport
213,580,Danielle Reyes,55,Bus Station
230,581,Elizabeth Parks,31,Other
371,582,Mr. Matthew Jones,44,Airport
187,583,Robert Key,56,Other
172,584,Summer Evans,34,Bus Station
478,585,Amy Powell,65,Train Station
194,586,Nicholas Simmons,45,Bus Station
432,587,Kevin Huber,25,Train Station
236,588,Colin Torres,57,Train Station
100,589,Pamela Smith,69,Airport
265,590,Christopher Hines,66,Airport
39,591,Maria Sanchez,70,Train Station
210,592,Jay Arnold,58,Other
305,593,Amy Rose,47,Other
199,594,Stacey Wheeler,74,Bus Station
209,595,Monique Gomez,25,Bus Station
273,596,Teresa Rios,33,Bus Station
258,597,William Williams,33,Train Station
176,598,Kyle Harrison,66,Bus Station
171,599,Holly Martinez,53,Other
1,600,Patty Knox,51,Bus Station
400,601,Christine Tate,49,Other
358,602,Douglas Smith,48,Other
276,603,Monica Young,50,Bus Station
276,604,Diane Schmidt,67,Airport
157,605,Cynthia Kim,67,Train Station
136,606,Shannon Vincent,26,Other
225,607,Helen Oconnell,29,Other
27,608,Marissa Smith,58,Other
397,609,Amy Carr,70,Train Station
462,610,Claudia Olsen,26,Train Station
371,611,Kendra Lopez,46,Train Station
223,612,Samuel Mccarthy,57,Train Station
301,613,Matthew Roberts,39,Bus Station
31,614,Jason Lee,75,Airport
456,615,Adam Butler,38,Bus Station
353,616,Morgan Reed,76,Airport
258,617,Matthew Perkins,22,Airport
47,618,Norman Brown,42,Bus Station
381,619,Andrew Yang,73,Other
29,620,Brianna Woods,78,Other
483,621,Dawn Parker,72,Airport
302,622,Lisa Vega,19,Airport
343,623,Amanda Conner,45,Train Station
74,624,Erica Gibson,51,Bus Station
135,625,Guy Campbell,47,Airport
183,626,Aimee Lawrence,40,Other
470,627,Dawn Davis,22,Other
312,628,Mr. Matthew Walker,48,Airport
98,629,Austin Kelly,26,Train Station
496,630,Steven Sutton,77,Other
414,631,Daniel Barnes,60,Bus Station
399,632,Jose Koch,47,Train Station
174,633,Austin Tucker,19,Bus Station
201,634,Jason Neal,34,Other
401,635,Kathy Martin,74,Bus Station
353,636,Cathy Pham,66,Airport
371,637,Kevin Murray,59,Airport
432,638,Amber King,49,Other
474,639,Jessica Marshall,21,Bus Station
406,640,Michael Olson,28,Airport
312,641,Miranda Phillips,33,Other
420,642,Jacob Johnson,63,Bus Station
165,643,Rebecca Davis,63,Bus Station
370,644,Melissa Bean,18,Airport
272,645,Sara Mathews,38,Airport
458,646,Vicki Nguyen,78,Train Station
224,647,Meghan Rice,21,Other
67,648,Susan Mckay,25,Airport
443,649,Leah Hamilton,69,Other
214,650,Jenna Jacobs,60,Train Station
487,651,Kayla Mack,72,Airport
211,652,Sarah Wallace,30,Bus Station
330,653,Samantha Noble,24,Airport
267,654,Tyler Paul,50,Train Station
51,655,Jesse Donaldson,21,Train Station
113,656,Michael Williamson,41,Bus Station
443,657,Jessica Edwards,26,Airport
145,658,Charlene Diaz,39,Other
340,659,Lisa Grant,51,Bus Station
327,660,Jennifer Wilkins,23,Bus Station
121,661,Diana Ibarra,57,Other
263,662,Jimmy Mitchell,67,Train Station
497,663,Dr. Francis Armstrong,22,Airport
114,664,Jerry Anderson,38,Airport
463,665,Benjamin Lynn,59,Airport
170,666,Judy Wilson,54,Airport
339,667,Dennis Rivera,64,Airport
255,668,Raymond Banks,50,Train Station
132,669,Jennifer Conrad,37,Airport
77,670,Gregory Hall,64,Airport
122,671,Dylan Potts,78,Airport
401,672,David Hart,42,Bus Station
223,673,Kathy Perry,37,Train Station
296,674,George Garcia,46,Bus Station
367,675,Christopher Allen,24,Airport
389,676,Michael Brennan,56,Airport
115,677,Jeffrey Collins,56,Airport
450,678,Michelle Mcbride,69,Other
432,679,Dale Williams,20,Train Station
262,680,Matthew Noble,59,Other
69,681,Julie Burns,43,Train Station
84,682,Cheryl Chan,64,Train Station
276,683,Lindsay Smith,51,Train Station
328,684,Margaret Jones,61,Train Station
401,685,Nancy Smith,25,Bus Station
466,686,Jeffrey Brown,61,Train Station
168,687,Shawn Williams,62,Airport
279,688,Christine Beltran,71,Other
469,689,Christina Simmons,72,Bus Station
404,690,Richard Richardson,54,Airport
330,691,Angela Roach,26,Bus Station
305,692,Travis Cohen,32,Other
118,693,Jeremy Carter,64,Other
309,694,Alan Hines,65,Bus Station
479,695,Michele Clark,24,Airport
321,696,Mark Reese,49,Other
468,697,Jennifer Lowe,67,Train Station
422,698,Lisa Campbell,32,Airport
172,699,Lisa Walsh,38,Airport
484,700,Maria Lane,65,Train Station
122,701,Andrew Roberts,42,Train Station
25,702,Debbie Blair,75,Bus Station
130,703,Michael Lee,23,Bus Station
198,704,Haley Owens,25,Bus Station
485,705,Erica Cline,52,Other
444,706,Anna Mosley,49,Other
215,707,Douglas Hughes,63,Other
341,708,Emily Montgomery,54,Bus Station
168,709,John Travis,28,Bus Station
417,710,Catherine Robinson,47,Train Station
165,711,Jordan Benson,44,Other
353,712,Jacqueline Hawkins,23,Other
191,713,Richard Williams,29,Other
301,714,Kelly Nolan,30,Airport
209,715,Crystal Levine,51,Train Station
57,716,Rebecca Burke,78,Other
470,717,Lisa Jackson,74,Other
397,718,John Owens MD,53,Bus Station
309,719,Theresa Jones,76,Other
314,720,Brenda Stevenson,56,Bus Station
35,721,Rodney Ballard DDS,63,Other
226,722,Michael Marsh,75,Train Station
358,723,Stephanie Arias,42,Other
81,724,Billy Simmons,46,Other
426,725,Taylor Duncan,55,Train Station
301,726,Monica Arnold,54,Other
255,727,Jake Estrada,78,Train Station
378,728,James Campbell,55,Airport
146,729,Heather Wheeler,77,Airport
399,730,Olivia Benton,69,Airport
110,731,David Blake,28,Train Station
268,732,Ethan Harrison,37,Bus Station
424,733,Diane Bowman,20,Bus Station
287,734,Jeff Frederick,42,Bus Station
256,735,Megan Jackson,73,Other
236,736,Roy Poole,41,Train Station
223,737,Eric Bentley,50,Train Station
134,738,Kurt Wells,68,Airport
117,739,Isaac Choi,25,Airport
340,740,Sandra Shaffer,53,Other
44,741,Shawn Short,54,Bus Station
61,742,Christy Hodges,66,Airport
210,743,Karen Sims,68,Bus Station
130,744,Christine Taylor,42,Other
354,745,Jeremiah Smith,30,Bus Station
389,746,Brittney Mcdaniel,35,Train Station
7,747,Dawn Sexton,25,Other
495,748,Richard Johnston,46,Train Station
381,749,Brandon Powell,36,Airport
214,750,Jorge Hancock,48,Airport
215,751,Nicholas Jones,45,Bus Station
175,752,Katrina Sutton,33,Train Station
4,753,Tommy Bowers,20,Bus Station
335,754,Helen Webb,23,Bus Station
380,755,Kevin Knight,62,Bus Station
139,756,Jennifer Carlson,72,Other
324,757,Francisco Smith,31,Airport
259,758,John Castillo,22,Train Station
168,759,Amy Ballard,70,Train Station
313,760,Matthew Horton,59,Train Station
157,761,Victor Johnson,52,Airport
236,762,Parker Strickland,72,Other
476,763,Miguel Rivera,78,Other
317,764,Reginald Smith,36,Airport
294,765,Sylvia Lyons,73,Train Station
432,766,Christopher Cooper,52,Bus Station
238,767,Melissa Brown,31,Train Station
469,768,Eric Gutierrez,58,Airport
16,769,Christopher Schwartz,62,Bus Station
199,770,Mrs. Karen Richardson,30,Airport
488,771,Gregory Dickson,49,Bus Station
400,772,Teresa Brady,76,Airport
175,773,Michael Giles,72,Airport
144,774,Latasha Long,33,Bus Station
73,775,Julie Hughes,77,Airport
321,776,Monica Williams,22,Bus Station
106,777,Sonya Williams,18,Bus Station
377,778,Holly Jones,58,Bus Station
29,779,Kimberly Washington,64,Bus Station
209,780,Sean Hernandez,28,Airport
375,781,Christopher Thomas,56,Airport
331,782,Brian Ramos,21,Other
175,783,Christine Williams,24,Train Station
59,784,Elizabeth Stephens,55,Bus Station
306,785,Tamara Perez,32,Bus Station
57,786,Karen Weaver,19,Other
112,787,Madison Cooper,40,Airport
406,788,Melissa Larsen,64,Airport
346,789,Samantha Hunter,72,Train Station
339,790,Tracy Johnston,24,Other
455,791,Teresa Thompson,36,Bus Station
205,792,Patrick Brewer,46,Other
191,793,Jeremy Ramirez,33,Other
431,794,Mark Mclean,58,Train Station
254,795,Mary Tucker,47,Other
399,796,Lauren Robinson,58,Other
251,797,Erin Perry,48,Train Station
5,798,Gregory Alvarado,57,Airport
35,799,Ian Moore,78,Bus Station
225,800,Monica Owens,46,Bus Station
76,801,Miss Melissa Brock,54,Other
187,802,Kristopher Griffin,27,Other
337,803,Brittany Jenkins,34,Bus Station
420,804,Taylor Williams,65,Bus Station
397,805,Courtney Brock,61,Train Station
147,806,Jasmine Schneider,19,Bus Station
370,807,Eric Clark,25,Bus Station
493,808,Todd Reynolds,30,Airport
272,809,Cheryl Jordan,43,Other
201,810,Jennifer Garrison,73,Other
75,811,Nancy Roberts,39,Train Station
181,812,Hannah Greene,39,Bus Station
427,813,Mrs. Vicki Hunt MD,26,Train Station
446,814,Dr. Emily Bell,63,Other
467,815,Timothy Nichols,19,Bus Station
117,816,Lori Anderson,30,Train Station
236,817,Anne Rice,20,Train Station
441,818,Randall Mitchell,26,Other
362,819,Caroline Patterson,70,Other
5,820,Audrey Small,41,Train Station
458,821,Mr. Kenneth Sanders,63,Bus Station
215,822,Nicole Horton,61,Train Station
478,823,Walter Ware,71,Other
353,824,David Harris,29,Other
43,825,Sarah Taylor,28,Airport
110,826,Isaac Stone,28,Bus Station
491,827,Dustin Zamora,34,Other
494,828,Heather Davis,72,Airport
426,829,Chloe Wheeler,35,Other
251,830,Cody Gonzalez,27,Bus Station
338,831,Matthew Turner,75,Train Station
119,832,Michael Harrison,44,Bus Station
6,833,Eric Hubbard,43,Other
148,834,Joe Morton,79,Bus Station
422,835,Charles Parker,71,Airport
377,836,Shari Johnston,23,Train Station
460,837,Joseph Deleon,28,Airport
9,838,David Neal,26,Other
112,839,Carl Jimenez,39,Bus Station
430,840,Brittany Riley,40,Airport
309,841,Dawn Hall,18,Other
183,842,Ronald Davis,64,Bus Station
206,843,Taylor Carlson,30,Other
213,844,Jennifer Jacobs,43,Train Station
138,845,Tammy Hall,48,Bus Station
223,846,Keith Jenkins,52,Train Station
277,847,Ricky Beard,75,Other
264,848,Susan Mercer,47,Other
184,849,Maria Cochran,22,Other
209,850,Sarah Paul,78,Bus Station
140,851,Tammy Rivas,68,Train Station
369,852,Rachel Thomas,19,Other
35,853,Laura Diaz,57,Train Station
254,854,Michael Nguyen,37,Bus Station
51,855,Michael Johnson,67,Airport
260,856,Rodney Herman,44,Bus Station
33,857,Patricia Mueller,40,Bus Station
416,858,Jamie Ramos,70,Train Station
219,859,Jennifer Smith,59,Other
9,860,Jacob Miller,55,Train Station
319,861,Duane Brown,25,Train Station
405,862,Anthony Williams,26,Train Station
99,863,Sharon Hall,73,Train Station
135,864,Anita Arias,74,Train Station
89,865,Kathleen Saunders,51,Other
306,866,Nathan Thomas,41,Other
214,867,Courtney Woods,40,Other
328,868,Brooke Mcdaniel,63,Bus Station
75,869,Lawrence Gutierrez,20,Other
60,870,Kevin Lopez,42,Train Station
226,871,Jeremy Cline,45,Airport
396,872,Ryan Wood,38,Airport
427,873,Troy Aguilar,67,Bus Station
278,874,Deborah Fisher,38,Airport
65,875,Suzanne Cox MD,69,Bus Station
481,876,William Landry,65,Bus Station
235,877,Steven Perez,41,Bus Station
81,878,Thomas Atkinson,64,Train Station
101,879,Larry Krueger,77,Other
157,880,Megan Conner,64,Other
372,881,David Daniels,42,Bus Station
258,882,Jeffrey Stevenson,24,Train Station
270,883,Ruth Rivera,62,Train Station
308,884,Anna Brown,31,Train Station
352,885,Savannah Smith,18,Train Station
146,886,Zachary Lutz,51,Other
12,887,Dr. Tyler White MD,54,Bus Station
349,888,Ryan Hill,28,Airport
127,889,Traci Davis,68,Bus Station
10,890,Christopher Stanton,19,Other
365,891,Mr. Robert Johnson II,25,Bus Station
213,892,James Fields,62,Bus Station
471,893,Matthew Goodwin,69,Airport
181,894,Alexander Walker,48,Other
490,895,Carol Castaneda,60,Other
308,896,Keith Villarreal,42,Airport
418,897,Rachel Hartman,63,Other
261,898,Scott Willis,72,Bus Station
328,899,Tina Fisher,40,Bus Station
415,900,Matthew Allen,57,Train Station
342,901,Dana Spencer,72,Other
436,902,Brittany Bird,63,Train Station
244,903,Joshua Kirk,28,Train Station
396,904,Alyssa Bryant,41,Other
250,905,Logan Holmes,34,Train Station
188,906,James Wilson,70,Airport
374,907,Howard Watkins,48,Airport
139,908,Abigail Hughes,52,Bus Station
64,909,Molly Mcdonald,23,Airport
261,910,Kimberly Allison,37,Airport
78,911,Alicia Lester,55,Airport
124,912,Kimberly Moore,71,Other
486,913,David Sanchez MD,28,Train Station
136,914,Matthew White,40,Bus Station
18,915,Erin Hernandez,65,Bus Station
339,916,Taylor Thomas,51,Airport
32,917,Alicia King,56,Bus Station
201,918,Angela White,45,Bus Station
276,919,Heather Phillips,75,Bus Station
46,920,Candice Ayers,18,Airport
185,921,Anthony Newton,27,Other
315,922,Eileen Carter,36,Airport
190,923,Charles Summers,41,Bus Station
243,924,Tracy Boyd,68,Airport
381,925,Felicia Adams,69,Airport
235,926,Jennifer Page,63,Train Station
260,927,David Valdez,49,Other
393,928,Molly Saunders,75,Airport
33,929,Jeremy Diaz,31,Other
334,930,Anthony Dodson,30,Airport
185,931,John Spencer,22,Bus Station
169,932,Jose Walsh,20,Other
409,933,Phillip Bernard,53,Airport
320,934,Christian Gonzalez,18,Airport
313,935,Megan Ryan,47,Train Station
257,936,Kimberly Scott,51,Other
93,937,Maria Lewis,28,Bus Station
166,938,Erin Snyder,59,Train Station
164,939,Philip Monroe,30,Train Station
204,940,Donald Diaz,37,Train Station
241,941,Destiny Cordova,70,Bus Station
183,942,Robert Lopez,48,Bus Station
208,943,Judith Ballard,23,Bus Station
411,944,Jessica Green,57,Train Station
317,945,Amber Schroeder,61,Train Station
377,946,Teresa Keller,54,Airport
323,947,Anthony Huber,36,Airport
163,948,Lance Williams,48,Bus Station
62,949,Mary Livingston,77,Airport
241,950,Elizabeth Ramirez,19,Other
266,951,Kristin Grant,68,Train Station
253,952,David Richardson,29,Train Station
208,953,Rachael Cook,62,Airport
317,954,Lindsey Briggs,62,Airport
24,955,Derrick Walker,64,Airport
57,956,Jennifer Rose,45,Train Station
457,957,Sean Grimes,58,Airport
462,958,Anthony Huff,25,Airport
253,959,Rachel Brown,20,Airport
151,960,James Tapia,47,Other
253,961,Mr. Erik Rodriguez,40,Other
393,962,Michelle Owens,69,Airport
298,963,Ellen Jones,55,Bus Station
273,964,Bonnie Rodriguez,49,Airport
69,965,Gregory Graham,78,Bus Station
347,966,Jessica Skinner MD,75,Other
476,967,Bradley Martinez,47,Other
301,968,Alexandria Leon,37,Airport
421,969,Matthew White,22,Bus Station
377,970,Robert Hernandez,58,Bus Station
70,971,Andrea Jennings,42,Train Station
30,972,Jonathan Spencer,36,Other
379,973,Cynthia Winters,67,Train Station
151,974,Daniel Thompson,23,Train Station
126,975,Janet Valdez,59,Bus Station
100,976,Emily Sanchez,64,Airport
158,977,Jeremy Gregory,46,Airport
361,978,Robert Hill,39,Train Station
29,979,Kathryn Price,30,Airport
395,980,Kelli Martinez,43,Other
45,981,Laura Watkins,53,Airport
383,982,Scott Bauer,29,Airport
75,983,Wesley Jones,47,Airport
339,984,Maria Sandoval,75,Airport
68,985,Peter Rodriguez,57,Other
186,986,Robin Butler,60,Airport
55,987,Troy Foster,79,Train Station
298,988,Gary Huff,75,Other
297,989,Lisa Hernandez,79,Airport
289,990,James Skinner,32,Bus Station
394,991,Gabriel Anderson,32,Train Station
339,992,Joel Peterson,50,Other
454,993,Alyssa Fernandez,43,Airport
367,994,Deborah Cruz,64,Bus Station
302,995,Susan Green,39,Bus Station
343,996,Kenneth Walker,72,Airport
494,997,Michael Walker,71,Train Station
342,998,Sara Sanders,62,Train Station
421,999,Joshua Soto,76,Other
