vehicle_id,type,capacity,model
0,Car,188,certainly
1,Airplane,165,personal
2,Train,107,quite
3,Airplane,87,very
4,Airplane,63,whom
5,Train,106,face
6,Train,139,development
7,Airplane,195,dark
8,Bus,146,soon
9,Airplane,41,throw
10,Train,38,include
11,Train,25,write
12,Bus,166,draw
13,Train,140,responsibility
14,Airplane,131,management
15,Airplane,183,same
16,Airplane,52,arrive
17,Bus,74,save
18,Bus,65,answer
19,Airplane,130,board
20,Airplane,137,tax
21,Train,193,sister
22,Car,10,art
23,Airplane,108,mission
24,Bus,96,far
25,Train,104,population
26,Airplane,22,floor
27,Bus,55,western
28,Car,114,another
29,Airplane,95,admit
30,Airplane,94,southern
31,Airplane,106,because
32,Airplane,11,several
33,Car,69,himself
34,Bus,114,across
35,Train,92,single
36,Bus,120,practice
37,Car,42,near
38,Airplane,66,be
39,Airplane,23,ever
40,Airplane,116,mother
41,Bus,122,these
42,Airplane,173,floor
43,Airplane,91,idea
44,Airplane,118,central
45,Car,87,hear
46,Car,22,already
47,Train,91,nor
48,Car,103,past
49,Car,17,them
50,Bus,127,store
51,Car,29,resource
52,Car,35,power
53,Airplane,185,newspaper
54,Airplane,159,put
55,Airplane,37,side
56,Car,49,if
57,Train,58,just
58,Bus,36,agent
59,Car,48,decision
60,Airplane,72,practice
61,Car,51,describe
62,Train,149,choice
63,Train,78,hard
64,Train,122,job
65,Bus,57,magazine
66,Car,149,whether
67,Airplane,129,black
68,Car,24,might
69,Airplane,55,security
70,Car,62,option
71,Train,158,war
72,Bus,120,official
73,Bus,68,onto
74,Train,92,road
75,Train,32,suffer
76,Car,196,movement
77,Car,158,maybe
78,Bus,92,fly
79,Train,66,line
80,Train,156,democratic
81,Train,42,tax
82,Bus,137,PM
83,Car,71,town
84,Train,85,nice
85,Car,20,similar
86,Train,26,me
87,Airplane,193,compare
88,Airplane,83,prevent
89,Bus,142,me
90,Bus,47,democratic
91,Airplane,124,instead
92,Bus,118,movie
93,Car,104,education
94,Car,196,near
95,Bus,155,above
96,Car,186,modern
97,Bus,65,early
98,Car,122,read
99,Train,108,its
