customer_id,name,email,phone_number,address
C01,Peter Barnes,elliottkaren@example.net,(719)833-9735x944,"05178 Russo Plain Apt. 748
West Reginaside, VI 20729"
C02,Christopher Johnson,klara@example.net,(462)746-4350,"4984 Erica Alley
East Ronaldton, AS 59756"
C03,Maria Kelly,mjohnson@example.com,792-476-9251x27391,"73267 Kathryn Corners
Tylerhaven, MT 24400"
C04,Whitney Briggs,xbates@example.com,6038550586,"5845 Tiffany Center
West Savannahburgh, KS 39081"
C05,Linda Lee,jonathan53@example.org,650-264-6350,"926 Jacob Junctions Suite 512
Walkerstad, OK 30379"
C06,Jennifer Mueller,cyoung@example.org,426-571-7964,"51731 Reynolds Meadow
Lake Stacey, NC 94427"
C07,Cynthia Wagner,hillvanessa@example.net,881.269.0033x07234,"67724 Edward Bridge Suite 213
Stevenfort, PA 79782"
C08,Stephanie Williams,nguyenrobert@example.com,738-346-8989,"2315 Baker Field Suite 447
West Davidstad, MN 74532"
C09,Michael Hart,bkramer@example.org,737-848-6379,"903 David Plains
Brownmouth, VT 03263"
C10,Sheila Allison,wilsondiana@example.net,718.971.9836x4551,"PSC 0849, Box 2323
APO AP 76282"
C11,Nicholas Bauer,daniel12@example.net,(645)428-3046x8523,"4930 Wells Throughway
Juliehaven, CT 45751"
C12,Erin Carter,kyle28@example.com,001-539-222-2555,"0046 Sonya Lake
Angelaberg, OR 24264"
C13,Robert Stanton,laurawilliams@example.org,4175328463,"946 Martin Cape Apt. 357
Gordonshire, SD 34976"
C14,Kayla Johnson,perezscott@example.com,+1-910-212-3197x966,"612 Joshua Flats
Port Brandon, DE 17027"
C15,Debra Turner,howellraymond@example.net,+1-910-304-0838x17533,"16679 Devin Unions
Donaldland, TX 45941"
C16,Joshua Diaz,tlevine@example.net,762-498-9290x00698,"USNS Mahoney
FPO AE 52205"
C17,Patricia French,benjaminholland@example.com,4872816962,"569 Hunt Bridge Suite 017
West Heather, CA 48518"
C18,Charles Allen,tbrown@example.com,(997)226-8879x0346,"07029 Danny Courts
South Connie, VI 63042"
C19,Johnny Fowler,hevans@example.net,001-753-299-5904x98392,"20314 Silva Ranch
Kennethburgh, HI 08844"
C20,Robert Mercado,mwolfe@example.net,001-868-950-1760x94165,"24014 Webb Land Suite 132
Jessicatown, WA 26952"
C21,Joyce Ingram,vkent@example.com,(812)870-4108,"956 Ford Trace
Leonardstad, WA 26801"
C22,Jeremy Harper,pagecharles@example.org,8803337563,"5409 Carter Prairie
Campbellchester, NY 99291"
C23,Joseph Lawrence,jeffleach@example.net,001-346-673-5192x562,"7255 Hannah Harbors
West Thomas, GU 54809"
C24,Eric Green,rfranklin@example.net,+1-226-497-2378x2682,"USNV White
FPO AP 86962"
C25,Katie Wilson,juliegraham@example.com,001-881-974-7357x1759,"617 Penny Land
Carlosview, MS 50530"
C26,Michelle Allen,vluna@example.net,(723)421-4159,"369 Brittany Village Suite 171
North Gregoryberg, IA 27076"
C27,Maria Young,meredith62@example.net,(703)245-7067,"174 Bryan Mountains Apt. 729
Port Kimberlyton, IL 38648"
C28,Ryan Fischer,brittany40@example.com,(486)885-2695x62973,"13102 Leah Mission
North Darius, CO 33810"
C29,John Glover,charlene90@example.org,001-370-425-7509,"150 Casey Corners Suite 542
Robinshire, HI 51211"
C30,Renee Christian,charles15@example.net,(503)364-6941x643,"220 Rodriguez Plains Suite 527
Erikamouth, NC 20942"
C31,Melanie Wilson,christopherramsey@example.org,(782)383-7122x032,"260 Murray Gardens
Bestburgh, ND 12368"
C32,William Gordon,katherine65@example.org,(600)998-4839x44743,"PSC 9207, Box 2324
APO AE 25724"
C33,Rachael Hopkins,popelaura@example.com,437.275.0938,"USCGC Patterson
FPO AP 25552"
C34,Heather Kim,sheila86@example.com,+1-800-343-8729x21120,"222 Cummings Mission
Housetown, SC 92865"
C35,Claudia Church,rebeccaestes@example.com,(301)904-1651x75441,"49588 Goodwin Corners
East Brian, KS 95896"
C36,Angela Hernandez,joseph98@example.com,(653)926-3582,"3461 Wade Groves
North Aaronchester, UT 55252"
C37,Mr. Adrian Rodriguez DDS,tiffany63@example.net,+1-305-561-6603x2250,"234 Hancock Inlet Suite 515
Priceshire, NE 93836"
C38,Billy Johnson,carriemartin@example.net,001-849-901-2500x147,"PSC 1777, Box 5125
APO AA 77330"
C39,Krystal Burnett,qmccarty@example.org,001-339-693-2539x934,"254 Perry Crest
New Kimberlyside, MH 73898"
C40,Antonio Rivera,matthewwilliams@example.net,001-885-635-0861,"9220 Abigail Ports Suite 417
South Lucas, WY 22102"
C41,Sandra Brown,yroberts@example.org,001-651-381-3452,"9541 Martinez Crossroad
New Maria, KS 93500"
C42,Mark Patel,wmurray@example.org,9602505726,"564 Holmes Drives
Taylorland, WV 17629"
C43,Justin Norton,tfreeman@example.org,001-625-843-9736x71649,"3796 Flores Shore Suite 786
South Laura, IL 94259"
C44,Joel Villarreal,davidleonard@example.net,001-969-920-8700x936,"23380 Gonzalez Underpass Apt. 947
Anthonyburgh, MO 39843"
C45,Raymond Williams,jordanlambert@example.com,(795)574-4608x879,"6971 Harris Turnpike
East Michaelland, IA 97320"
C46,Amy Golden,gking@example.com,(210)860-1505x908,"3272 Wallace Shoal Apt. 863
North Davidmouth, SD 52706"
C47,Matthew Short,rebecca56@example.org,806-507-9416,"67323 Smith Roads Suite 242
Raymondton, MA 17145"
C48,Paul Kennedy,amandadodson@example.com,6873359289,"2187 Roberts Ranch Apt. 272
Thomasburgh, MT 01151"
C49,Anita Molina,mcdanielkyle@example.net,001-919-728-3212,"41550 Heather Canyon
New Jaime, UT 35972"
C50,Grant Castillo,ccasey@example.net,001-525-837-2563x94802,"2357 Smith Valley Suite 309
South Juanview, LA 18888"
C51,John Sanders,heather79@example.net,297.969.5104x956,"2200 Cohen Mission
South Dominique, ID 14820"
C52,Joseph Roberts,achristensen@example.org,001-541-395-5785,"387 Brittany Common
South Catherine, CA 94984"
C53,Kimberly Smith,howardjohn@example.org,001-510-926-5412x26623,"0601 Patricia Common
Samuelborough, MA 49512"
C54,Brad Chen,uhanna@example.org,430.570.2945,"5520 Jones Lake
East Tammie, AS 05560"
C55,Erik Lester,heatherwilliams@example.com,(641)422-2248,"USNS Tucker
FPO AA 57417"
C56,Mrs. Linda Hayden DDS,autumnkeller@example.org,628.397.9292x478,"365 Mitchell Tunnel
North Vickiborough, PW 82821"
C57,Natalie Washington,greenerica@example.net,+1-229-989-0360,"202 Steven Villages
South Nathanielborough, CT 64438"
C58,Anthony Key,leenicole@example.org,932.759.2764,"272 Jones Parkway Suite 598
Curtisbury, KS 30289"
C59,Tyler Ball,paulwhite@example.com,787-352-8167x40806,"64236 West Pines Apt. 029
South Andreaburgh, GA 57865"
C60,Mindy Martinez,williamsstephen@example.org,483-496-2319x86571,"2368 Pittman Road
Gwendolynside, WA 35802"
C61,Randy Odonnell,gilbertbrendan@example.net,451.332.8830,"804 Regina Turnpike
Jenkinsfort, MO 67971"
C62,Tamara Perry,lori28@example.net,001-788-717-9581,"779 Lara Turnpike
Joseton, MO 72559"
C63,Heather Mendoza,gcruz@example.net,(443)218-7829x5121,"2617 Hamilton Light
Michaelburgh, NV 45898"
C64,Jeremy Roberts,moorelouis@example.com,+1-325-395-8652x13165,"8423 Banks Center Suite 222
Stoneton, NV 14107"
C65,Peter Cox,wardaimee@example.net,987.244.7189,"58133 Castillo Station
Smithburgh, PW 96348"
C66,Jeffrey Taylor,cesarrojas@example.net,830-209-5728x82699,"468 Maria Mountain Apt. 204
Greenville, NY 04941"
C67,Rachel Hubbard,davisdanny@example.org,+1-840-229-8689x842,"27899 Dominique Place
Harmontown, MT 15217"
C68,Regina Benton,areynolds@example.org,3336235620,"6730 Skinner Branch Apt. 548
North Cody, LA 56280"
C69,Christopher Schwartz,gabrielle03@example.com,001-520-375-5936,"716 Alexander Common Apt. 306
Whitetown, AK 70209"
C70,Marc Gonzales,davidharmon@example.com,246-713-3609,"4452 Crawford Trace
West Phillip, WA 71207"
C71,Amber Armstrong,kevinthompson@example.net,762-921-4469x511,"108 Pamela Islands Apt. 079
Coreymouth, ME 92725"
C72,David Martinez,deborah70@example.com,600.723.9924,"0590 Carrie Mills
New Anthonyport, NE 87036"
C73,Richard Berg,daniel40@example.com,363-972-6313x555,"787 Oconnor Roads Suite 068
West Julieside, MA 92505"
C74,Donald Ortega,zmartin@example.org,+1-530-947-8538x532,"873 Ramirez Hill
West Ryan, NJ 14004"
C75,Matthew Bradley,pateldawn@example.net,218.530.7992x415,"0377 Wade Ports
Lake Dana, MT 15476"
C76,Colleen King,ngardner@example.com,613.509.0573x15782,"USCGC Smith
FPO AP 11938"
C77,Carlos Smith,stephanie84@example.com,962-985-9760,"0120 Jonathan Summit Apt. 516
New Andrew, ND 09624"
C78,Elizabeth Ortiz,steeledavid@example.com,607.733.7359x0248,"Unit 0648 Box 8776
DPO AE 63590"
C79,Sara Martinez,cynthiacooke@example.com,(548)793-4823x956,"46946 Steven Ports Suite 188
Patelhaven, MN 75295"
C80,Mario Vega,sandra40@example.org,5029774741,"61236 Sanford Branch Apt. 159
Angelachester, NH 27734"
C81,Raymond Weiss,ericberry@example.net,924-541-4360x9811,"25892 Jonathan Landing Suite 635
West Johnchester, FL 08299"
C82,Thomas Williams,mshort@example.net,+1-456-730-8465x69193,"Unit 3411 Box 7594
DPO AE 91810"
C83,Colton Calderon,mary09@example.net,(820)438-8446,"265 Brent Plaza
South Randy, NV 36429"
C84,Dr. Julie Brown,garciasean@example.org,(228)390-7232x888,"56284 Patricia Corners Suite 002
South Josephberg, ME 07463"
C85,Amanda Martinez,kirkkevin@example.org,(826)306-2582x1920,"651 Clark Glen Suite 921
Port Tyler, OK 32323"
C86,Melissa Young,weaverjennifer@example.net,001-656-366-9926x6833,"39051 Robin Run Suite 681
Lake Timothyville, MN 23879"
C87,Rebecca Mitchell,angelarice@example.org,+1-541-360-9251x4495,"6693 Owens Crest
Paulstad, MP 29396"
C88,Jennifer Adams,gcarter@example.net,613-577-5980x45796,"416 Cabrera Mills
Amandaberg, IA 20808"
C89,Lauren Miller,inorman@example.org,440.393.9494x5857,"8067 James Canyon
West Sabrinaborough, MN 33780"
C90,Jody Harris,nicholas91@example.net,(453)763-7491x1180,"997 Nelson Harbor Suite 645
Washingtonbury, AL 59645"
C91,Jeffrey Sanford,fuentesshawn@example.com,289-805-4891x58326,"210 Kathy Springs
West Douglas, MO 08774"
C92,Robert Barnett,ftaylor@example.com,2902901632,"89705 Johnson Turnpike Apt. 306
Whiteborough, ID 47214"
C93,Christopher Lewis,kayla71@example.com,663-488-0654x1733,"106 Angela Stream Apt. 786
Jeremymouth, IN 66850"
C94,Frederick Ramos,qphelps@example.com,537.542.3478,"0215 Wood Ports
New Jeremy, FM 44999"
C95,Michael Harrison,wrobertson@example.net,346.323.0432,"7085 Moore Ways
East Joseph, WV 84113"
C96,Kevin Reyes,heatherevans@example.org,5365385646,"603 Calhoun Shores Suite 371
North Christopherborough, MS 55430"
C97,Edward Reyes,velasquezmeghan@example.org,7726626124,"31055 Pearson Mountain
New Williamville, MS 63666"
C98,Charles Silva,sarah34@example.net,001-483-842-4083x3318,"3753 Dawn Point Suite 044
Gutierrezview, KY 64111"
C99,Richard Robinson,michaellowery@example.org,001-756-624-8739,"83223 Brittany Plaza
West Linda, AR 81318"
C100,Marvin Jones,jessica79@example.org,001-230-962-8369x89515,"56845 Kelly Crossing Suite 451
East Justin, VT 14606"
