customer_id,name,email,phone_number,address
0,Kenneth Zavala,larsoncheryl@example.org,001-688-248-1164x3272,"273 Oconnell Glens Suite 060
East Derrick, OH 24137"
1,Stephen Miller,rferguson@example.org,(286)310-0449,"099 Howard Radial Apt. 212
North Jeremy, WA 83134"
2,Patrick Fuller,smithjulia@example.com,515.969.8568,"816 Bryant Junction Apt. 124
South Crystal, NM 86029"
3,Vincent Mendez,francobrian@example.org,+1-388-728-5170x386,"521 Zachary Port Apt. 040
North Shawn, NH 20746"
4,Suzanne Fuller,richard09@example.com,760.886.5515x198,"82332 Ward Corners
North Jeremyfort, WA 78951"
5,Melissa Schultz,oliverelizabeth@example.net,001-965-739-3397x2154,"7181 Leroy Expressway Apt. 773
Timothyhaven, NM 81918"
6,Paul Jones,ritterjack@example.net,351.461.4246x673,"1856 Moreno Manor
Anthonyton, NY 56571"
7,Isaac Moreno,nicholasgraham@example.org,729-743-8500x982,"1422 Oconnor Lane Apt. 814
Kristineborough, MT 63109"
8,Deborah Arnold,corygarner@example.org,808.427.5799,"6463 Bonnie Shore
New Michaelmouth, DE 47720"
9,Wendy Ayers,cross@example.com,819-714-6183,"52725 Heather Drives
West Danielle, GA 95141"
10,Nicholas Benson,camerondavis@example.com,+1-302-376-5215,"833 Ballard Path
West Tarahaven, MA 94938"
11,Jose Love,james20@example.net,001-906-899-4980x938,"1044 Maxwell Greens Suite 536
Parkerstad, WV 14489"
12,Sandra Hoffman,christophereverett@example.com,001-700-476-4503x7370,"08427 Williams Vista Apt. 144
Roblesside, VI 73834"
13,Kevin Young,ortegajonathan@example.com,995.451.6465x4003,"129 Johnson Cove
Henryshire, HI 44220"
14,Mark Reed,wilsonjoseph@example.net,(262)335-9628x81432,"8676 Kevin Vista
Port Barbara, MP 53563"
15,Angela Rivera,bakercarlos@example.com,(410)716-5692,"455 Fuller Lodge
Thomasberg, CT 12875"
16,William Wilson,josephsmith@example.org,2243513620,"462 Danielle Centers Suite 503
South Dennisfurt, MD 06390"
17,Austin Wells,sestes@example.org,001-930-455-0796x5477,"PSC 8487, Box 4828
APO AE 76380"
18,Michelle Allen,pjennings@example.com,001-954-326-3797,"4012 Byrd River Suite 963
Alexanderton, AZ 05564"
19,Veronica Cook,brian67@example.net,(697)450-6443,"2999 Kelly Orchard
Garyberg, MD 14021"
20,Jeffery Miller,agrant@example.net,570.522.1483x039,"33629 Rhodes Mission Apt. 755
North Aliciaport, PA 25370"
21,Teresa Molina,robertanderson@example.com,426-968-4096x6057,"10162 Trevor Extension
South Markton, VT 66766"
22,Steve Adkins,mcintyrejose@example.org,+1-421-713-0130x9940,"7658 Chen Flats Suite 519
Port Dennistown, MN 48551"
23,Linda Smith,tmartinez@example.com,+1-308-202-8214x631,"7836 Jill Centers
Gordonfort, NM 99888"
24,Lisa Campbell,william53@example.com,796.770.3496,"24000 Tracy Lock
Jillfurt, HI 56061"
25,Mary Gross,katelynjones@example.net,806-537-7929x741,"2420 Nicole Roads Suite 971
Wisechester, NJ 03580"
26,Natasha Brown,wisewilliam@example.org,+1-267-498-6060x7453,"76089 Tate Ports Apt. 050
Lake Cindyberg, AR 23456"
27,Martin Hernandez,robert62@example.org,614.317.5310x18999,"330 Pamela Fields Suite 163
Adrianmouth, MN 38327"
28,Elizabeth Khan,baileypamela@example.com,(263)906-5181x8705,"5481 Jennifer Ports
Hernandezville, FL 59735"
29,Morgan Davis,richard45@example.org,5705232010,"Unit 2574 Box 6407
DPO AE 38124"
30,Carol Davis,zgarcia@example.net,307.356.5034x669,"1231 Hamilton Tunnel Suite 751
Jillhaven, MS 07339"
31,Michael Garcia,rosselizabeth@example.com,(229)570-5686x5130,"3034 Green Meadows Suite 444
Millerchester, CT 31461"
32,Vicki Thomas,jeffreyramirez@example.net,710-908-7476x7524,"284 Sosa Flats
Vickieport, VI 69166"
33,John Escobar,paulwilliams@example.net,6679811621,"80795 Bryan Causeway Apt. 835
Roseton, MO 01040"
34,Becky Blackwell,matthewscurtis@example.com,+1-214-447-3133x906,"91338 Sara Union
Millerview, UT 48876"
35,Amy Patterson,edwardstravis@example.com,690.473.4383x880,"289 Berry Squares Apt. 651
East Daniel, GA 70531"
36,Wesley Pacheco,hdiaz@example.net,+1-773-991-6422x1686,"9863 Courtney Forge Suite 365
Perezview, NY 92815"
37,Lisa Velazquez,davidsonmichael@example.org,944.200.7349x53147,"72341 Ramirez Crossroad Apt. 357
South Georgefort, ND 82211"
38,Steven Wiggins,glevy@example.com,(955)549-2096x09214,"0797 Bonnie Hills
Paulhaven, TX 66678"
39,Shawn Calhoun,april52@example.com,542-750-3412x431,"967 Juan Rue Apt. 451
New David, MN 24831"
40,William Craig,jacoblynch@example.net,778.928.6952x30033,"81455 Dennis Via
Gregoryhaven, OK 96928"
41,Lonnie Norris,gthompson@example.org,286.920.0791,"05741 Bautista Center
East Lindsey, KS 86518"
42,Joshua Jordan,leonardlee@example.com,001-493-239-0550,"57232 Hall Wall Apt. 310
Gaychester, VI 10002"
43,Joshua Brown,norman35@example.com,+1-682-520-9243x432,"5546 Valdez Summit
Medinashire, FL 86059"
44,Eric Weiss DDS,ashley10@example.com,+1-217-304-5978,"6163 Jeremy Prairie
Sheenaborough, FM 29294"
45,Marissa Cooke DVM,nsanders@example.org,256.624.6810,"000 Brittney Ridge Suite 164
Kimberlychester, VI 59469"
46,Sean Campbell,jason94@example.net,001-737-359-8844x894,"8480 Albert Light
Jamesshire, WY 28052"
47,Brian Sullivan,lhudson@example.org,001-931-732-5379,"7990 Mark Extension
West Marc, AZ 92821"
48,Robert Hoffman,zjimenez@example.com,(625)458-8555,"7965 Marcus Island
Sarahshire, NJ 88661"
49,Steven Jones II,georgegeorge@example.com,976.412.3333x12009,"1690 Ferrell Streets
Nelsonfort, MP 98784"
50,Shannon Glenn,emily56@example.com,583.901.8543x645,"893 Lindsey Drive
Erinburgh, KS 16568"
51,James Vaughan,crystalsmith@example.org,(589)394-2375,"0969 Carter Corner
Port Dennis, NY 51263"
52,Whitney Caldwell,katherine54@example.net,(565)458-7085,"37510 Christopher Circles Suite 267
East Suzanne, KY 41844"
53,Ashley Kennedy,dennisquinn@example.org,+1-248-609-5054x2389,"29417 Scott Ways
Port Lukebury, WV 12241"
54,Helen Watson,gfrye@example.org,520.237.9590x6659,"Unit 1749 Box 9377
DPO AA 21238"
55,Elizabeth Ramos,jason44@example.com,229-917-0998x4198,"PSC 0079, Box 0780
APO AE 73875"
56,Kristie Phelps,jeremy01@example.com,(854)458-5450x18353,"USNS Maldonado
FPO AE 60952"
57,Alexandria Rocha,ramirezalexis@example.com,001-687-231-6249x4553,"613 Daniel Manor
East Michelle, AR 99925"
58,Jennifer Nichols,ijohnson@example.org,341-591-4223x38037,"8474 Stanley Village Suite 346
Brownland, IL 52295"
59,John Vasquez,laurenandrade@example.com,(269)919-9802x08625,"247 Anthony Motorway
Port Kyle, ME 93557"
60,Julie Waters,burgessbrandon@example.org,(809)376-2198x031,"968 Lisa Landing
Gomezville, VT 54980"
61,Jose Bond,holtlarry@example.com,621.982.7625x5171,"273 Johnson Island Suite 884
Castroview, OR 42267"
62,Ronald Herring,rogercannon@example.net,+1-590-786-3367x655,"55544 Franco Union Suite 117
South Williamland, MH 86328"
63,John Fischer,jordancody@example.net,329-614-7711x2912,"49429 Joseph Isle Suite 639
North Jordanville, MP 70666"
64,Clayton Wilson,jill38@example.com,001-228-843-6844x12406,"045 Morris Stream
Meyerston, VT 30907"
65,Corey Livingston,jacqueline30@example.com,504.897.5491,"1512 Michael Plaza Suite 188
Williamport, VA 72925"
66,Abigail Wilson,wyatt35@example.com,713-339-3119x4751,"132 Elizabeth Meadow
Austinburgh, MS 66014"
67,Mary Miller,mcphersonjames@example.org,+1-384-712-7477x99223,"004 Cochran Road
Isaiahview, SC 17792"
68,Kaitlyn Martinez,timothypayne@example.com,+1-897-702-8809x489,"4594 Lamb Terrace
Hallmouth, RI 58764"
69,John Adams,mmcdowell@example.org,+1-528-516-0210x7388,"85925 Hernandez Burg Suite 225
Sarafort, FL 17536"
70,Edward Cooper,holtalexis@example.com,(679)459-4829,"26823 Tonya Club
Cherryberg, CO 56268"
71,Barbara Reed,walkerluis@example.net,(306)756-8522x5811,"77533 Ryan Road Suite 098
Nicholasfurt, UT 47428"
72,Michelle Williams,ocombs@example.org,906-347-5121,"565 Morgan Plaza
South Breannabury, NJ 15348"
73,Nancy Day,hayesamanda@example.net,660-528-7950,"42698 Kenneth Heights
Sandratown, WI 89961"
74,Eric Perez,john27@example.net,7436838401,"44074 Wolfe Valleys
Rowemouth, IA 24725"
75,Jennifer Hicks,alexandersummers@example.net,685-734-7453,"5359 Wayne Walks
Victoriaport, KS 05926"
76,Samantha Fisher,nicole75@example.net,(271)575-1078x652,"5504 Russell Mills Suite 162
East Sandraview, WV 47999"
77,Jaclyn Armstrong,martinkaren@example.net,585-811-7260,"412 Andrew Branch
Wellstown, AZ 13167"
78,Sarah Johns,makaylahale@example.net,(254)563-1751,"095 Benjamin Terrace Apt. 549
Donaldside, GU 23298"
79,Michael Sanchez,mariecampbell@example.com,526-479-9657x1117,"209 Andrew Extensions Apt. 117
Mariaborough, RI 10877"
80,Mark Warren,esparzadarren@example.org,(586)959-8665x7518,"97797 Hansen Mills
North Denise, MI 84186"
81,Jacob Perez,norman17@example.net,360-846-2032x591,"2934 Denise Rapid
East Stephen, GU 51667"
82,Ryan Wilcox,crystal57@example.net,780-424-1890,"43064 Tyler Way
Port Caitlyn, FL 09971"
83,Matthew Medina,heatherpowell@example.org,2628822228,"02826 Ward Coves
Hufffurt, SD 92968"
84,James Anderson,castanedamaria@example.com,(237)302-1010x979,"642 Dustin Road Suite 267
New Johnbury, SD 42363"
85,Kimberly Walker,dorothy51@example.org,+1-216-305-0089,"50157 Perkins Courts Suite 066
Connorview, MI 16277"
86,Joseph Johnson,eatoncorey@example.com,817-632-9952,"962 Shannon Spur
Timmouth, TN 20128"
87,Carl Fox,ginaryan@example.org,778.663.9467x3994,"6821 Carroll Wall Suite 134
Davidland, CA 90437"
88,Oscar Watson,nathan18@example.com,758-293-7099,"313 Colleen Via Apt. 982
New Paulafort, MD 40309"
89,Victor Chase,obrienpatrick@example.org,394.882.9797x6720,"156 Kristin Mount
Wilsonfort, IA 01003"
90,Dennis Powell,escobarhenry@example.org,3743725991,"21296 Padilla Mews Apt. 713
West Dustinview, IL 61955"
91,Melinda Estrada,christophermills@example.net,223.516.2886x84715,"200 Heidi Rue
East Jennifer, IA 87339"
92,Jessica Wong,lewisjoshua@example.com,721.296.3564,"211 Smith Corners Suite 867
Lake Steven, NC 73666"
93,Lisa Wade,brownbrittney@example.com,576.758.2799x203,"224 Davis Street
Ruizton, WY 29931"
94,Kelly Mendoza,qholden@example.net,(761)796-7702,"5862 Foster Tunnel Apt. 144
Staceyton, LA 18622"
95,Mrs. Katherine Soto,michelle59@example.org,001-869-481-7995x852,"8277 Cruz Springs Apt. 915
Lake Alantown, NV 18599"
96,Charles Brewer,jacksonrobert@example.com,7615130325,"73879 Holmes Heights
Gordonberg, DE 08499"
97,Jessica Howard,melindalong@example.com,+1-944-351-8473,"2779 James Lock
New Coleburgh, DE 59822"
98,Andrew Rodriguez,seanwhite@example.org,001-300-806-8874x36719,"PSC 8989, Box 8491
APO AE 94947"
99,Brooke Hernandez,hrosales@example.org,983-934-1171x21944,"9124 Ferguson Cliffs Suite 601
Lake Theresa, AS 73457"
