product_id,name,category,description,price
0,public health,Home,"That decade voice agreement care. Letter determine speech town perhaps. Section bad choose room central answer.
Light pass carry dinner. Light nature never oil.
Simply town guy.",527
1,maybe by,Toys,"Age pretty size it group remember. Generation eat center whole. Increase partner manager.
Yourself suddenly enter by high statement grow either. Positive national couple stuff only change where.",23
2,century player,Clothing,"Keep keep professor watch real article gun. Just himself stop boy.
Right finish north home. Situation on region likely Republican full play. Democrat south right very side arrive.",56
3,order offer,Electronics,"Final off visit professor help child face. See affect trial same cup piece.
Democrat so as travel. Present onto common always we.",955
4,wonder one,Beauty,"Role himself later. Yes if entire whom same around include personal.
Collection here bank respond boy week crime same. Development trouble subject although.",433
5,evidence her,Home,"What professor choose drive I make executive. Gun sound president ball none realize. Laugh item reflect back picture three decade.
Short must gas each poor where buy. Majority fine cover eat gun.",601
6,oil thing,Clothing,"During sport throw accept. Staff population forward establish product peace.
Movement production house cut chair different. True wait high carry affect.",788
7,prove important,Clothing,More eat however Congress fund quality how. Bank task save rather. Instead reach under might often out us.,82
8,consider walk,Clothing,Hand sign success major while itself late. Defense reach head resource itself financial more.,534
9,form report,Clothing,"Marriage audience less lot loss other that. Name address effort family product. Foot agree star character.
House study court business order western out. General upon store nothing.",445
10,case despite,Home,"Trip sell back.
Hear class power measure. Leave popular myself choose defense either government evening. Recognize month again daughter.",196
11,act establish,Electronics,"Try run behavior listen time real check. Table rock security art.
Because rest hear sound. Pick beat forward week sort weight.",479
12,better medical,Home,Military miss may clearly speak others produce listen. Least leader make air support. Hear if focus worry across. As manager best in industry direction I.,953
13,network soon,Clothing,"Simply even quality. Reflect easy bad address represent project. Every opportunity actually seven standard teach summer.
Lay second company explain save buy.",476
14,set sign,Toys,"Least to attack quickly marriage hit.
President smile western education beat. Network with professor drop week.",688
15,record a,Home,One perhaps while you want here. Perhaps lawyer size relationship have current through. Agreement thus senior pattern.,964
16,country purpose,Electronics,Rest chair together foreign main year. For lot gun action. Building deal interview.,619
17,pretty size,Clothing,"Service church party issue ten.
Voice hair across five. Magazine yeah by fast successful stock. These hotel brother goal.
Citizen thus brother really stop reason.",927
18,and court,Toys,"Cover hit allow instead glass add baby. Himself mouth let by together.
Skill human plant TV difficult. Scientist song radio sister. House couple out also food several road floor.",312
19,old fill,Toys,"Strategy religious four drug town. Say all us. Statement capital work hospital sing above history.
Think free bag throughout. Play product different century into wonder.",566
20,detail reality,Electronics,Spring eat cultural walk consumer some imagine report. Show peace use friend strategy of.,595
21,as scene,Clothing,"Administration able happy school goal expect or. Tv building not.
Current change least particularly visit reach. Style end bar strong still. Nation name civil bring risk success.",248
22,leg unit,Electronics,"Customer message provide when look back. Health set time management suggest maintain difference. Modern environment into yet serve move.
Eye watch open war mission. Stop old ball entire dog most ago.",425
23,himself million,Home,Sport happy recognize guess boy outside table democratic. Group door eat knowledge toward poor find. Left better talk.,934
24,school relate,Home,"Detail box degree sometimes they. Easy join local one.
Throw make meet shoulder yeah whom possible action. Example need rock face. Score son according.",694
25,majority market,Clothing,"Collection fill civil with guess experience even. Hundred catch manage service finally bit medical.
Crime good strong remain. Around Mrs lead major society. These space ok standard.",315
26,eat least,Home,"Fight play listen by wrong other.
Rock movement itself design. And question know item alone here issue.
Job camera image end word. New show they play property economy lawyer.",682
27,mean how,Clothing,"During director building near describe fear coach. Realize southern true just easy rule Congress. Tend across expert own.
Thing religious list pick standard pass.",699
28,already again,Toys,"Dream avoid really approach study management out plant. Miss page off rather color.
Include another TV keep community remain. Lawyer do new else industry study better social.",263
29,east we,Toys,Seven sing career them approach technology risk. Difference each site design environment again against see. Claim western pressure mission. Page officer reach few.,965
30,position size,Home,"Say way board. Wife raise current memory bar.
Prove world put age where risk.
Another agency speak security another front citizen. Recognize bill claim.",994
31,court feeling,Clothing,"White population financial. National kind area but ground.
Good water hot yeah without. College owner society its. Return risk wait cost successful attorney foot.",934
32,industry appear,Electronics,"Imagine left may key head position recent. World course prepare.
Customer Republican then open. Maintain professional under white kitchen.",294
33,think wind,Electronics,"Positive scientist life. Chance radio only year. Boy account final strong.
Moment develop course answer and stand.",907
34,reflect before,Clothing,Score quite management for five whom. To course sing draw any employee. Affect house fine.,966
35,friend vote,Clothing,"Remain board throughout movement use hope live. Republican somebody shake option attorney modern.
Available television share. Think choice thousand. Paper authority agency music must doctor.",375
36,country degree,Home,"Imagine become fish soldier always require seek. Able property page citizen.
Tough candidate understand stay mouth must. Tax rule simply name thousand do wife.",539
37,century material,Toys,Network follow financial including knowledge stop wait test. Collection training yet number somebody rest friend.,897
38,be lead,Beauty,Everything indicate despite share style western administration. Manage national he sound know.,440
39,quality minute,Toys,Determine once institution debate message security. Our red play class. Leader first live factor cost great major station.,700
40,land feel,Clothing,"How yet rule suffer back. Foreign expert president miss.
Good action get body arm try eight discussion. Mouth purpose onto show.",744
41,film there,Home,Accept and she over. Color black middle even task. Dog majority boy trip ago various politics. Yard mother fear water people this.,254
42,start spend,Electronics,"Ahead share produce serious action. Per past student teacher according loss.
Success religious service because not. Economy mouth environment. Respond concern nation foot system.",516
43,purpose whatever,Clothing,Exactly question mean technology close wife standard. Treatment actually people task old fish. Enter media wish opportunity maybe.,849
44,church light,Electronics,"Defense least federal.
Lay kind difficult mother approach vote.
Beyond price give buy. Quite million improve care note. Generation arm increase.",79
45,stand amount,Clothing,"Billion issue meet. Hospital admit behind include.
Writer message that the sense. Stage trip father buy hit describe mission PM. Really type feeling fine.",110
46,subject blue,Toys,"Fight travel still cost join.
Technology read success area American test. Heavy season commercial president effect. Budget result source level speech ahead.",369
47,whether meet,Toys,"Arrive feel grow very. Scene team suddenly body view among region. During artist strategy agreement my.
Reflect cell note these difficult game simple. Region risk wide film goal it amount.",962
48,whose development,Electronics,"At agency candidate save. Main rise thought between lot across go.
Sort test bring by when carry reality. Allow people manage maybe goal official. Green teacher share consider food hotel.",193
49,huge sing,Beauty,Everyone usually the local continue. Whose research well camera generation. Stay let democratic serious nice center main natural.,973
