customer_id,name,phone_number,address,plan
C001,Laura Adams,812.501.5371,"0582 Baker Fall
Angelahaven, PW 05852",Prepaid
C002,Jill Cook,001-364-995-0287x73620,"297 Alan Ranch Apt. 917
New Nicole, RI 07589",Postpaid
C003,Meghan Meyer,(491)798-6932x19526,"29438 Chavez Street Suite 585
Desireebury, MA 27654",Prepaid
C004,Chase Stone,854-219-1604x5904,"5415 Davis Run
Jeremychester, AK 67093",Postpaid
C005,Lynn Cook,590.690.4116x8769,"66829 Torres Squares Apt. 989
Lake Kevin, VA 25006",Postpaid
C006,Haley Vance,001-586-433-0936,"6872 Charles Center
Amberburgh, NY 99873",Prepaid
C007,Pamela Brown,8618847052,"69314 Chase Course
Jonestown, WV 81488",Postpaid
C008,Katherine Banks,947.425.7556x72021,"Unit 1686 Box 9473
DPO AA 30095",Postpaid
C009,Lucas Gilbert,4124639403,"PSC 1329, Box 4592
APO AP 55960",Postpaid
C010,Katherine Bell,(910)658-2349,"7671 Jonathan Alley
East Margaret, SC 58030",Prepaid
C011,Lynn Graham,(628)432-8787x6420,"0074 Rivera Plain Suite 869
South Ronald, PW 70327",Postpaid
C012,Isabella Rojas,001-617-512-4282x409,"1599 David Ways Suite 968
Juanhaven, ND 19085",Prepaid
C013,Ashley Rodriguez,4023424583,"4935 Mcguire Meadows Suite 955
New Brandonberg, LA 12798",Postpaid
C014,Richard Petersen Jr.,912.877.9573x08252,"74762 Becky Point Apt. 798
New Jamestown, HI 78464",Prepaid
C015,Eric Mcintyre,(713)960-7734,"Unit 5931 Box 8351
DPO AP 48200",Prepaid
C016,Vincent Perez,932-634-9813,"6259 Wright Bypass Suite 194
Port Meagan, MO 79840",Postpaid
C017,Sue Ryan,(479)418-1751x6561,"0020 Craig Spur Suite 858
North Paulville, OH 27056",Postpaid
C018,Ann Baker MD,9446225513,"426 Parker Springs Apt. 048
East Katherineburgh, KS 57704",Prepaid
C019,Anne Newton,001-917-719-4294x0992,"637 Brian Rue Suite 396
Tammyhaven, ND 31376",Prepaid
C020,Cameron Wagner,(439)823-9951x0159,"765 Jose Union Suite 479
East Eric, LA 65704",Postpaid
C021,Jose Thomas,779.883.4091x095,"21786 Schwartz Motorway Suite 625
North Kurt, OR 83904",Prepaid
C022,Lisa Harris,+1-645-372-0249x8974,"31105 Jamie Streets
Danielmouth, NC 24977",Prepaid
C023,Kevin Jones,(431)357-1882x038,"43327 Elijah Cliff
South Tamiport, MO 70663",Prepaid
C024,Allen Huffman,524-395-3469x82281,"PSC 6591, Box 4378
APO AA 41769",Prepaid
C025,Mark Walsh,(928)776-3415x717,"USS Blake
FPO AE 04684",Postpaid
C026,Laurie Rodriguez,001-880-527-5389x624,"1101 Kramer Plain Suite 508
Matthewtown, ND 13872",Prepaid
C027,Ashley Higgins,+1-704-241-6622x711,"197 Miller Turnpike
Alexville, WY 17011",Prepaid
C028,John Deleon,001-494-564-8045x72961,"3728 Mary Spring
Tinamouth, MA 12651",Postpaid
C029,Tina Bowen,826-811-8458x51869,"024 Kathleen Skyway
Lisahaven, VT 12166",Prepaid
C030,Perry Thompson,458.834.9085x2495,"PSC 5221, Box 6687
APO AP 66596",Prepaid
C031,Theresa Kim,624.878.8947,"29206 David Bridge
Perrybury, OR 47230",Postpaid
C032,Joanna Powell,206-559-1306x502,"6180 Sarah Roads
Olsenfurt, AZ 07923",Postpaid
C033,Brenda Cook,(830)674-0051,"76428 Glover Fall Suite 702
Hallborough, KY 07278",Postpaid
C034,Carla Huang,(961)325-5856,"04994 Steven Passage Apt. 713
Lake Kristineshire, MN 79197",Prepaid
C035,Nicole Ortiz,(784)394-8866,"2815 Russell Valley Apt. 901
Annafurt, VA 50220",Prepaid
C036,Shawn Williams,568-383-3509x8636,"43230 Lindsey Port Apt. 248
West Kristaport, NJ 69907",Prepaid
C037,Scott Howe,001-592-483-1068,"USNS Matthews
FPO AE 87535",Prepaid
C038,Steven Lee,368-300-0197,"37816 Jones Garden
Danielburgh, FL 35160",Prepaid
C039,Charles Morales,001-724-611-2614,"419 Jennifer Park Apt. 558
Mitchellberg, NV 30573",Prepaid
C040,Julie Higgins,(288)286-5096x9120,"9713 Nichole Oval
Daltonshire, OH 72829",Postpaid
C041,Brian Ward,964.655.2015x9301,"0447 Madeline Manor
East Melissaview, GU 52359",Postpaid
C042,Anthony Wilson,214.371.6447,"0644 Fletcher Manor Apt. 656
Scottfort, DE 45935",Prepaid
C043,Mark Choi,5724013478,"898 Thomas Mill Apt. 047
South Timothy, WI 06310",Postpaid
C044,Taylor Hubbard,694-733-0797,"74163 Michael Ports Suite 397
Richardport, VI 96275",Postpaid
C045,Alex Newton,5574061741,"51165 Willie Harbor Apt. 500
Fosterstad, NH 09551",Postpaid
C046,Jamie Foster,+1-255-579-7355x15057,"27083 Eric Throughway Suite 001
Port Jeffreyview, DC 61677",Postpaid
C047,Julie Hansen,001-816-996-3831,"7863 Levy Club
Cindychester, NV 27498",Prepaid
C048,Cole Palmer,690.807.0686x08204,"4918 Reeves Ports
Alexland, GU 87962",Postpaid
C049,Debra King,001-798-922-0110x9984,"9542 Kristina Hills
Househaven, AK 47135",Prepaid
C050,Kimberly Morrison,(500)757-8841,"8762 Kimberly Circles
Port Bettyberg, CO 39171",Postpaid
C051,Jay Cobb,865.223.0346x026,"225 Donaldson Common
South Philip, NE 45016",Postpaid
C052,Cheryl Gibbs,838.870.0402x392,"907 Stephens Trafficway
Lake James, MI 23740",Prepaid
C053,Amy Long,473.555.1401,"2907 William Mountain
Port William, ID 69050",Postpaid
C054,Ann Cohen,6527740431,"545 Myers Freeway
North Tiffany, SC 49457",Prepaid
C055,Richard Jordan,290-215-0534x24710,"494 Tina Village
Wellsstad, CO 14726",Postpaid
C056,Rickey Harrington,219-581-4000x13755,"18018 Adam Walk
Jasontown, PW 71307",Postpaid
C057,Kristy Sanders,(979)918-3901x856,"754 Brian Locks Suite 644
Jorgemouth, MA 34687",Prepaid
C058,Cory Kelley,001-461-401-7398x171,"USS Campbell
FPO AA 83697",Prepaid
C059,Bethany Martinez,001-784-577-3042x0971,"805 Tate Lock
East Tylerberg, MT 83914",Postpaid
C060,Amanda Manning,842-660-7343,"0833 Elizabeth Drive Suite 907
Bethshire, TN 46783",Postpaid
C061,Clinton Hester,505-215-8054x56380,"34319 Arnold Stravenue Apt. 340
West Michael, AS 61180",Prepaid
C062,Angela Mendez,(411)353-0048x0586,"067 Guerrero Shore Apt. 097
New Shannon, GA 17582",Postpaid
C063,Taylor Cook,576-593-0494x7871,"645 Brown Highway
New Kimberlyberg, UT 73922",Postpaid
C064,William Robinson,675.614.1859,"Unit 5051 Box 7430
DPO AP 06330",Postpaid
C065,Dawn Tran,(905)433-9211x49973,"38398 Lonnie Brooks
Lake Lucas, MI 57133",Postpaid
C066,Rachel Owens,(531)303-4229x9910,"563 Smith Mountain Suite 072
East Nicholasfort, IA 39004",Postpaid
C067,Stacy Barnett,584.641.5129,"4372 Brown Squares
Port Richardville, KY 52836",Postpaid
C068,Alexander Coleman,(715)818-4744x490,"885 Lee View
Curtistown, HI 60333",Prepaid
C069,Emily Santos,295-845-8448x89819,"736 Jeffrey Trail Suite 420
Adamshire, IL 49615",Postpaid
C070,Larry Alvarado,(850)820-0341x7642,"0182 Delgado Port Suite 621
Alexanderport, UT 37628",Prepaid
C071,Stephen Whitaker,632-809-7769x51849,"7895 Tran Parks
South Meganchester, MH 53840",Postpaid
C072,Jared Bell,7614838106,"8715 Johnson Port
East Nicolasburgh, NM 98325",Prepaid
C073,David Nash,001-570-628-9343,"45714 White Underpass
West Peter, ND 80310",Postpaid
C074,Mary Cortez,001-464-722-0679x08505,"8833 Phelps Inlet Suite 390
Port Joelview, NJ 46082",Postpaid
C075,Bethany Morgan,7655832574,"0436 Adams Crossing
East Tammyfurt, RI 08185",Prepaid
C076,Timothy Gibson,2707063514,"52589 Amanda Club
Port Susanberg, NY 93815",Prepaid
C077,Austin Taylor,+1-771-956-7572x774,"798 Veronica Crescent Suite 128
Jonesstad, CO 32980",Prepaid
C078,Susan Page,221-699-5505x0559,"756 Page Knoll Apt. 682
Mooretown, GU 72211",Prepaid
C079,Stephanie Taylor,701.755.8158x270,"914 Jacqueline Rapids Apt. 305
Leeville, NH 53169",Postpaid
C080,Christina Williams,(302)599-5399x889,"689 Johnson Mountains Suite 002
South Williamside, AZ 29782",Postpaid
C081,Rachel Kline,(365)342-4588x0677,"66991 Sanchez Field
New Carolyn, OR 05966",Prepaid
C082,Gina Blackwell,(772)643-7171x67837,"9515 Perez Field
South Abigail, UT 31174",Postpaid
C083,Kelli Gonzalez,798.305.1475,"84245 Martin Ridge Suite 621
Williamville, WY 95300",Prepaid
C084,Margaret Stevens,206.909.0547,"2928 Fisher Highway
Amandaborough, NV 51586",Postpaid
C085,Kathy Thomas,813-784-1985,"79725 Kyle Pike
Lake Ryan, CO 52182",Postpaid
C086,Rachel Taylor,975.438.8796x19452,"22165 Moreno Course Apt. 121
Michelleborough, AS 43957",Prepaid
C087,Ryan Tran,(835)208-9171x1974,"9703 Bethany Groves Apt. 394
Thomasview, UT 30373",Postpaid
C088,Kristi Williams,(455)639-3554x40388,"3336 Elizabeth Cliff Suite 711
Hardyville, OH 44353",Postpaid
C089,Jesse Wright,571-834-3201x012,"28598 Davis Pike
New Keith, NM 25085",Postpaid
C090,Suzanne Young,286.346.9872,"09841 Torres Plaza Suite 898
South Colleenstad, MD 40559",Prepaid
C091,Joseph Owens,001-808-502-6170x361,"1749 Brown Rue Suite 619
Davisbury, FL 42187",Prepaid
C092,Susan Jordan,9658797056,"567 Dawn Coves Apt. 883
Lake Albertland, OH 57576",Postpaid
C093,Patrick Wolf,843-348-0907,"998 Quinn Mall
Port Sarah, CO 72489",Prepaid
C094,Travis Collins,001-427-499-8644x8743,"Unit 3993 Box 4740
DPO AP 07934",Postpaid
C095,Manuel Oneill,880-729-7475,"4403 Benjamin Village
New Kyletown, LA 41255",Postpaid
C096,Helen Brown,209.886.7589x7417,"7255 Young Ways
North Caitlin, IL 57450",Postpaid
C097,Benjamin Baldwin,(978)320-8814,"8725 Miller Haven Suite 084
South Juan, OH 50913",Postpaid
C098,Samantha Scott,001-472-756-2118x55077,"26242 Bobby Skyway Suite 589
Bryantton, WI 86360",Prepaid
C099,Kurt Watson,924-506-4680x15435,"486 Amanda Forges
East Stevenshire, IN 23476",Postpaid
C100,Katie Orr,001-291-629-8484x1818,"4454 Lauren Dam
New Feliciaburgh, PA 58490",Prepaid
C101,Tony Gonzalez,001-849-627-0632x33064,"USS Simmons
FPO AA 83949",Prepaid
C102,Teresa Campbell,230-685-2676x43013,"972 Stefanie Forks
Port Virginiafurt, MT 92626",Postpaid
C103,Amber Mccarty,491.503.3657x299,"90307 Craig Landing Apt. 395
South Adamton, MD 94058",Prepaid
C104,Amanda Thompson,+1-518-210-1675,"Unit 2879 Box 3740
DPO AP 89586",Prepaid
C105,Ashley Brown,(650)299-2548,"3060 Peterson Drive Apt. 342
South Chad, IN 03553",Prepaid
C106,Jennifer Obrien,3463903396,"1012 Davis Circle Suite 029
East Barbara, MA 69343",Prepaid
C107,Misty Shaw,390.424.0290,"USCGC Small
FPO AP 86763",Prepaid
C108,Roberto Sanchez,993-905-9768x412,"9351 Richard Unions
North Shelbyview, NC 26088",Postpaid
C109,Emily Price,864-969-1223x58429,"37200 Daniel Dam
Youngport, MN 94847",Postpaid
C110,Bethany Willis,(960)749-8585x662,"86817 Sanchez Drive
East Michael, PW 91540",Postpaid
C111,Aaron Wolf,(741)328-4563x82645,"60271 Shah Burg
Fernandoborough, VI 64247",Postpaid
C112,Anthony Green,631-364-5086x30612,"2885 Katherine Spurs
Chasestad, MO 20317",Prepaid
C113,James Smith,265-727-3521,"2853 Chen Place
Port Jessica, WI 12833",Postpaid
C114,Charles Obrien,001-755-426-9688,"61156 Steven Ridge Suite 290
Lake Jeremiahburgh, WI 41816",Postpaid
C115,Caitlin Martinez,201-531-5024,"2415 Melissa Pass Suite 843
Jenniferhaven, WA 34211",Postpaid
C116,Eugene Evans,+1-974-742-5178x0490,"715 Ellison Manors Suite 581
South Lisaburgh, KY 77626",Prepaid
C117,Colleen Castro,675-418-8552x1093,"8520 John Mills Apt. 814
New Bianca, NC 97062",Prepaid
C118,Lawrence Harrison MD,5626953963,"650 George Coves
Port Keithburgh, MD 85689",Postpaid
C119,Michael Knight,(591)607-7508x4142,"3863 Rogers Underpass
Clarkmouth, SC 57410",Prepaid
C120,Vanessa Brown,385.815.3311,"390 Randall Stream Suite 234
Lake Joanneburgh, LA 08343",Postpaid
C121,Haley Graham,001-820-782-1072x980,"07928 Mark Passage
Lake Victoriaport, MI 47715",Prepaid
C122,Mary Porter,001-566-690-8748x131,"295 Palmer Dale
North Vickie, AL 94819",Prepaid
C123,Amber Parsons,(732)448-5739,"855 Cindy Village Apt. 602
Simpsonland, VA 08121",Postpaid
C124,Makayla Mclean,(503)856-6706x25571,"85114 John Forges Apt. 306
Debrafurt, OK 28818",Postpaid
C125,Richard Brown,572-495-6454x348,"03972 Rodriguez Coves
Andersonburgh, AS 60980",Postpaid
C126,Bryan Hill,8364808590,"Unit 9832 Box 3663
DPO AA 14559",Postpaid
C127,April Leonard,782.667.5131,"USS Benjamin
FPO AP 26054",Postpaid
C128,George Ford,869.523.0159x8621,"32578 Collins Square Apt. 648
New Kenneth, IA 44170",Prepaid
C129,Daniel Thompson,(959)696-3382x0930,"3133 James Cliffs
Sarachester, NH 81852",Postpaid
C130,Meghan Cantu,893.647.0327x60730,"320 Tate Drives
New Robert, AK 86687",Prepaid
C131,Steven Carr,001-579-251-5113x270,"5362 Steven Highway Apt. 938
North Matthewshire, LA 55985",Prepaid
C132,Christopher Elliott,(638)658-9320x52662,"01079 Jeffrey Drive
Dianemouth, DC 49997",Postpaid
C133,Javier Henry,9216265510,"93662 Richard Ferry
Wolfechester, NC 92571",Prepaid
C134,April Goodwin,475.786.2670x714,"1629 Valerie Lakes
Ewingchester, PR 92009",Prepaid
C135,Brent Moore,838-951-4051x6045,"42479 David Pines
Ortizville, RI 67186",Postpaid
C136,James Sexton,4353343740,"341 James Streets
Fischerchester, PR 63179",Postpaid
C137,Ariel Campos,001-921-372-4499x53808,"84066 Sims Squares
West Kaylaview, KS 45675",Postpaid
C138,Thomas Morales,3914396240,"59680 Charlene Dam
Wrightberg, MA 03511",Postpaid
C139,Christine Wallace,(671)246-1371x37525,"675 Amanda Trail Apt. 912
Cookbury, MP 63487",Postpaid
C140,William Shah,001-588-660-2573x67489,"81019 Michael Neck
Karenfort, VI 07277",Prepaid
C141,Alyssa Christensen,999-619-8856x7107,"94627 Brandon Meadow Apt. 260
Johnland, NM 70540",Postpaid
C142,John Conner,001-218-625-0356,"27445 Kelly Parks
Whitemouth, GU 64877",Prepaid
C143,Jordan Johnson,+1-406-331-6405x14400,"67602 Sherry Plain
Amyton, CA 43152",Postpaid
C144,Sarah Frank,(551)408-8783x94827,"30196 Shane Ridge
Lake Kylechester, NE 62895",Postpaid
C145,Danielle Smith,475-979-9949x9407,"242 Lloyd Greens
Lake Briannaview, ID 11990",Prepaid
C146,Christopher Stein,782.950.2801x146,"6935 Barbara Knolls
Derrickshire, NC 94917",Postpaid
C147,Anthony Cantu,9514207951,"493 Nancy Stravenue Suite 342
Christinaburgh, IA 61146",Prepaid
C148,Edwin Carter,830-699-5723x35246,"18502 Erika Plaza
Estradahaven, IL 01436",Postpaid
C149,Anne Boyd,+1-512-988-1862x33582,"52374 Kelsey Flat Apt. 968
Port Cheryltown, VA 02359",Prepaid
C150,Shaun Morton,229-639-2432x96461,"USCGC Kramer
FPO AP 08950",Postpaid
C151,Jennifer Burns,759.666.3373,"8985 Perez Village Suite 936
Atkinsmouth, MA 12656",Postpaid
C152,John Norris,(857)769-4470x6663,"58737 Kayla Manor
East Rachel, PA 59552",Postpaid
C153,Stacy Gibson,(727)646-6171,"716 Natalie Junction
Jacksonberg, MO 74271",Postpaid
C154,Sandra Bell,001-728-850-9475x67229,"4400 Joseph Harbor
Elizabethstad, DE 44115",Postpaid
C155,William Patterson,001-640-637-8590x09507,"57361 Travis Glens Suite 638
Port Carolyn, MI 54702",Postpaid
C156,Mr. Jacob Walker II,7613454570,"351 Hall Plains Suite 347
Sanchezfort, PR 09649",Postpaid
C157,Barbara Esparza,8362388011,"243 Gregory Drives Apt. 163
Laurenmouth, GU 14833",Prepaid
C158,Amanda Oliver,001-295-417-1863x03519,"5305 Erika Dale Apt. 248
West Curtisfort, MT 71770",Postpaid
C159,Philip Farrell,(528)904-6917x6134,"USNV Larson
FPO AA 63950",Prepaid
C160,Donald Kidd,(531)524-2881x2818,"43885 Theodore Plains Suite 260
West Alexisfurt, MA 39025",Postpaid
C161,Jessica Carter,(222)318-2427,"0917 Medina Ranch
Halechester, FL 11010",Prepaid
C162,Melissa Ritter,575.782.9919x789,"47954 Heather Common
North Ericberg, NY 32546",Prepaid
C163,Benjamin Turner,(438)698-5632x0987,"75723 Stephanie Passage
Cesarport, IN 20421",Postpaid
C164,Jeffrey Mcdonald,303.258.8786,"PSC 6530, Box 0002
APO AE 59299",Prepaid
C165,Victor Morales,(313)363-4651x602,"Unit 2032 Box 4492
DPO AA 15910",Prepaid
C166,Gregory Kelly,368.373.3620x769,"383 Joseph Field Apt. 491
South Robert, OK 87195",Postpaid
C167,Brian Ramirez,349.725.7847x8694,"977 Kelly Light Suite 648
West Michael, TN 62767",Prepaid
C168,Charles Kane,969-659-9487x85064,"65373 Reynolds Shores
North Victorshire, SD 15577",Prepaid
C169,Theresa Hart,001-706-783-3814,"25809 April Street Apt. 301
North Amandaland, NY 40739",Postpaid
C170,Cody Johnson,+1-353-490-2380x67346,"4077 Thomas Mountain
Ryanbury, OK 46931",Postpaid
C171,Deborah Hanson,3446724442,"2822 Henderson Circle Apt. 862
North Edward, AR 54882",Postpaid
C172,Emily Moreno,915.434.5744x6001,"88779 Green Club
South Jennaton, CO 13180",Prepaid
C173,Richard Townsend,761-626-4690x8501,"5359 Jacobs Mount
South Kellyfurt, FL 13068",Prepaid
C174,Frank Logan,+1-894-273-1222x32376,"295 Lisa Prairie
Collinmouth, TX 30029",Prepaid
C175,Desiree Manning,(241)955-9956x29842,"286 Kenneth Mill Apt. 136
Timothyland, NE 98133",Prepaid
C176,Patrick Adams,585.957.5728x187,"59707 Daniel Path Apt. 906
South Kristen, IA 98922",Postpaid
C177,Kara Roberts,+1-594-643-0941x788,"759 Christopher Spur Apt. 134
Port Anthony, CA 28159",Prepaid
C178,Rebecca Thomas,993.507.4485,"709 Scott Streets Suite 322
Lake Andrea, MP 27239",Postpaid
C179,Lindsey Smith,(359)541-4782,"3438 Cook Stream Suite 600
North Michaelberg, NJ 21505",Postpaid
C180,William Daniels,7646761976,"68014 Tracy Meadow Apt. 467
Christopherburgh, NV 53343",Postpaid
C181,Amanda Black,459.670.2527,"2446 Robert Street
Port Edward, CT 07909",Prepaid
C182,Daniel Hardin,853.792.1605x61972,"7063 Moore Extensions Suite 801
Port Alexandra, RI 16807",Prepaid
C183,Benjamin Meyer,(284)593-3050,"46032 Armstrong Isle Suite 285
South Sheryl, KY 79613",Postpaid
C184,Matthew Kramer,(514)891-2665x785,"13559 Peters Inlet Suite 988
Port Thomasland, AZ 91396",Postpaid
C185,Courtney Thompson,7147059637,"3350 Dawn Club
Greeneborough, GA 63306",Prepaid
C186,Nichole Rice,2853627602,"017 Phillips Points Suite 263
Allisonland, WI 57878",Prepaid
C187,Courtney Soto,+1-754-411-8235x81304,"9551 Jasmine Place Suite 939
West Brittneybury, KY 84027",Prepaid
C188,Christina Dougherty,7036064371,"60682 Elizabeth Ville
North Doris, VI 66481",Postpaid
C189,Christopher Murphy,(204)559-6860x440,"25272 Melissa Fords
Port Kathryn, OR 92152",Postpaid
C190,Thomas Watkins,001-404-639-2480,"06583 Kevin Burg
Port Donnaton, HI 65169",Prepaid
C191,Robert Byrd,870.318.9237x4222,"578 Li Road Suite 397
Lake Vincent, OR 33262",Postpaid
C192,Eduardo Thomas,(649)255-1843,"USCGC Ford
FPO AE 35784",Prepaid
C193,Monica Brown,(925)417-5300x789,"746 Jason Plaza Apt. 654
West Kimberly, CT 49804",Prepaid
C194,Raymond Garcia,+1-699-742-0660x47911,"28969 Hannah Freeway
East Colin, VA 00681",Postpaid
C195,Joseph Santana,927.780.3219x000,"0606 Olivia Summit
North Mollyfort, IN 51182",Prepaid
C196,Allison Miller,+1-309-922-0750x86635,"251 Russell Track
East Ricardotown, MN 62253",Prepaid
C197,Lori Jones,274-703-3851,"92736 Kennedy Track Suite 406
Port Michaelfurt, RI 04017",Prepaid
C198,Carla Roberts,255-518-7015,"66333 Frederick Freeway
North Jameshaven, IA 56171",Postpaid
C199,Michael Perry,3808456038,"875 Simpson Passage
New Davidshire, NE 85449",Prepaid
C200,Catherine Barker,2877425035,"73431 Sosa Expressway Suite 074
Port Dalestad, MO 46126",Prepaid
C201,Sheila Rodriguez,+1-571-955-2979x17248,"9013 White Mount Suite 851
Port Ryan, MP 36524",Prepaid
C202,Jeffrey Butler,501.314.8372,"093 Jones Islands Apt. 886
Parkerview, TN 47215",Prepaid
C203,Nicole Walker,001-396-701-7083x2950,"00454 Joseph Port
Wagnerfurt, LA 61420",Prepaid
C204,Amy Smith,+1-822-499-1647,"47608 Diana Stream Apt. 427
Lake Ronald, LA 82284",Prepaid
C205,Lisa Bray,847-380-7592x499,"452 Joseph Cove Apt. 856
Lake Felicia, PW 55342",Prepaid
C206,Andrew Thomas,497.616.1554x56516,"313 Harmon Mill Apt. 497
North Brianville, MD 07058",Postpaid
C207,Jeremy Hartman,3188488512,"88790 Patrick Groves Apt. 637
Rodriguezfort, ID 62530",Prepaid
C208,Jason Cameron,899-339-7166x512,"Unit 8408 Box 3359
DPO AE 60470",Prepaid
C209,Darren Martinez,+1-712-417-1250x855,"3879 Daniel Mountain
South Kyleshire, GU 71271",Prepaid
C210,April Cruz,(694)611-0453,"515 Byrd Highway Apt. 538
East Tyler, NH 93667",Postpaid
C211,Mr. Willie Long,(240)321-5816,"72987 Green Summit
Alvarezfurt, NH 37875",Postpaid
C212,Sarah Hudson,378.935.1710,"7154 Michael Drives
Stevensport, MI 78867",Prepaid
C213,Pamela Peters,6339152675,"6020 Tyler Fords
Pearsonland, OH 60189",Prepaid
C214,Angela Ramirez,468.811.2471x6728,"3674 Hughes Light
Port Alexandra, SD 09840",Prepaid
C215,Andrew Gilbert,7995934112,"0360 Edwin Stravenue
Fuentesport, AZ 55783",Prepaid
C216,Henry Jones,+1-981-661-9763x45573,"489 Kyle Glen
New Carla, AL 40504",Postpaid
C217,Mrs. Jennifer Trujillo,(629)365-8756x33163,"98321 Kathryn Fall
Blanchardport, MA 04291",Postpaid
C218,Breanna Brady,001-381-219-3129x518,"0864 Mike Expressway
New Teresa, WI 70784",Postpaid
C219,Jasmine Diaz,(315)832-3820,"PSC 1300, Box 8501
APO AE 03757",Postpaid
C220,Hunter Graham,324-591-3536,"99763 Ronald Estate Apt. 829
Shawnfort, CO 76952",Postpaid
C221,Edward Mcmahon,001-431-845-0017,"USNV Black
FPO AP 57335",Postpaid
C222,Curtis Gonzalez,300.297.8259x165,"PSC 6179, Box 2624
APO AE 22634",Postpaid
C223,Anthony Lane,5248371643,"7266 Cox Mountain
West Laurastad, AR 67400",Postpaid
C224,Donald Powers,(996)518-6056x43856,"21766 Gonzales Mission
Longstad, ND 55446",Postpaid
C225,Jessica Watson,9738637645,"8505 Sparks Manors Suite 536
Markton, LA 40445",Postpaid
C226,Sonya Torres DDS,001-872-958-7673x035,"66141 Michael Isle
North Emilyport, MP 72126",Prepaid
C227,Antonio Robinson,921-345-0756,"204 Chandler Flat Apt. 967
East David, CT 81277",Prepaid
C228,Courtney Mckinney,8762233520,"119 Hernandez Harbor
Robertborough, NJ 05027",Prepaid
C229,Joseph Lopez,+1-211-962-2028x79809,"PSC 2335, Box 6953
APO AA 14963",Postpaid
C230,Stacey Burgess,(259)805-1747,"097 Adrienne Canyon Suite 160
Lake Kimberly, MN 59418",Prepaid
C231,Angela Turner,+1-588-229-0421x64625,"878 Samantha Cliffs Suite 243
North Catherine, ND 53921",Postpaid
C232,Michelle Green,4437951045,"094 Williams Streets Apt. 780
West Mackenziemouth, SD 49050",Prepaid
C233,Mary Anderson,001-763-798-5337x32334,"7138 Jonathan Club
Johnsonville, CO 91022",Prepaid
C234,Elizabeth Smith,866-556-4420,"790 Hernandez Street Suite 199
South Mandybury, DC 78362",Prepaid
C235,Rachel Hernandez,7458271290,"14359 Joseph Green
South Lisa, PW 60383",Prepaid
C236,Elizabeth Schneider,622.608.0832x05591,"494 Janice Gateway Apt. 469
Hickmanhaven, HI 66372",Prepaid
C237,Jody Wallace,983.347.3314,"555 Maria Loop Apt. 141
Alexandermouth, UT 28017",Postpaid
C238,Victoria White,(715)325-1156,"1930 Peters Bypass
Bartonbury, ME 25120",Postpaid
C239,Miranda Cox,+1-298-282-2193x423,"8850 Fuller Flats Suite 923
Mckeeland, MD 52188",Postpaid
C240,Matthew Kelly,3058251985,"33538 Jordan Orchard Apt. 565
New Lynnfort, MT 29338",Postpaid
C241,Stephanie Hicks,800-408-6154x1443,"035 Richardson Flats Suite 696
Hartport, AK 78391",Postpaid
C242,George Garrett,(355)730-1895x32159,"91867 Fischer Islands
North Leslieton, DE 01393",Postpaid
C243,Cynthia Johnson,001-422-990-3826,"4052 Murray Summit Apt. 843
Benjaminberg, TN 66250",Prepaid
C244,Paige Young,7594532305,"088 Whitehead Drives Suite 824
Jamesberg, AL 54033",Prepaid
C245,Anthony Rush,483-874-4513,"85033 Mitchell Alley Suite 623
Murillofurt, KS 18411",Postpaid
C246,Dr. Dylan Miller,(726)264-5612,"569 Stephenson Extension
New Adrienneport, OR 66890",Postpaid
C247,Benjamin Bridges,(720)751-3097x5628,"0452 Wilcox Mill
Lake Lisa, PW 78576",Postpaid
C248,Melissa Robinson DDS,8622322053,"077 Christina Dale Apt. 223
Suzanneport, ND 22977",Postpaid
C249,Carlos Figueroa,(828)413-2201,"698 Gibbs Drives
New Edward, WA 30372",Prepaid
C250,Megan Kim,(398)984-4944x761,"1950 Preston Crest
Reginashire, HI 85553",Postpaid
C251,Stephanie Hill,716-681-2312x084,"06580 Tapia Lake
Mariaville, LA 55819",Postpaid
C252,Christian Washington,001-624-232-8286,"18127 Jessica Plaza
South David, MT 98560",Postpaid
C253,Jean Sanders,(966)412-7058,"Unit 0888 Box 1891
DPO AP 34521",Postpaid
C254,Lauren Morales,001-327-491-1632x488,"793 Ryan Highway Suite 160
South Vanessabury, IN 44051",Prepaid
C255,Robin Schmitt,(979)426-9893x208,"222 Williams Parkways Suite 734
East Cesarborough, VI 73348",Prepaid
C256,Steven Harris,587-565-8513,"31085 Ronald Gateway Suite 667
West Robin, AR 61617",Prepaid
C257,James Henderson,+1-419-717-2210x56717,"10306 Anthony Falls Apt. 995
Port Ronaldfurt, TX 28585",Postpaid
C258,Douglas Williams,001-648-503-8014x76411,"70591 Gonzalez Locks
Cynthiaberg, MO 10177",Postpaid
C259,Crystal Hunter,+1-522-659-8957,"510 Torres Garden Suite 002
Lisaville, MA 87025",Prepaid
C260,Michelle Jordan,7293496583,"418 Morris Locks Suite 276
Morrisborough, MP 55047",Prepaid
C261,Amanda Huynh MD,001-608-618-1154x25529,"PSC 2748, Box 9557
APO AP 37660",Postpaid
C262,Leroy Murphy,723-777-0418,"35640 Paul Wells Suite 417
New Andreport, NE 63973",Postpaid
C263,Katie Lewis,+1-314-238-9138,"8598 Melissa Plaza Apt. 920
North Allison, LA 40167",Postpaid
C264,Joseph Hughes,976.923.1783,"5658 Foster Wall
Emilystad, LA 03304",Prepaid
C265,Jamie Carroll,6974495477,"36176 Evans Street Apt. 826
Prestonchester, SC 33224",Postpaid
C266,Angela Henderson,+1-779-380-8795x25444,"PSC 1401, Box 5117
APO AP 92840",Postpaid
C267,Paul Spence,675-972-3211x360,"9225 Larry Lakes
Cohenport, AZ 93138",Postpaid
C268,Gary Gonzalez,936.599.5976x245,"4666 Teresa Glens Suite 374
Lake Jenniferfort, KY 85575",Prepaid
C269,Kayla Gordon,(484)801-3233,"57612 Moore Light
North Raymondton, NJ 24093",Postpaid
C270,Rachael George,+1-641-334-4743x98641,"PSC 7181, Box 0971
APO AE 66912",Prepaid
C271,Edward Cooper,497.413.6693x6279,"968 Edward Creek
West Dianetown, AZ 75114",Postpaid
C272,Brenda Gray,(273)449-7100,"93227 Hunter Ridges
Ericstad, HI 07629",Prepaid
C273,Kenneth Dunn,684.352.5282x427,"53872 Cox Squares
Port Derek, NV 75205",Postpaid
C274,Erica Brown,450-462-4379x1693,"97609 Clarke Isle Suite 738
Scottchester, NM 25281",Postpaid
C275,Amy Lyons,695.958.3908,"468 Tanner Mews
Sullivanmouth, LA 81117",Prepaid
C276,Charles Bowman,+1-563-502-0934,"30215 Jessica Vista
Lake Melissaview, VA 63526",Postpaid
C277,Kari Torres,(801)786-8566,"36509 Rivera Dale
Alexisbury, AZ 74709",Prepaid
C278,Sarah Cruz MD,001-607-323-1121x2644,"6268 Hernandez Brooks
West Juliamouth, SC 20176",Prepaid
C279,Jamie Doyle,001-967-611-6618,"282 Dan Extensions
Billystad, CA 81869",Prepaid
C280,Jennifer Gordon,2534398086,"550 Jones Knolls Suite 633
West Josephfurt, IL 66558",Postpaid
C281,Bryan Macdonald,(505)335-5112x1776,"94873 Newman Shoals Suite 679
Gabrielaland, MT 52957",Prepaid
C282,Brittney Christian,234-467-5160,"8989 Ward Spring
South Parkerfort, FM 61634",Postpaid
C283,Erica Clements,4483052111,"2303 Carolyn Views
East Robertfort, SD 86915",Prepaid
C284,Charles Salazar,001-750-724-2582x863,"400 Howard Hill Apt. 668
West Georgeview, MS 86516",Prepaid
C285,Nathaniel Davis,(888)866-9791x6940,"910 Fernandez Road Suite 401
Lake Amanda, MP 40019",Prepaid
C286,Valerie Johnson,+1-429-832-5981x22033,"38237 Turner Course Suite 625
Alexanderhaven, NE 74084",Postpaid
C287,Corey Hamilton,726-325-2847x306,"8369 Barber Rest
Griffinport, NE 81638",Postpaid
C288,Michael Jones,001-378-546-0842x881,"2674 Cook Stravenue Suite 201
Stokesland, LA 86871",Prepaid
C289,Brittany Nichols,802.386.0847x54226,"624 Justin Wall Suite 581
Port Olivia, WI 72612",Prepaid
C290,Courtney Young,(921)224-4789,"670 Jessica Light Suite 710
North Kristinton, IL 02784",Postpaid
C291,April Hodge,001-537-311-7172x9918,"23549 Jennifer Turnpike
Thomasside, NC 01969",Prepaid
C292,Jake Hunter,001-609-219-4582x0362,"PSC 6254, Box 1999
APO AE 64978",Postpaid
C293,Elizabeth Beck,001-233-525-0995x8084,"78737 Nichole Crossing Apt. 788
Millertown, NC 05959",Postpaid
C294,James Chen,914.457.3329,"91622 Campbell Mall Apt. 139
New Seanborough, NH 66390",Postpaid
C295,Eric Lopez,396-246-6454x63170,"USNV Bailey
FPO AA 72262",Postpaid
C296,Carl Brown,423.907.2896,"9388 Marquez Cliff Suite 002
Angelafurt, SD 01408",Postpaid
C297,Nicole Paul,7677372644,"6179 Brittany Mill
Robinmouth, MD 65370",Postpaid
C298,Scott Smith,(450)364-0969,"375 Soto Pines
Lake Larryport, MS 54417",Postpaid
C299,Latasha Conrad,469.274.2189x27792,"6239 Melinda Well
South Stephaniefort, NV 98672",Prepaid
C300,Sabrina Steele,878.650.2329,"83399 Kristen Corner
Starkmouth, WV 35950",Prepaid
C301,Michelle Shaw,(784)856-7135x332,"Unit 4303 Box 0818
DPO AA 84185",Prepaid
C302,Victor Scott,535-440-5384,"4301 Bruce Valley
West Michael, ME 04480",Postpaid
C303,Melissa Reed,433.341.1529x959,"92382 Bates Knoll Suite 540
Hammondborough, AK 08405",Postpaid
C304,William Gilbert,(564)827-0116,"2955 Velez Walks Suite 121
North Ernest, AZ 17326",Prepaid
C305,Elizabeth Horton,360.998.7419,"788 Mitchell Wall Suite 729
Hartville, MN 13571",Prepaid
C306,Matthew Anderson,(722)598-0385x705,"53985 Brian Prairie Apt. 307
New Amystad, RI 31926",Prepaid
C307,Daniel Marks,759.262.1437x977,"528 Jesus Plains Suite 586
North Kyliemouth, MH 84397",Postpaid
C308,Angela Neal,001-366-869-6402x3293,"Unit 0578 Box 5923
DPO AE 53435",Prepaid
C309,Corey Beltran,+1-817-927-7216x77643,"3337 Paul Mills Suite 623
Martinfurt, IL 95700",Postpaid
C310,Catherine Hoffman,527-234-0826,"89166 Tina Street Suite 924
Sharonmouth, PA 00852",Postpaid
C311,Matthew Stein,(621)413-3589,"1670 Andersen Orchard
North Gregorychester, MT 73631",Prepaid
C312,Christopher Randall,4853237663,"4803 Terri Motorway
East Hannah, DC 71330",Prepaid
C313,Mr. Alec Harper,285.393.2026x8207,"Unit 3940 Box 4849
DPO AE 30608",Postpaid
C314,Derrick Fischer,+1-618-868-7669x5440,"8059 Nelson Meadows Suite 594
Millerport, AZ 73668",Postpaid
C315,Charles Smith,+1-866-569-6624x5241,"76862 Richard Square Apt. 878
Pamelaborough, PA 39083",Postpaid
C316,Robert Johnson,989-962-0555,"99798 Christina Mountains Apt. 382
Elainefort, NH 70971",Prepaid
C317,Lori Stout,+1-623-239-6993x996,"93444 Gould Fall Suite 721
Mitchellburgh, SD 08678",Prepaid
C318,Julie Vaughn MD,975.296.9348x582,"6185 Robin Turnpike
Armstrongview, UT 55452",Postpaid
C319,Jeffrey Lopez,001-436-228-4246x883,"5301 Campbell Loop
North Kennethtown, DE 30430",Postpaid
C320,Troy Young,301.905.0718x7983,"137 Michael Ridge
Philliphaven, RI 19988",Postpaid
C321,Janet Jones,(678)795-5851x57939,"PSC 6283, Box 7086
APO AE 93781",Postpaid
C322,Jim Stephens,963-383-4254,"939 Samantha Light Suite 170
Watkinsstad, AL 35439",Prepaid
C323,Becky Hart,210-458-1321,"2797 Randy Knolls Suite 910
South David, MN 24154",Prepaid
C324,Cristian Cook,001-258-648-9779x5313,"9490 Bell Light
Lisashire, AS 87503",Prepaid
C325,Sean Anderson,+1-335-562-3951,"3029 Johnson Ridge Apt. 907
Christineborough, AK 28614",Postpaid
C326,Kari Ramos,(285)759-4578x926,"3482 Zachary Mews
South Diana, WI 06545",Prepaid
C327,Russell Brown,9396515064,"7059 Tracy Prairie Suite 019
East Christinastad, NE 90391",Prepaid
C328,Samantha Smith,906.439.4311,"33992 Martinez Forks Apt. 693
Clineborough, HI 54653",Postpaid
C329,Christopher Beltran,(297)792-9153x973,"377 Susan Alley Suite 081
Jessicaton, UT 97533",Postpaid
C330,Molly Brady,878.365.9456x54535,"86409 Woodward Mills Apt. 712
West Diana, RI 64149",Prepaid
C331,Shannon Rivera,642-408-7162x07177,"965 Andres Manor Suite 346
Pruittbury, WV 93212",Postpaid
C332,Cynthia Jimenez,940.220.2818,"85259 Christina Way Suite 288
South Loganstad, MN 92562",Postpaid
C333,Timothy Knight,413-680-6807,"4582 Wilson Extension Apt. 578
Barrettfort, HI 97437",Postpaid
C334,Francisco Jackson,001-956-970-3716x648,"35073 Dennis Springs Suite 307
North George, IA 72133",Postpaid
C335,Sarah Schneider,(813)263-0793x0494,"16316 Janet Pines
Port Jerryberg, TX 01259",Postpaid
C336,Richard Silva,+1-906-429-1720x7800,"699 Mark Ridges Suite 024
South Thomasport, SD 46778",Prepaid
C337,Vincent Rodriguez,246-210-4887x52287,"Unit 7744 Box 5959
DPO AP 26613",Postpaid
C338,Valerie Rodriguez,760.537.6736,"2841 Pope Plaza Suite 519
Dominiquefort, KY 69153",Postpaid
C339,Mr. Larry Nguyen,687.355.3768x899,"51016 Ashley View Suite 179
East Alexanderville, OH 38817",Postpaid
C340,Angela Rose,001-240-632-9873x4224,"14599 Edward Hill Apt. 899
East Stephenland, CO 03678",Postpaid
C341,Valerie Taylor,(609)276-7371x5376,"0373 Reyes Highway Apt. 695
New Sabrinamouth, FM 44105",Prepaid
C342,Michael Wilson,(835)746-1298x65458,"24611 Brendan Tunnel
West Wesley, AK 24978",Postpaid
C343,Krista Hughes,971-541-4370,"494 Angela Port
North Juliechester, AL 50251",Postpaid
C344,Lauren Gross,509.767.5254x25677,"20377 Michael Manors Apt. 619
New Brandyberg, WY 13192",Postpaid
C345,Angela Hart,378-673-1809x62018,"867 Victoria Corners Suite 877
Walshport, IA 61783",Prepaid
C346,Erica Gonzalez,8948331462,"71681 Tyler Brooks Apt. 356
East Robertbury, TX 81507",Postpaid
C347,Tracey Wagner,(450)572-2655,"0602 Lindsey Lights
Josephview, NV 73360",Postpaid
C348,Stephanie Wright,001-284-293-7379x28731,"Unit 6862 Box 0762
DPO AP 01330",Prepaid
C349,Megan Mitchell,884.432.0741x81475,"Unit 9583 Box 8904
DPO AE 23739",Postpaid
C350,Tammy Harrison,8467772412,"185 Thomas Trail
Crystalmouth, PR 13078",Prepaid
C351,Matthew Park,001-343-907-0740x45814,"89686 Jones Haven Apt. 466
Weissport, KY 59289",Prepaid
C352,William Campbell,(464)514-1167x58589,"341 Tara Corner Apt. 719
Leonardfurt, GA 75102",Postpaid
C353,Kathryn Graves,(368)216-6403x221,"83371 Russell Wells
Wendyside, DE 97982",Prepaid
C354,Patrick Floyd,8252742077,"15182 Edwards Roads
Johnsonchester, DC 54888",Prepaid
C355,Ms. Lindsay Wiggins,594-320-9425x6247,"347 Rachel Stream
Emilyview, NC 43914",Prepaid
C356,Brooke Hartman,(995)638-8255,"Unit 7119 Box 4532
DPO AE 12212",Postpaid
C357,Jennifer Melendez,+1-865-322-1657,"Unit 1008 Box 5718
DPO AA 59505",Prepaid
C358,Brianna Reed,839.723.3791x8539,"7671 Hernandez Throughway
Lake Ryanton, MI 82585",Prepaid
C359,Jennifer Mcgee,+1-615-594-7763,"6477 Murphy Creek Apt. 324
Williamland, CA 08914",Prepaid
C360,Nicholas Steele,(861)560-6803,"284 Richardson Creek
Port Shawn, GU 14901",Prepaid
C361,John Smith,241-209-2132,"Unit 4691 Box 5805
DPO AA 88590",Postpaid
C362,Alexander Newman,+1-329-923-6629,"3222 Bowen Way
Kirstenfurt, RI 85596",Postpaid
C363,Michael Robinson,252.256.4858,"Unit 5320 Box 2737
DPO AA 31439",Postpaid
C364,Jennifer Powell,(842)584-9605x992,"7611 Zachary Mills
South Vanessaport, KS 26659",Postpaid
C365,Sean Herrera,001-788-886-1231x76799,"1910 Angela Landing
South Laurashire, GA 56428",Postpaid
C366,James Davis,+1-279-450-3612x137,"Unit 9613 Box 9139
DPO AE 68108",Prepaid
C367,Cynthia Pruitt,(894)351-9121,"6229 Scott Gateway Apt. 566
North Melanie, IL 95931",Prepaid
C368,Katrina Clark,(968)741-5353,"892 Keller Row Apt. 120
Port Kenneth, NY 66939",Prepaid
C369,Nicole Johnson,577.774.7622x438,"PSC 6552, Box 3450
APO AE 69448",Prepaid
C370,Michael Gentry,411-290-3515x99105,"8719 John Forks
Webermouth, WI 82030",Postpaid
C371,Gabrielle Mosley,757-710-1098,"210 Osborne Hills
South Sabrina, SC 05251",Postpaid
C372,Scott Park,541.762.6401x7099,"568 Rice Glen Suite 596
Harrisstad, MI 33941",Prepaid
C373,Ashley Hayes,001-832-778-3450x843,"57847 Caitlyn Mews
Barnesland, AZ 57017",Postpaid
C374,Denise Suarez,777-834-6616x953,"USNS Johnson
FPO AE 28720",Prepaid
C375,Christopher Gray,3327670562,"701 Kevin Field Suite 787
West Cynthia, IN 36809",Prepaid
C376,Patrick Clark,+1-822-919-7503,"094 Avila Branch
Lake Chelsea, MD 06304",Postpaid
C377,Erik Johnson,001-503-803-0142x220,"2488 Clark Hills Apt. 919
North Travistown, SC 61163",Prepaid
C378,Ariel Howard,001-303-933-3024x7569,"16384 Krista Station
Jesseport, ND 75357",Prepaid
C379,Zachary Rodriguez,704.566.9339x2751,"2648 David Brook Apt. 972
Paulborough, DC 39479",Prepaid
C380,Leah Marshall,(541)358-5262x1661,"001 Rodriguez Glens
Port Ashley, AK 95720",Postpaid
C381,Jerome Sullivan,848.443.7444x0553,"763 Taylor Road Suite 822
Hernandezshire, NJ 38854",Postpaid
C382,Brian Cruz,(499)501-5975,"3518 Yoder Row
Port Petermouth, PW 45729",Prepaid
C383,Karen Jensen,2585001869,"763 Winters Island
Huntchester, VT 90024",Postpaid
C384,Connor James,001-763-292-9230x4053,"4120 James Prairie
Davisside, MS 56000",Postpaid
C385,Philip Hamilton,(355)602-3287x755,"0084 Olivia Road
Port Manuel, NE 90524",Prepaid
C386,Craig Zimmerman,001-697-805-8236,"9581 Dunn Creek
Port Julia, NM 10816",Postpaid
C387,Fernando Gibson,+1-614-305-7495x6638,"51049 Carrie Stream
East Sonya, WI 96389",Prepaid
C388,John Gutierrez,951.595.8210,"889 Tyrone Key Suite 711
Brownland, WI 85036",Postpaid
C389,Hector Hudson,7945899229,"8266 James Freeway
Marymouth, PR 68459",Prepaid
C390,Richard Martin,(777)620-3120x3618,"251 Kaitlyn Key
North Wandaborough, VI 55300",Postpaid
C391,Jessica Ritter,449.370.3270x0488,"Unit 9730 Box 8488
DPO AA 61625",Postpaid
C392,Heather Palmer,(580)993-7191x7388,"32187 Dorsey Rapids
Wilcoxchester, IL 09419",Prepaid
C393,Jeremy Elliott,279.232.4463x53648,"636 Hall Estate
Lake Lauren, NH 89085",Postpaid
C394,Patricia Andrews,+1-543-405-3029,"USS Castro
FPO AP 76332",Postpaid
C395,Jeremy Campos,709.503.8528x995,"Unit 6884 Box 5741
DPO AA 23783",Prepaid
C396,Sarah Hanson,(862)459-8317x29368,"92295 Teresa Radial
North Miguel, MP 44305",Prepaid
C397,Blake Gentry,001-660-409-3685,"289 Heather Heights
Port Joshua, VI 01384",Prepaid
C398,Kenneth Daniels,(995)335-8421x718,"889 Stephanie Place
New William, UT 90562",Prepaid
C399,Caitlyn Jarvis,826.850.0899x2394,"3132 Gonzalez Lakes Apt. 031
Maryland, SC 61715",Prepaid
C400,Rodney Luna,001-280-798-8697x71116,"6776 Wyatt Stream Suite 163
Port Joseph, RI 92004",Postpaid
C401,Crystal Allen,001-390-819-6846x90980,"316 Stewart Cove Apt. 489
Smithport, FM 79427",Postpaid
C402,Jennifer Mercer,4977680521,"20433 Chaney Prairie
Josephville, KY 23667",Prepaid
C403,Lauren Humphrey,216.386.7540x4085,"46243 Vanessa Springs
Tammyfurt, FL 75860",Prepaid
C404,Valerie Martinez,2009491060,"902 Walter Glen
New Heather, CT 79483",Prepaid
C405,Vanessa Monroe,763-743-8896,"9026 Ryan Falls
Jonesmouth, AL 30878",Postpaid
C406,Denise Conway,680.408.2419x5214,"4275 Ramirez Prairie
Lauraside, GA 56715",Prepaid
C407,Amanda Smith,394.804.4839,"7860 Martinez Road Suite 850
Johnnyshire, UT 20051",Postpaid
C408,Jeffrey Jones,6444488023,"94594 Danielle Street Apt. 164
Smithhaven, MI 34355",Postpaid
C409,Jennifer Chase,001-318-969-0827x23821,"9597 Wayne Meadow
Lake Kayla, LA 25625",Prepaid
C410,Erin Jackson,001-958-749-4198x920,"88441 Jessica Viaduct Suite 888
East Alexandrafurt, NV 06780",Prepaid
C411,Zachary Rivas,(711)594-2823,"187 James Cove
Alvinbury, MI 60470",Postpaid
C412,Michael Ross,550-342-6336,"550 Maxwell Radial Apt. 584
Brittanyburgh, OK 59073",Prepaid
C413,Nicole Daniels,+1-419-455-7180,"94006 Rebecca Crossroad
Josephport, VI 43931",Prepaid
C414,Lauren Reed,310-209-7355x5664,"USS Ellis
FPO AA 10743",Prepaid
C415,Jessica Andrews,487.806.4476x81423,"395 Hernandez Trafficway Suite 799
Waltersland, NC 45169",Postpaid
C416,David Robinson,(858)554-7253x89341,"PSC 4729, Box 7727
APO AA 00946",Prepaid
C417,Joshua Williams,001-509-479-6805,"9469 Abigail Street Apt. 670
Browntown, OR 53029",Prepaid
C418,Luis Holmes,206-417-8647x5146,"741 Graham Burg Apt. 262
Sydneyborough, FL 24163",Prepaid
C419,Keith White,397-458-4143x392,"89519 Martinez View
Jonesbury, OR 20547",Postpaid
C420,Joseph Smith,001-669-597-2159x751,"727 Heather Mill
West Brentstad, OK 23686",Prepaid
C421,Joseph Holland,+1-262-841-0193x02955,"87102 Martinez Turnpike
Shannonton, GA 67875",Postpaid
C422,Joshua Harris,916-288-3920,"7394 Bell Bypass Suite 369
Port Elizabeth, NE 64737",Postpaid
C423,Monica Mcdonald,482.398.1419x976,"888 Patrick Hill Apt. 976
New Emily, OK 27764",Prepaid
C424,Carl Carey,+1-960-345-5432x6077,"21947 Jones Ridge Apt. 492
Sheilaberg, AS 02604",Prepaid
C425,Kathryn Brewer,621-916-1676,"PSC 4983, Box 2580
APO AP 73981",Postpaid
C426,Kim Mcconnell,8297477838,"2090 Perry Vista
New Michael, MI 85017",Prepaid
C427,Kelsey Marshall,+1-469-226-1475x31603,"093 Craig Bypass Apt. 757
Clarkshire, SC 45769",Prepaid
C428,Briana Cooper,(556)666-3669,"299 Nathan Mountain
Scotthaven, WV 75402",Postpaid
C429,Erica Larson,(581)747-0950x94169,"3943 Schmitt Creek Apt. 563
New Bonnie, FM 59827",Prepaid
C430,David Rose,965.676.0033x14164,"290 Ryan Turnpike Suite 393
Carrollside, IA 66794",Postpaid
C431,Alejandro Crosby,001-886-536-4536x2126,"5481 Johnson Stream
Baldwinbury, KS 20706",Prepaid
C432,Ashley Torres,+1-953-642-4890x35257,"489 Vincent Fort
West Marilynshire, VT 40464",Prepaid
C433,Heather Hayes,203-938-7637x097,"05460 Tracy Ramp
North Jeffreytown, UT 40329",Postpaid
C434,Meghan Smith,(915)778-3986x8070,"9678 Arthur Courts Apt. 130
Port Matthew, IL 20935",Postpaid
C435,Matthew Long,264-897-5012x093,"54649 Natasha Tunnel
Tonyside, IA 40467",Prepaid
C436,Lonnie Swanson,426.865.4715,"998 Arnold Expressway
Port Bethside, WV 05342",Postpaid
C437,Robert Wheeler,+1-463-595-5850x357,"5659 Gina Groves
Lake Matthew, VI 53822",Postpaid
C438,Thomas Smith,(612)653-4266x0639,"8526 Christopher Rapids Suite 869
Natalietown, WI 71459",Prepaid
C439,Erika Wallace,(275)512-7372,"PSC 8667, Box 8282
APO AP 12854",Postpaid
C440,Maria Clay,001-417-383-3178x2176,"0770 Melissa Causeway Apt. 649
East Christopherburgh, VT 61805",Prepaid
C441,Marcus Liu,619-377-7152x43046,"86181 Chavez Heights Suite 646
West Jeremiahland, CT 24908",Postpaid
C442,Jeremy Sherman,001-205-901-4683,"0416 Teresa Forks
West William, MI 56368",Postpaid
C443,Chad Cochran,(997)960-0796x12526,"911 Sara Inlet Suite 542
New Jeffreytown, DE 39025",Prepaid
C444,Heather Cole,7562028696,"765 Todd Locks
New Alanberg, SD 13128",Postpaid
C445,Carl Ramos,789-999-4171x9555,"423 Ross Mission Suite 925
Frankberg, FL 38070",Postpaid
C446,Nina Lopez,731.594.1876x90015,"1236 Vasquez Brook Suite 239
Phillipberg, IA 01406",Postpaid
C447,Alexander Peterson,(382)576-3348,"USCGC Richardson
FPO AP 80651",Postpaid
C448,Alexis Thompson,(604)633-1961,"95634 Michael Parkway Apt. 529
Donovanfurt, WA 06784",Postpaid
C449,Caleb Atkins,598-667-7372,"0288 Pamela Land Apt. 696
South Ronald, VA 30703",Postpaid
C450,Kristin Torres,+1-872-497-0918x785,"80164 Jared Turnpike Apt. 177
New Linda, IN 41481",Prepaid
C451,Cassandra Dean,434-228-2662x7438,"991 Donna Shores
East Jenniferstad, PW 66762",Prepaid
C452,Austin Palmer,2014886022,"0226 Black Ville
Arnoldbury, MH 08898",Postpaid
C453,Debra Rojas,001-496-835-4248x4856,"98751 Sandoval Way Suite 507
Lake Paulside, FM 68913",Postpaid
C454,Christopher Allen,(416)920-1007x5256,"39769 David Knoll
West Joshuamouth, OR 69244",Prepaid
C455,James Walker,+1-377-845-1716x8275,"2770 Wang Rapids
Waynefort, LA 56035",Postpaid
C456,Mrs. Ashley Mejia,514.870.0808,"95385 Michael Stream
Taramouth, OH 53830",Postpaid
C457,Jordan Hobbs,001-594-726-2303,"79519 Crawford Creek
North Helen, NE 78614",Prepaid
C458,Sandra Colon,268-871-6122,"48158 Daniel Walk
Courtneytown, CT 03736",Postpaid
C459,Victoria Bennett,(560)346-7270x2392,"585 Meagan Circle
Stoneton, UT 19683",Prepaid
C460,Andrew Owens,398-800-1024,"632 Jay Harbors
Wolfton, MA 67198",Postpaid
C461,Christopher Torres,001-784-524-8632x62525,"63098 Davis Plains
Brooksside, IN 69646",Prepaid
C462,Manuel Brown,472-418-5575x82738,"8078 Mackenzie Divide Suite 576
New Yvette, MN 39166",Postpaid
C463,Debra Carpenter,001-677-584-4864x2757,"USNS Ray
FPO AA 12556",Postpaid
C464,Steven Davenport,460.692.0920x8121,"635 Greer Way
Chapmanland, OH 67398",Postpaid
C465,Molly Jensen,2567691799,"05310 Rice Row
North Meganton, MA 22277",Prepaid
C466,Renee Carson,7716830631,"78121 Barnett Glens
Jamesbury, WA 40608",Prepaid
C467,James Wiggins,7869103510,"771 Patton Avenue
Torresshire, SD 19195",Prepaid
C468,Eric Morris,(802)356-7905x231,"50921 William Valleys Suite 589
West Michael, AR 53547",Postpaid
C469,Kaitlyn Murphy,(799)728-1776,"33008 Alisha Fields Apt. 763
South Melissaland, SD 90194",Postpaid
C470,Daniel Dunlap,612.411.2345x5012,"04900 Kirby Turnpike
Christophermouth, UT 12974",Postpaid
C471,Brandon Horn,001-481-481-5597x42836,"79452 Harris Summit
Timothyview, MS 27767",Prepaid
C472,Anthony Roth,(538)235-2952x794,"6430 Steven Plain Apt. 649
Lake Jessicamouth, MP 59244",Prepaid
C473,Michael Brown,277.796.1487x517,"85467 Deborah Tunnel
Manningmouth, NY 62147",Prepaid
C474,Kathryn Avila,(570)549-6028x52043,"67445 Judith Summit Suite 905
Taratown, MN 50337",Postpaid
C475,Jacob Burnett,+1-292-948-0762x3847,"183 Dorothy Turnpike Suite 644
Hardybury, MN 95688",Prepaid
C476,Tammy Cortez,+1-205-210-6864x2433,"277 Fitzgerald Ville Suite 366
Port Brandy, HI 23982",Prepaid
C477,Nicolas Erickson,001-413-969-8214x96850,"98328 Jackson Roads Apt. 536
New Jenniferfurt, MS 98911",Prepaid
C478,Mr. Nathan Brown,2669652195,"1037 Carolyn Canyon Suite 917
North Gwendolynshire, NE 67630",Prepaid
C479,Edward Whitaker,510-706-9055,"8569 Michael Views Suite 348
Brandimouth, RI 72626",Postpaid
C480,Mary Ho,982.436.5310x4465,"55091 Veronica Court Apt. 920
Evansmouth, PA 79082",Postpaid
C481,Christopher Roberts,943-546-3238,"2443 Hopkins Canyon Apt. 315
Richardsonborough, IA 62599",Prepaid
C482,Tracy Mccullough,7587771667,"9204 Alexandra Gateway
Rayville, CO 63660",Postpaid
C483,Terry Wright,270.831.3944,"150 Phillips Shore Apt. 322
East Wendy, PA 73338",Postpaid
C484,Sharon Walker DDS,(668)292-6550x76594,"2883 Benjamin Park Suite 111
Hendersonburgh, CO 43640",Prepaid
C485,Jeffrey Leach,633.819.3314x16677,"911 Harris Fall
Emilytown, MH 85693",Prepaid
C486,Andrew Moore,651-765-5209x6617,"94038 Weber Divide
Dunnmouth, NV 66830",Postpaid
C487,Richard Serrano,239.302.8482,"273 Nicholas Ridge Apt. 168
Port Stephen, NJ 98436",Postpaid
C488,Melissa Stevens,335.871.3939x5579,"93847 Chavez Valleys Suite 144
Lake Amberland, IN 75326",Prepaid
C489,Wendy Smith,352.229.4730x507,"66881 Emily Groves Apt. 997
Christinebury, WI 17449",Prepaid
C490,Donna Cooper,(756)879-2590x31868,"6293 Bradshaw Burg
Jamesbury, SC 66564",Postpaid
C491,Adam Allen,(560)494-6585,"14843 Kristine Motorway Apt. 377
New Kayleeburgh, VA 07012",Postpaid
C492,Stephen Gaines,368.995.0364x6207,"2791 Jennifer Run Apt. 207
Jenniferton, ID 47223",Prepaid
C493,Candice Johnston,+1-999-231-4479x614,"99693 Sandra Mission Apt. 269
North Phillip, MN 24606",Prepaid
C494,Laura Woods,361.855.3323,"86244 Alexandra Flat Suite 742
South Craigmouth, GA 41931",Prepaid
C495,Peter Baker,(242)496-8515,"9376 Hill Brook
South Richardfort, ND 45230",Prepaid
C496,Donna Smith,208.869.6764x14269,"85837 Alan Expressway
Reyesbury, CT 76381",Postpaid
C497,Sherry Mueller,(426)795-9348x39272,"PSC 9884, Box 2781
APO AE 02957",Prepaid
C498,Wanda Madden,904-754-7901,"777 Sharon Highway Apt. 028
Port Aaronborough, WA 23318",Prepaid
C499,Samuel Moody,+1-514-746-7171x0282,"74627 Jennifer Radial Apt. 191
Alvarezstad, AS 91654",Postpaid
C500,Joshua White,553-529-0869x402,"36983 James Estate Suite 769
Lake Lauren, VA 39071",Prepaid
C501,Alexa Buck,202.368.1231x219,"1241 Hernandez Drives Suite 406
Michaelburgh, MS 33117",Postpaid
C502,Grace Smith,510-728-8706,"73690 Tucker Views Apt. 994
Holmesfort, WA 05680",Postpaid
C503,Stacy Stuart,9354533609,"PSC 7352, Box 3661
APO AP 25282",Prepaid
C504,Kathy Reyes,001-569-541-1924,"6793 Nathaniel Fort Apt. 890
Jamesburgh, AK 18417",Postpaid
C505,Lydia Blair,+1-339-699-7264x522,"9715 Nicholas Oval
Davishaven, NE 94135",Prepaid
C506,Samantha Martin,+1-249-659-3712x275,"322 Zachary Meadow
South Julieborough, TX 42882",Prepaid
C507,Larry Knox,+1-974-358-6162x650,"6898 Garcia Extensions Apt. 611
Frankfort, NY 84153",Prepaid
C508,Amber Garcia,(295)873-7654,"8890 Cheryl Circles Apt. 401
Stacyport, MD 25013",Postpaid
C509,Rachel Scott,310-309-2981,"USCGC Alexander
FPO AE 95130",Prepaid
C510,Kendra Cohen,+1-707-308-2227,"02237 Michelle Causeway Suite 319
East Amandaside, FM 67465",Postpaid
C511,Austin Williams,+1-427-486-6767,"48153 Kimberly Lake
Kaylaburgh, NC 56738",Postpaid
C512,Laurie Gonzalez,264-322-9556,"Unit 6827 Box 3795
DPO AP 65538",Prepaid
C513,Felicia Davis,(477)303-4400x2065,"47309 Jason Terrace
East Hollyland, ID 20580",Prepaid
C514,Michael Cole,332-748-5138x850,"134 Lauren Creek Suite 640
Wilsonland, OK 18454",Postpaid
C515,Michael Ramirez,5135296519,"676 Olson Spring Apt. 634
Whiteheadmouth, AL 18625",Prepaid
C516,Rebecca Lane,+1-241-361-8412x519,"118 Huffman Centers
Alexhaven, NY 20232",Postpaid
C517,Mark Martinez,+1-392-220-3040x885,"3417 Jones Ranch Apt. 043
North Lindahaven, OH 64928",Postpaid
C518,Amy Smith,7089268685,"9216 Laurie Locks
Port Troymouth, PR 44090",Postpaid
C519,Johnny Marquez,510-758-0264x90057,"794 Jennifer Brook
Benjaminstad, VT 72742",Prepaid
C520,Michael King,+1-750-501-2712x21674,"8214 Jasmin Spur Suite 617
East Maryland, AS 83491",Prepaid
C521,Thomas Chan,781-325-1334x982,"3059 Samantha Mill Suite 441
New Billy, MO 82238",Prepaid
C522,Kathleen Good,+1-967-558-2913x21058,"6481 Christopher Plains
North Jonathanland, NH 72579",Prepaid
C523,Robert Brewer,+1-508-458-6634x29883,"055 Melissa Mission
New Maurice, KS 78617",Postpaid
C524,Raymond Reid,(665)411-0756x57061,"4468 Swanson Fields Apt. 634
Katelynbury, PW 32975",Prepaid
C525,Patricia Livingston,+1-240-225-2600x2738,"261 Sanchez Trail Suite 627
Reedtown, AR 45640",Prepaid
C526,Charles Craig,998.667.0390x1473,"571 Campbell Avenue
North Leslie, OK 18090",Postpaid
C527,Matthew Coleman,001-572-328-3552,"3704 Marcus Drive Apt. 082
West Davidshire, LA 30564",Postpaid
C528,Ashlee Thomas,533-952-9756,"15664 Morgan Row
North Garyburgh, PW 74955",Postpaid
C529,Toni Henderson,(479)692-9486x277,"64931 Jesse Street Apt. 620
West Dale, SD 96957",Prepaid
C530,Christina Rice,+1-381-718-8759,"6412 Haley Forges Suite 899
New Mirandaview, GU 46462",Postpaid
C531,James Pierce,(571)505-5669,"729 Alexander Ford Suite 145
Matthewmouth, KS 88644",Prepaid
C532,Jason Zimmerman,001-313-931-2595x82023,"Unit 7547 Box 7236
DPO AP 91441",Postpaid
C533,Benjamin White,909.287.2880x79224,"69015 Christina Row Suite 697
Gregoryside, IL 18405",Prepaid
C534,Joseph Scott,(410)621-6108,"2213 Kelly Dale
East Taylor, WI 70447",Postpaid
C535,Joseph Hull,(642)781-2142x52781,"956 Michael Manors Apt. 379
Calebland, OR 53630",Prepaid
C536,Julie Miller,550-908-4384x44348,"823 Phelps Wells Suite 815
Rileyfurt, RI 31764",Prepaid
C537,Steven King,+1-749-968-0143x978,"51924 Braun Radial
West Nicole, WY 31027",Postpaid
C538,Steven Ryan,500.932.9123,"4928 Cook Land Apt. 239
Port Aprilside, DE 20533",Prepaid
C539,Kimberly Garner,+1-984-812-7713x12998,"7144 James Field Suite 411
Ballstad, ID 73684",Postpaid
C540,Charles Mccall,505-786-4031x2416,"047 Curry Rue
Derekborough, CT 29316",Prepaid
C541,John Johnson,789-349-9717x95941,"422 Andrade Ports Suite 009
Christopherside, MA 43672",Prepaid
C542,Charles Galloway,757.552.6350x83169,"3828 Jacob Freeway Suite 751
Kevinville, GU 73854",Prepaid
C543,Rebecca George,258.792.4126x51568,"6591 Robert Ford
North Shannon, WA 63408",Postpaid
C544,Michele Walters,+1-522-655-4727x730,"10394 Amy Place Suite 248
Jonathanville, FM 35270",Prepaid
C545,Angela Armstrong,001-719-438-9954x2052,"37447 Kara Drive Apt. 663
Brianafort, IL 77057",Prepaid
C546,Michael Jackson,001-324-562-4792x03719,"38622 Amy Spur
Smithland, DC 36213",Postpaid
C547,Brandi Matthews,001-861-960-9988x064,"21211 Alexander Centers Suite 166
West Tammy, MS 65606",Prepaid
C548,Jacqueline Rodriguez,(747)854-8580x7942,"713 Travis Mall Suite 039
West Jennifer, PA 71389",Postpaid
C549,Elizabeth Wright,001-420-556-8857x15244,"019 Amy Station Suite 133
Grimesbury, VI 84177",Postpaid
C550,Johnathan Hahn,896.877.8961x126,"25416 Smith Stream Suite 452
Littleburgh, UT 73268",Prepaid
C551,Ashley Taylor,001-469-858-3890x625,"09468 Destiny Ferry
South Cody, VA 61762",Postpaid
C552,Christopher Bowers,9517858804,"Unit 5946 Box 1159
DPO AE 37927",Prepaid
C553,Diana Valentine,3082503052,"387 Yvonne Courts
Leonardland, WV 27049",Prepaid
C554,Patrick Brown,(290)361-2568,"0238 West Forge Suite 968
Lake Mariabury, DC 23596",Postpaid
C555,Connie Burns,764-576-1482x45377,"359 Hayes Place
Larahaven, GU 80679",Prepaid
C556,Jennifer Palmer,(455)619-6210x81421,"6928 Mcfarland Passage
North Gregory, DC 69433",Prepaid
C557,Edward Ross,001-706-678-5069x577,"7733 Smith Crest
South Andrea, VI 66911",Prepaid
C558,Glen Brown,722.582.3735,"509 Shannon View Suite 374
New Emily, MA 51111",Postpaid
C559,Nathan Hansen,991-254-8326,"960 Laura Stravenue Apt. 735
Emilychester, WI 82170",Prepaid
C560,Nathan Jimenez,(446)486-6507x265,"135 King Villages
Lake Ericashire, FL 26671",Prepaid
C561,Brooke Sellers DDS,8665909697,"33834 Lisa Viaduct
North Michael, PR 13050",Prepaid
C562,Christopher Hall,970-284-5661x598,"PSC 5610, Box 5678
APO AA 94015",Prepaid
C563,Penny Greene,538.569.7002,"057 Thompson Street Suite 461
Maddoxland, WY 18076",Postpaid
C564,Elaine Barton,419.275.0487x47164,"8235 Lisa Fords
Lake Kenneth, MT 54881",Prepaid
C565,Mark Hanson,5026952385,"8119 Kari Ports
Nielsenside, ND 72353",Prepaid
C566,Robert Hall,001-725-424-2998x6387,"Unit 2263 Box 9921
DPO AP 92853",Prepaid
C567,Michelle Simmons,463.955.4054,"4333 Martinez Freeway
Aprilfurt, DE 48249",Prepaid
C568,Dustin Booker,300-427-4999x8275,"39028 Bender Mall
Castilloport, VT 39991",Prepaid
C569,Jonathan Warren,947-786-9993x1223,"17306 Kaitlyn Keys
Sharonfort, CT 55576",Postpaid
C570,Jason Harper,576.927.9526,"21922 Murray Coves
Wellston, VT 98474",Postpaid
C571,Mr. Gilbert Fields,369.827.7577x11917,"844 Perry Tunnel
Davisport, ID 15321",Postpaid
C572,Jonathan Dean,001-995-649-9592x769,"Unit 8935 Box 4146
DPO AP 00703",Postpaid
C573,Ernest Grant,+1-908-482-6459x066,"396 Cook Orchard Apt. 333
East Crystal, PA 06603",Postpaid
C574,Karen Smith,242-846-2784,"9939 Vaughn Shoal Suite 049
Morrowburgh, AZ 25973",Prepaid
C575,Kelly Le,(485)958-3720,"5462 Ramirez Rapid Suite 191
Lake Nicholaston, MD 39796",Prepaid
C576,Sally Smith,575-282-9474x0730,"0401 Blackburn Meadow
Duranland, HI 08788",Postpaid
C577,Elizabeth Butler MD,(612)672-3626x397,"1196 Curry Locks
Joanneville, PR 92529",Prepaid
C578,Kevin Horn,(677)873-5893x022,"85266 Lin Point Apt. 281
Lisatown, GA 19106",Postpaid
C579,Jennifer Benjamin,518-842-5163x74392,"2445 Johnson Station
Brownmouth, NJ 79979",Prepaid
C580,Cheryl Harris,+1-751-906-0977x09000,"0586 Jessica Creek
Melanieborough, IN 89029",Prepaid
C581,Steven Gutierrez,(844)681-3365,"32749 Sean Light Suite 374
Port Brettborough, NE 62781",Postpaid
C582,Sydney Huang,642.911.0308,"90383 Robert Green
Robertsmouth, AZ 75221",Prepaid
C583,James Banks,835-805-9248x524,"58985 Brianna Bridge
East Richard, VA 20587",Postpaid
C584,Monica Johnson,209.639.9348x414,"531 Brown Highway Suite 530
Barbaramouth, WI 40862",Prepaid
C585,Jeffrey Ford,714.221.3385x819,"020 Moreno Coves
Wendyview, FL 38635",Postpaid
C586,Kirsten Brown,001-680-633-5622x92369,"618 Terry Inlet
Joshuaside, IA 29382",Prepaid
C587,Cheryl Parsons,(719)481-3765,"156 Alicia Branch Apt. 551
New James, DE 42098",Postpaid
C588,Mark Morris,735.372.6033,"19312 Cooper Forges Suite 563
South Lawrence, NE 42027",Prepaid
C589,James Sims,(895)524-4431x23646,"USNS Middleton
FPO AE 76098",Postpaid
C590,Jill Daniels,5524448941,"005 Laura Light Suite 132
New Tracyfort, GU 94743",Postpaid
C591,Laura Jones,597.797.3178,"99344 Kyle Springs
West Ericaberg, VA 66980",Postpaid
C592,Jason Moody,443-894-3755x05848,"324 Strickland Divide
North Andrew, UT 84395",Postpaid
C593,Seth Smith,(780)748-4785x7364,"8420 Gomez Burgs
West Loriville, RI 83489",Postpaid
C594,Anthony Henry,474.856.0636x824,"1069 Brady Springs
Valenzuelaburgh, HI 20605",Postpaid
C595,George Gould,+1-302-984-4903x0848,"Unit 9163 Box 4179
DPO AE 14451",Prepaid
C596,Casey Nelson,(413)292-9875x16001,"504 Joseph Shoals Apt. 241
Laurafurt, NY 34780",Postpaid
C597,Kimberly Flores,(667)238-8244x26096,"USCGC Sullivan
FPO AP 59390",Prepaid
C598,Tracey Wilcox,001-322-491-6696x1650,"827 Harris Spring Suite 863
East Jeff, CA 74049",Prepaid
C599,John Hughes,649-637-4605x66252,"95206 Scott Estates Suite 337
Harrisbury, UT 27613",Postpaid
C600,Sarah Hughes,735-957-3236,"3959 James Falls Apt. 393
Thomastown, PW 30601",Postpaid
C601,Paul Palmer,(896)688-8591,"059 Lucas Port Apt. 148
North Stevenport, OR 61099",Postpaid
C602,Linda Martin,(734)429-3702,"8107 Jones Common Apt. 712
Port Leslie, MH 61260",Prepaid
C603,Shelly Foster,687-270-1975,"28644 Combs Lake Suite 439
Nielsenbury, ME 42132",Prepaid
C604,Lucas Adams,+1-955-295-8295x998,"9860 Taylor Mill
Barnesshire, MO 01975",Postpaid
C605,David Scott,001-851-924-1324,"07968 Mariah Harbor
Port Brandonborough, VA 01690",Postpaid
C606,Nancy Guzman,4044263328,"7372 Turner Bridge Suite 523
East Michael, ME 47266",Postpaid
C607,Rhonda Ray,+1-992-993-0997x000,"0260 Grant Prairie Apt. 741
Melissaport, DC 72858",Prepaid
C608,Christopher Hunt,001-964-491-3667x14264,"61572 Joyce Orchard
South Anthonyfort, AR 68557",Prepaid
C609,Courtney Cooley,205.229.6330,"2896 Jeffery Parks
Arnoldland, ME 27446",Postpaid
C610,James Jackson,(266)960-4656x9617,"9521 Morrison Walks Apt. 008
East Christopherville, AR 71087",Prepaid
C611,Ian Gibson,2802552586,"06167 Sandra Burg Suite 285
Singletonstad, OK 27385",Prepaid
C612,Caitlin Taylor,451-671-2128,"2996 Bethany Roads
South Michaelport, MD 99197",Postpaid
C613,Jonathan Bradford,001-769-912-2952x5837,"9189 Long Villages
Cassandraside, ID 24188",Postpaid
C614,Matthew Wilson,+1-988-894-6206x658,"82395 Mccall Hollow
Christopherport, AK 33569",Postpaid
C615,Michael Torres,(558)418-8651x226,"416 Miller Estate
Elizabethmouth, ND 63312",Prepaid
C616,Steven Jackson,820.852.6814x96046,"0904 Mills Views Suite 718
Poolefurt, AL 08152",Prepaid
C617,Mackenzie Mcdonald,376-638-0861x44083,"288 Kathryn Spurs Apt. 351
New Elizabethstad, WA 41275",Postpaid
C618,Miss Tracey Johnson MD,+1-767-541-3993,"06323 White Wells
Murilloton, VT 12263",Prepaid
C619,Carmen Lyons,585.698.9795,"7762 Leah Lock Suite 519
Garzabury, CO 63687",Prepaid
C620,Kelly Calhoun,368-926-0972x657,"867 Spencer Fall Apt. 889
Lake Keithstad, ME 78737",Postpaid
C621,Janice Conner,306.427.8969,"26073 Alvarez Mill Suite 275
Bowenshire, TN 45449",Postpaid
C622,Anthony Thompson,001-954-298-7142,"051 Barrett Drive
Davidstad, MO 35919",Prepaid
C623,Robert Wyatt,001-723-882-8174x173,"97539 Wallace Junctions
Gonzalezton, KS 97272",Prepaid
C624,Steven Cook,+1-251-448-5314x6428,"60339 Marquez Burgs
Loveside, NV 71690",Prepaid
C625,Jacqueline Warren,529.579.2272x68300,"3413 Nelson Estates
Johnport, OH 42229",Postpaid
C626,Michael Neal,001-482-872-5589x0120,"2054 Johnson Curve Suite 630
North Jessica, MT 07204",Postpaid
C627,Christina Peters,001-742-726-8516x59303,"PSC 8097, Box 3420
APO AA 44391",Prepaid
C628,Jeffery Guzman,(502)453-8346x36115,"672 Davis River Apt. 938
Port Johnport, ID 18125",Prepaid
C629,Tricia Johnson,4483367136,"6891 Burns Trace
New Nicholas, GU 60815",Postpaid
C630,Lindsey Chan,475.306.8523,"20507 Morgan Ways Apt. 164
Sandrafort, OR 93507",Postpaid
C631,Christina Hoffman,308-632-8718,"PSC 3209, Box 1703
APO AA 37326",Prepaid
C632,Jenna Martinez,250.913.8564,"006 Sanders Highway Suite 453
Charleschester, WV 79244",Postpaid
C633,Daniel Campbell,+1-536-851-3326x4873,"49623 Jacob Unions Apt. 520
Lake Michellemouth, IL 21951",Prepaid
C634,Brandon Jimenez,880-373-6728x7685,"222 Lindsay Forks
Lake Jose, WI 86951",Prepaid
C635,Victoria Rogers,(715)249-6909x000,"30365 Miller Shoal Suite 073
Jasonburgh, NE 28399",Postpaid
C636,Brian Jefferson,001-922-691-8209x914,"576 Mathew Parkway Apt. 865
Leberg, NH 77489",Prepaid
C637,Brett Lindsey,+1-610-906-2103x46977,"0228 Sweeney Plaza
New Erinport, RI 43382",Prepaid
C638,Susan Davis,419-937-1747,"068 Katelyn Trail Suite 235
Matthewsmouth, NM 83271",Postpaid
C639,Margaret Colon,001-411-660-4834x782,"2803 Regina Flat
Marcusville, CO 47224",Prepaid
C640,Paul Simpson,001-495-403-2119x5067,"7098 Kimberly Light Apt. 743
Sonyafurt, AK 19064",Postpaid
C641,Daniel Johnson,+1-397-300-8682,"603 Regina Dam
West Wendy, AK 55907",Postpaid
C642,David Neal,+1-769-554-9089x0321,"5742 Adams Rapid Suite 410
South Sandraberg, WI 89737",Prepaid
C643,Ashley Rodriguez,277-277-2768x3381,"56795 Preston Track
Port Jacob, NH 80200",Prepaid
C644,Jimmy Mccarty,9874912102,"15062 Jeremiah Station
New Jasonbury, AR 26645",Postpaid
C645,Kaylee Chen,442-585-2254x242,"0035 Elizabeth Stravenue
Grayview, AR 29730",Postpaid
C646,Rachel Wilson,940.765.5143,"13503 Alice Junctions Suite 066
West Steven, IN 05935",Postpaid
C647,Jordan Dodson,526-582-8468x27100,"11498 Elizabeth Extension
Reidtown, AZ 66323",Postpaid
C648,Anna Schmidt,724-584-6975,"62923 Shelby Mountains
East Curtisberg, KS 08944",Postpaid
C649,Kristin Wright,+1-996-762-7135,"4804 Danielle Park
Torresport, PW 12442",Postpaid
C650,Michael Gibson,+1-614-699-3709x9408,"4220 Heather Walks
North Cindy, WV 48709",Postpaid
C651,Crystal Arellano,593.217.2291x310,"Unit 8585 Box 1679
DPO AE 47113",Postpaid
C652,Brian Simmons,859-337-5790,"49201 Flowers Walk Suite 836
Obrienburgh, IA 40071",Postpaid
C653,Kent Holland,722-206-6526,"PSC 9493, Box 0206
APO AA 48016",Prepaid
C654,Monica Compton,001-227-340-9749x14434,"09205 Ryan Camp Suite 513
Hernandezland, PR 94671",Postpaid
C655,Sharon Walker,263.420.9690x7433,"22739 Sheryl Island Suite 920
Turnerside, MO 83502",Prepaid
C656,Miguel Sanchez,001-959-522-3116x34589,"94242 Aaron Mews Suite 687
North Cheryl, CA 41830",Prepaid
C657,Kayla Freeman,759-703-9957x967,"1841 Wendy Extensions Apt. 489
Smithbury, AS 04933",Prepaid
C658,Ricardo Jones,419.558.5196,"992 Sherri Well
Benjaminhaven, NY 48748",Postpaid
C659,Nicole Griffin,855.203.7504x82902,"936 Smith Islands Apt. 549
Port Craig, ME 95688",Prepaid
C660,Zachary Brooks,235.944.1948,"29547 Myers Valleys
Michaelmouth, ID 13772",Prepaid
C661,John Nelson,(647)884-4262,"48080 Thomas Village
Tracyshire, CT 01332",Prepaid
C662,Darryl Campbell,897-836-4904x5799,"Unit 8266 Box 0131
DPO AA 98778",Postpaid
C663,Laura Lee,+1-502-871-0969x00183,"7221 Medina Station Apt. 053
New Donaldton, MH 06290",Prepaid
C664,Timothy Butler,821.485.5425x32476,"PSC 1611, Box 1518
APO AP 93387",Prepaid
C665,Dr. Mallory Tucker PhD,9782789933,"2272 Bray Causeway
Joshuahaven, CO 00643",Postpaid
C666,Linda Adams,(999)979-2384x379,"6059 Harris Bypass
Christyborough, IN 61083",Prepaid
C667,Gabrielle Lucas,(401)847-9185,"161 Davis Parks Apt. 689
Katrinaton, VA 63833",Prepaid
C668,Jessica Young,285.917.0314x683,"461 Thompson Creek
Castroland, ME 02449",Prepaid
C669,Mary Barry,8983967187,"512 Howard Highway Apt. 158
Shahland, PR 88766",Postpaid
C670,Shaun Soto,361-884-7520x06451,"977 Jones Bridge
Amandaberg, VI 41275",Postpaid
C671,Brian Henderson,(912)262-2209,"7953 Stephen Trail Suite 856
Martinhaven, GA 99710",Prepaid
C672,Anthony Carey,(485)617-1186,"9200 David Pine Suite 624
South Debbieville, MA 62439",Prepaid
C673,Riley Wilson,538-820-6045x156,"2890 Melissa Junctions Suite 276
West Jennifer, TN 21002",Postpaid
C674,Jasmine Jones,563.658.4847,"PSC 1401, Box 5421
APO AA 23581",Prepaid
C675,Jennifer Sparks,548-868-5154,"333 Brown Hills Suite 806
Port Richard, WA 75357",Prepaid
C676,Diana Pruitt,+1-991-392-4769,"0956 Dudley Wells Suite 224
Wilsonborough, MI 19533",Prepaid
C677,Lindsey Martin,424-407-8527x5686,"3393 Samantha Ports
Reginaldbury, WY 45515",Prepaid
C678,Alexandra Watson,001-238-916-0778x92901,"4026 Sullivan Fort
Monicaland, OK 33113",Postpaid
C679,David Barnes,533-468-4702,"65747 Ashley Prairie
Jenniferberg, MH 19009",Prepaid
C680,Kimberly Costa,532.629.3196x5721,"938 Moore Run
Russellfurt, LA 58339",Prepaid
C681,Elizabeth Edwards,780.853.7390,"52157 Tracy Fall Suite 353
Kathrynbury, AS 77679",Postpaid
C682,Paula Moreno,+1-683-643-4674x851,"5336 Zamora Isle Apt. 136
Christopherville, MH 96042",Postpaid
C683,Robert Stanley,(205)739-6959x59928,"61097 Amanda Mall
Elizabethfort, OK 05123",Postpaid
C684,Olivia Glenn,335-689-7544x61277,"190 Briggs Alley Apt. 139
West Ronaldville, CO 21457",Postpaid
C685,Jacob Nunez,509.798.2600x53282,"8472 Kathryn Villages Suite 828
Mccarthybury, PA 48294",Postpaid
C686,Norman Pearson Jr.,001-591-492-1614x615,"464 Christina Light
North Troy, MI 90232",Postpaid
C687,Alyssa Hogan,956.606.6410x692,"39911 Michelle Isle
Evanstown, MN 09570",Prepaid
C688,Steven Everett,+1-567-715-7901x10172,"684 Jacqueline Course
Port Pennyside, NE 73607",Postpaid
C689,Todd Smith,848-274-5201x81898,"579 Miller Mountain Suite 816
North Harryborough, MA 07900",Prepaid
C690,Elizabeth Stanley,288-926-3407,"6440 Chavez Junction
South James, IN 19547",Postpaid
C691,Kimberly Smith,001-972-260-5754x4943,"5785 Carrie Corners
Shawntown, IN 21076",Prepaid
C692,Dawn Sanchez,+1-900-388-9947x97826,"9924 Ronald Shores
Joshuaburgh, OK 25575",Postpaid
C693,Wesley Barrera,001-610-885-7167,"026 Laura Street
North James, TX 02325",Postpaid
C694,Clayton Warren,327-654-8930x3639,"Unit 3422 Box 9320
DPO AA 17769",Postpaid
C695,Christine Clark,001-369-920-9157x0364,"5111 Michael Pike Apt. 408
South Brandi, PW 36102",Prepaid
C696,Kristy Garner,613.618.2047,"946 Andrea Motorway
East Sarahtown, PW 97875",Prepaid
C697,Jennifer Cole,001-260-579-3335x450,"365 Kevin Stream Apt. 156
Jamesmouth, CT 81053",Prepaid
C698,Alexis Le,+1-932-987-8844x9543,"83862 Garner Rapids
Bradfordbury, IA 06364",Prepaid
C699,Nathaniel Riley,4868061043,"1291 Lewis Trafficway Suite 046
Tammyton, TN 62222",Prepaid
C700,Scott Chavez,219.424.4068,"0806 Allison Junction
West Anna, WI 23655",Postpaid
C701,Angela Jackson,764-323-5355x943,"285 Edward Estate
Jacobfurt, CA 44466",Postpaid
C702,Luis Bradford,(709)275-8499,"982 Owens Fields
New Johnfort, KY 43980",Prepaid
C703,Sean Brooks,(517)848-9515x2756,"94127 Smith Island Apt. 454
East Abigailfort, WY 12867",Prepaid
C704,Sydney Wilson,400-421-4859x535,"165 Antonio Inlet Apt. 006
West Ryanton, TX 47098",Prepaid
C705,Casey Martinez,8155840967,"25533 Serrano Mountains Suite 995
New Troyfort, WV 53586",Prepaid
C706,Stephanie Garcia,(926)516-2636x658,"9500 Matthew Trafficway
Harrisstad, NC 61493",Prepaid
C707,James Graves,001-943-963-6714x69651,"41822 James Extensions Apt. 212
Jessicaside, MA 90994",Prepaid
C708,Steven Mooney,236-538-5751,"3786 Hays Estate Apt. 132
Darrenburgh, OR 64565",Postpaid
C709,Miss Carmen Frank,+1-312-603-5745x15988,"PSC 5673, Box 9789
APO AA 72488",Postpaid
C710,Amanda Terry,6255066076,"32237 Deborah Mews Suite 901
East Saraberg, ID 27350",Postpaid
C711,Erin Hanson,+1-234-902-2326x786,"439 Salinas Mall
Grahamview, OR 92788",Prepaid
C712,Eric Hayes,4715017004,"790 Norris Island Suite 442
New Benjamin, VT 95521",Prepaid
C713,Jacob Hensley,3466472825,"4213 Austin Branch
South Samuel, PR 09822",Postpaid
C714,Michael Gutierrez,+1-767-736-5833x59778,"7049 Amanda Inlet
Heidiview, OH 79113",Postpaid
C715,Robert Allen,227.736.5897x86800,"483 Hughes Mountains
New Mikayla, WY 20395",Prepaid
C716,Justin Anderson,+1-269-237-2408x4070,"9595 David Village
Port Danielmouth, AS 81038",Prepaid
C717,Cynthia Smith,(310)842-1639x020,"305 Denise Prairie
Millerland, VA 46104",Prepaid
C718,Erin Turner,614.754.7999,"2969 Alexander Centers
Lake Sharonberg, NH 17917",Prepaid
C719,Christopher Beasley,001-613-562-1339x53206,"3661 Olson Extension Apt. 223
Karenside, AR 81036",Postpaid
C720,Ricky Navarro,(992)474-9524x8574,"69373 Cameron Parkways
North Amandastad, CT 12627",Prepaid
C721,Kelly Brown,329.715.1436x136,"55611 Jill Villages Suite 467
Garrettfort, RI 18819",Prepaid
C722,Michelle Travis,(545)300-5191x93553,"76150 Kara Route
Mckinneyborough, OK 72021",Prepaid
C723,Jacob Logan,(324)769-7798x83224,"2724 Tiffany Keys
East Taylor, ND 60810",Postpaid
C724,Richard Franco,8237508803,"6099 Julie Glens Suite 119
South Timothyfort, UT 64257",Prepaid
C725,Alexandra Smith,671.923.0883x1342,"384 Guerra Meadows
West Peggy, MP 52663",Postpaid
C726,Chelsey Herrera,4908292611,"72379 Mcdonald Pines Apt. 436
Mariahborough, OH 70461",Postpaid
C727,Carolyn Reese,718-453-8836,"2264 Myers Mission Suite 519
South Thomas, PA 19915",Postpaid
C728,Donald Pineda,525-285-9293,"46143 Vasquez Coves Suite 512
East Brittany, MS 40005",Postpaid
C729,Rachel Patrick,(230)376-2808x3311,"29259 Dickerson Park
Sandersstad, WA 08852",Prepaid
C730,Ronald Chapman,001-594-851-0845x491,"36729 Chandler Junctions
West Brandontown, IL 01129",Prepaid
C731,Miss Michelle Santana,+1-832-938-8992,"57689 Robinson Mews
West Victorport, AZ 67962",Postpaid
C732,Lindsay Nash,459.921.8044,"6738 Suzanne Walk
Briannashire, MA 50587",Postpaid
C733,Timothy Vaughn,(681)863-4455x668,"849 Gates Viaduct Apt. 552
East Kyleburgh, MO 20205",Prepaid
C734,Amanda Miller,654.421.3819x4752,"144 Nelson Common
South Matthewfurt, CT 42808",Postpaid
C735,Sarah Patterson,746.745.0640,"Unit 2140 Box 4350
DPO AE 13475",Postpaid
C736,Eric Mccarty,616-249-6029x87027,"578 Scott Trail
East Dustin, PA 18325",Prepaid
C737,Ashley King,2008300825,"8455 Griffin Way Suite 768
Santosville, MN 92829",Prepaid
C738,Abigail Wilson,+1-720-483-9964x70683,"3051 Charles Road Suite 161
Port Lindaport, NH 23393",Prepaid
C739,Amanda Duffy,001-922-965-5743x295,"121 Garcia Divide
Chaseshire, OK 10805",Prepaid
C740,Jessica Payne,+1-284-778-4036x07286,"PSC 3315, Box 3010
APO AE 70280",Postpaid
C741,Amanda Taylor,+1-649-455-5982x3046,"957 Tucker Lane
Justinview, RI 53610",Postpaid
C742,Lori Gomez,+1-310-453-3326,"87185 Elizabeth Burgs Suite 452
Moorebury, SC 96246",Postpaid
C743,Robin Walton,6937293729,"6828 Watson Drive
Colinville, RI 80495",Prepaid
C744,David Lam,978.305.5298,"771 Shepherd Corner
Kaylahaven, KY 21370",Prepaid
C745,Ashley Horton,+1-414-566-7585x4459,"9403 Michelle Shoals
New Christine, OH 66020",Postpaid
C746,Jose Wood,+1-400-897-6496x255,"639 Jerry Via
South Autumn, ND 63618",Postpaid
C747,Roger Jones,(890)695-0371x03177,"0718 Jacob Grove
Martineztown, SC 53468",Postpaid
C748,Edwin Kramer,(602)371-3281,"56695 Justin Courts
Kentview, WY 08903",Prepaid
C749,Emily Kennedy,924.964.6326,"37660 Green Mills
Gutierrezland, AL 08060",Postpaid
C750,Cody Kennedy,001-540-349-7160,"USS Stout
FPO AA 26768",Prepaid
C751,Stephen Boyd,923.615.0677x86929,"USNV Carney
FPO AE 80738",Prepaid
C752,Chelsea Cook,+1-606-644-5683x00121,"25185 Christine Stream Suite 331
West Kristy, CT 91389",Postpaid
C753,Jessica Boyer,(609)866-4627x5889,"6154 Richard View
Smithborough, NJ 49760",Prepaid
C754,Catherine Cantrell,568-377-9342x5924,"961 Burton Alley Suite 379
Johnsonfort, NC 91578",Prepaid
C755,Craig Shields,6916604883,"452 Timothy Ramp
Brownland, OK 66133",Prepaid
C756,Misty Alvarez DDS,713.978.8864,"9654 Dillon Flats Apt. 946
Kevinmouth, OR 02058",Postpaid
C757,David Lopez,206-246-5655x164,"622 Carter Heights Apt. 977
South Adam, MN 47712",Postpaid
C758,Ashley Wilkinson,397.226.6756x175,"90225 Mark Dale
East Maryfurt, TN 33989",Prepaid
C759,Katrina Collier,464-559-6343,"63899 Sheila Springs Suite 441
South Patricialand, NV 74806",Prepaid
C760,Emily Levy,974.726.5555x95223,"57939 Joseph Key
West Martinborough, VI 98440",Postpaid
C761,Cheryl Baxter,001-381-758-8236x889,"36250 Amanda Drives
West Christopher, NE 14513",Postpaid
C762,Sharon Jacobson,(661)879-3658,"181 Flores Cape Suite 529
Mckinneyville, ND 80672",Prepaid
C763,Arthur Anderson,(384)535-2291x435,"0902 Ortega Prairie
New Jennifer, RI 06064",Postpaid
C764,Vincent Huerta,519-733-4224,"87182 Hanson Park
Lake Meganland, KS 56112",Prepaid
C765,Alexander Cruz,818.927.0104x5944,"0612 Newman Locks Apt. 481
South Jennifer, OK 66154",Prepaid
C766,Joseph Miller,+1-596-883-1613x041,"1980 Mason Isle
Fischerfurt, WI 38489",Prepaid
C767,Michael Morrison,5542416263,"Unit 1959 Box 6040
DPO AE 05840",Postpaid
C768,John Morgan,750.606.5561,"216 Mark Squares Apt. 196
East Jeffreyton, WI 20818",Prepaid
C769,Lori Young,930-649-1015,"7158 Raven Lock
Reginaldchester, ND 50958",Postpaid
C770,Taylor Sherman,373.969.2196x4452,"1835 Monica Stravenue Suite 499
West Jasonberg, ME 24509",Postpaid
C771,Lauren Patterson,(484)910-7308,"527 Brenda Shores Apt. 754
Lake Robert, OK 05064",Postpaid
C772,Joseph Walls,479.584.8595,"PSC 0113, Box 5959
APO AP 32673",Prepaid
C773,David Hayes,001-996-322-4284x3460,"9636 Alexander Inlet
West Gerald, MH 50657",Postpaid
C774,Kayla Haas,001-529-460-5395x31609,"5058 Robert Hill
Barbarahaven, MH 40949",Postpaid
C775,Karen Davis,+1-245-587-3377x09565,"85187 Phillip Corners
South Maria, IA 42706",Prepaid
C776,Robert Sutton,382-573-0790x211,"78657 Christina Center
Sanchezshire, AK 73299",Postpaid
C777,Michael Kennedy,732.834.2164,"PSC 2106, Box 1585
APO AE 08655",Prepaid
C778,Ronald Anderson,923.883.4561,"009 Silva Springs
Crawfordfort, AL 03834",Prepaid
C779,Paula Evans,469.651.5422x6604,"074 Anthony Spurs
Reneeside, TX 09123",Postpaid
C780,Kaitlin Gill,(526)786-6480,"10120 Christian Forks Suite 912
Dicksonton, NC 36388",Prepaid
C781,Natasha Gonzales,(952)282-2674,"7068 Wells Mountains Apt. 141
Garnertown, WA 38506",Postpaid
C782,Brooke Curtis,001-608-566-6790x295,"79605 Dominguez River Suite 112
Bennettfurt, MA 94134",Prepaid
C783,Heather Bailey,001-562-241-6686x2317,"24522 Diaz Coves Apt. 617
Port Samuel, GU 12672",Postpaid
C784,Steven Burton,(656)798-7942x374,"34508 Jones Corners Apt. 718
Ryantown, MT 24653",Prepaid
C785,Thomas Scott,+1-705-826-7634x684,"PSC 4851, Box 9786
APO AE 21254",Postpaid
C786,Matthew Blevins,(439)613-5012,"Unit 6478 Box 3294
DPO AP 07516",Postpaid
C787,Joseph Ramos,001-565-831-9986,"9625 Jennifer Locks Suite 864
New Rebecca, VT 54262",Prepaid
C788,Kenneth Snyder,+1-683-615-2694x03175,"351 Bobby Mill
Port Brandy, NV 29574",Postpaid
C789,Thomas Crosby,001-838-938-0593x5351,"13955 Jeremy Landing
West Jennifer, DE 85512",Postpaid
C790,Elizabeth Hawkins,7075191793,"1524 Jay Villages Apt. 242
Smithville, MO 16664",Prepaid
C791,Stephen Matthews,551-454-8209,"56768 Ward Prairie
West Stephenton, MA 78230",Prepaid
C792,Elizabeth Zhang,(404)822-3488x82054,"7037 Nathan Circles
Dianefurt, AZ 93220",Postpaid
C793,Benjamin Stokes,+1-465-705-0179,"PSC 2219, Box 2118
APO AP 37291",Prepaid
C794,Tyler Cross,001-507-937-0546x8496,"4716 Fuentes Neck Suite 495
Nicholasmouth, AK 40354",Prepaid
C795,Holly Watts,4505285034,"54045 Roth Field
Port Johnburgh, WV 51975",Prepaid
C796,Cindy Cooper,246.412.0603,"6376 Eaton Springs
North Molly, FM 32191",Postpaid
C797,Jean White,871-658-0724x166,"64826 Jessica Viaduct
Yolandaton, MO 23786",Postpaid
C798,Andrew Mcdonald,837-209-0986x57464,"7442 Lester Trafficway
Karenfort, SC 61439",Postpaid
C799,Monica Ramos,(332)595-3822x82057,"87145 Gary Stravenue Suite 532
Jonesville, WI 26533",Prepaid
C800,Theresa Jones,522.473.9856x8488,"732 Williams Lodge
Port Allison, CO 51135",Prepaid
C801,Judy Jones,303.971.5926x2586,"5486 Ortiz Turnpike
Lake Brandiview, LA 35216",Postpaid
C802,Michael Bennett,001-938-747-0053x381,"3749 Whitney Meadow Suite 508
West Jennaton, CA 11305",Postpaid
C803,Dave Mcintyre,465.623.3106,"03513 Carroll Hill
West David, GA 26184",Prepaid
C804,Gregg Rojas,(273)273-1641,"5310 Edward Passage
Brownfort, TN 13107",Postpaid
C805,Kyle Acevedo,(532)507-5851x624,"1971 Small Prairie
New David, PW 94623",Postpaid
C806,Dr. Daniel Roy,+1-344-567-6932x3730,"76839 Pennington Mill
North Mario, ID 29722",Postpaid
C807,David Williams,+1-725-773-7374,"02323 Edward Shoal
Lake Angelamouth, OH 55304",Postpaid
C808,Carolyn Lester,(836)256-9353x05460,"5352 Mike Creek
Williamsland, WA 18951",Postpaid
C809,Catherine Jones,+1-594-451-7503x7999,"399 Lance Highway Suite 843
Lake Robinchester, PW 45978",Postpaid
C810,Kathy Daniels,+1-775-220-2370x07816,"PSC 4389, Box 2244
APO AP 31970",Postpaid
C811,Brandi Combs,(391)697-1082,"3980 Joshua Spur Suite 948
Hamptonview, MP 71310",Prepaid
C812,Melinda Miller,585-601-9608,"21539 Page Crossing Suite 044
Jennifertown, ND 75887",Prepaid
C813,Nicole Brown,+1-749-480-6838x2498,"8569 Debra Mountains Suite 197
Lake Juliamouth, IL 02267",Postpaid
C814,Charles Hawkins,(527)890-1207x9633,"7220 Tammy Bypass
New Wesleyport, MO 54939",Prepaid
C815,Lori Jones,001-961-433-8046x941,"Unit 8795 Box 4851
DPO AE 32117",Postpaid
C816,Gary Wolfe,+1-269-255-0213,"USS Molina
FPO AE 61962",Postpaid
C817,Morgan Riley,(503)498-6530x386,"PSC 7107, Box 7459
APO AP 23086",Postpaid
C818,Kayla Mcclain,493.971.0611x04017,"464 Paul Groves Suite 625
Meganport, IA 76666",Postpaid
C819,Timothy Johnson,001-680-379-8896x10187,"0670 Karen Wells
East Dianaburgh, KS 91194",Prepaid
C820,David Pitts,(927)653-2809,"81505 Crawford Lodge Apt. 046
West Bethfurt, PA 76171",Postpaid
C821,John Gonzalez,+1-878-957-1918x9768,"418 Parsons Burg Apt. 162
Edwardsside, OH 14797",Postpaid
C822,Joshua Vaughan,001-967-258-6143x964,"337 Tanner Fords
Monicaberg, UT 45412",Postpaid
C823,Melissa Green,+1-336-819-2243x465,"5130 Farmer Key Apt. 237
New Jason, MO 70409",Prepaid
C824,Robert Smith,325.394.8782x523,"2147 Greene Junctions Suite 378
Lake Kevinfort, NY 71011",Postpaid
C825,Lynn Higgins,876.552.7308,"3298 Jaime Springs
Lake John, PW 11549",Postpaid
C826,Michelle Simpson,(842)595-6196x31833,"90843 Duffy Path Suite 349
Cartermouth, PA 13397",Postpaid
C827,Chelsea Ellison,+1-807-842-6012x8595,"146 Neal Well Apt. 874
Whiteborough, TN 06643",Prepaid
C828,Travis Becker,955.996.1359x624,"82201 William Tunnel
Danielstad, IL 92788",Postpaid
C829,Mark Huber,948.400.9069x779,"0372 Stephen Inlet Suite 483
Hortonland, CO 49338",Prepaid
C830,Raymond Anderson,7322428689,"371 Garcia Crossing
New Samantha, UT 54291",Prepaid
C831,Mr. David Martin,632-396-1286,"650 Edwards Underpass
Lake Kyle, CO 91898",Prepaid
C832,Angela Lynn,001-779-959-4442x65220,"USNV Sawyer
FPO AP 69960",Prepaid
C833,Daniel Allen,338-696-8762,"1587 Connie Field Apt. 709
North Pamelaborough, VA 27434",Prepaid
C834,Willie Jones,347.779.1793,"1159 Tami Landing
Port Benjaminstad, NH 42709",Postpaid
C835,Teresa Jones,8382685204,"USNS Brown
FPO AP 42215",Prepaid
C836,Andrew Day,(434)906-0280,"USS Little
FPO AA 11567",Postpaid
C837,Julie Brown,+1-658-950-1323,"4927 Keith Summit
Heatherland, ID 60520",Postpaid
C838,Sandra Leonard,(902)585-4958,"49222 Donald Isle
Nielsenfort, GA 70286",Prepaid
C839,Donna Garza,+1-240-671-8969x853,"6880 Jarvis Viaduct
North Mary, NE 46906",Prepaid
C840,Matthew Boyd,783.950.0048x7560,"638 Rogers Union
Port Lori, KS 22713",Prepaid
C841,Michael Church,+1-343-387-6698,"93472 George Prairie Apt. 509
East Natalieberg, HI 81367",Prepaid
C842,Andrew Tran,9649527012,"629 Amber Canyon Apt. 832
West Timothyland, ID 51136",Postpaid
C843,Andrea Foster,(914)436-8172x77689,"9795 Jack Valleys Suite 345
Trevinotown, CT 36737",Prepaid
C844,John Smith,211.402.0142,"5360 Jocelyn Drive Suite 613
Port John, ID 94673",Postpaid
C845,Carrie Freeman,(251)777-7234x6010,"617 Gina Green
Griffinchester, MD 47668",Postpaid
C846,Briana Lowe,+1-646-304-8403x5785,"0388 Miller Valley Suite 682
East Madison, MS 98696",Prepaid
C847,Morgan Gutierrez,259-216-5740,"1798 Taylor Key
Bridgesfurt, WY 69027",Prepaid
C848,Alan Miller,359.414.5997,"PSC 8877, Box 4072
APO AP 69970",Prepaid
C849,Danielle Hansen,476.428.4342x02671,"4696 Kim Lodge Suite 952
West Virginiafort, VA 04158",Postpaid
C850,Joanna Cochran,3879351918,"35938 Taylor Mountain Suite 205
Petersstad, PW 21055",Postpaid
C851,Louis Hill,001-684-443-6030x28820,"945 Jamie Locks
Lake Ryanton, MD 60592",Postpaid
C852,Matthew Duran,593.361.8306,"20987 Jones Underpass
Heathermouth, WI 04171",Postpaid
C853,Sean Skinner,(372)863-4134,"493 Mccoy Via
Port Destinyport, PR 43738",Prepaid
C854,Christopher Steele PhD,001-945-912-4853x023,"204 Anthony Loop Suite 963
Lake Elizabethberg, NJ 52386",Prepaid
C855,Robert Lopez,001-354-933-5497x0696,"2388 Michele Place Suite 044
Port Gregory, GA 04137",Postpaid
C856,Carol Whitaker,001-448-947-5755x67763,"367 Matthew Terrace
Kristenside, ID 59795",Prepaid
C857,Dustin Hall,919-955-6399x408,"770 Chavez Locks
Leeland, ND 70967",Prepaid
C858,Karina Prince,(329)843-0416x3925,"Unit 8052 Box 0739
DPO AE 06282",Prepaid
C859,Jeremy Hall,001-458-719-1316,"9992 Christopher Points Apt. 726
Millerfurt, CT 29890",Postpaid
C860,Jacob Arroyo,(976)547-3656,"294 Jesse Bridge
North Kevin, PA 77623",Postpaid
C861,Laura Warner,(626)647-5780,"8438 Mcconnell Passage
West Reneeburgh, GU 87838",Postpaid
C862,Robert Wilcox,795.559.0085,"2735 Paul Harbors
South Matthewshire, CO 76646",Prepaid
C863,Daniel Obrien,394.503.0967,"0825 Rivas Lake Apt. 170
New Melissaberg, DE 84274",Prepaid
C864,Robert Smith,840-772-6307x278,"0361 Macdonald Square
Angelaland, HI 16172",Prepaid
C865,Mrs. Brenda Porter DVM,942-392-6501,"11718 Christina Garden Apt. 082
Lake Christine, IL 34529",Prepaid
C866,Scott Hamilton,298.310.1447,"12094 Andrew Road
Stokeston, NY 51045",Prepaid
C867,Connor Morse,334.857.9273x231,"97909 Johnson Neck
Port Virginia, DE 27739",Prepaid
C868,Jennifer Cruz,3555876077,"363 Gilmore Village
Priceburgh, FL 32089",Prepaid
C869,Kelly Ochoa,(220)449-6027x95084,"49870 Green Prairie Apt. 407
Port Mark, SC 81765",Prepaid
C870,Jordan Hunt,+1-512-268-7334,"33900 Stephanie Mission Suite 826
South Megan, OR 72489",Prepaid
C871,Mr. Timothy Chavez MD,+1-751-639-0780x6851,"208 Erica Flat Apt. 011
Miguelborough, ID 72223",Prepaid
C872,Jade Mckinney,841-876-0906x374,"3586 Bennett Stravenue
Port Lisamouth, PW 89797",Postpaid
C873,Timothy Lin,(438)426-9554x9985,"30201 Stacey Vista Suite 318
Erichaven, SC 85655",Postpaid
C874,Angela Adams,3103494940,"381 Alexis Place Suite 052
Brownland, KY 39377",Prepaid
C875,Ryan Colon,001-386-349-3631,"414 Schultz Stravenue
South Johnhaven, CT 59273",Prepaid
C876,Edward Todd,(440)220-4354x6505,"681 Hurst Junctions
Patriciaberg, MP 51569",Postpaid
C877,Beverly Green,214.961.3372,"43224 Gallegos Lodge
Paulstad, GA 87559",Prepaid
C878,Eric Jones,980.508.5213,"75929 Charles Keys
Stephensfort, ME 96096",Prepaid
C879,Brian Garcia,+1-968-786-4572x3305,"8607 John Fork Apt. 833
Jenniferview, MI 96366",Postpaid
C880,Rachel Mclaughlin,2459394999,"1277 Henderson Estate Suite 811
Matthewton, NY 85758",Postpaid
C881,Joseph Williams,+1-975-807-2089x073,"68889 Parker Ferry
Port Michaelside, MS 33081",Postpaid
C882,Gregory Hernandez,+1-756-813-0770x432,"32476 Nicholson Brooks Apt. 316
Allenburgh, NV 44910",Prepaid
C883,Steven Knight,001-976-739-3765x84674,"90489 Adams Camp
Lake Tinaburgh, DC 87510",Postpaid
C884,Edward Gordon,001-903-345-3766x675,"0128 Brandon Fords Suite 862
West Jameschester, FL 36862",Prepaid
C885,Billy Davis,450.446.1479,"984 Williams Shores Suite 875
East Ryan, SC 62370",Prepaid
C886,Mark King,778.901.0418,"33269 Jill Gardens
Patriciamouth, KS 35196",Postpaid
C887,Lori Perez,(351)219-3448,"0995 Combs Mills
Port Tracymouth, AK 97542",Postpaid
C888,Crystal Trujillo,(423)909-7303,"550 Ashley Wells Apt. 425
North Dustin, PA 15469",Prepaid
C889,Alexander Webb,001-949-559-0471,"715 Rogers Court
Normanfort, OK 57098",Prepaid
C890,Michelle Nelson,436.960.1537,"76833 Barbara Club Suite 659
Rodriguezside, OH 75033",Prepaid
C891,Alexandra Ruiz,(531)929-8443x5959,"516 Hall Wells Suite 631
South David, DC 09860",Prepaid
C892,Allison Forbes,001-450-989-8308x250,"808 Peters Dam
South Jason, NC 05614",Prepaid
C893,Nicole Griffith,+1-360-533-0555x824,"USCGC Rodriguez
FPO AP 18193",Prepaid
C894,Jeffery Garcia,825-766-9064x9457,"638 Shelly Drives
East Nathanchester, AZ 74954",Prepaid
C895,Tracy Nelson,273.674.5507,"876 Johnson Islands Apt. 162
East Leslieshire, TN 47107",Prepaid
C896,Natasha Vargas,001-929-299-4496x7998,"119 Walton Trace Suite 379
Johnside, MA 88332",Prepaid
C897,Yolanda Austin,+1-584-967-6027x7604,"629 Underwood Springs
South Rachelville, DC 27390",Prepaid
C898,Katrina Rivera,546-421-0191,"48995 Villarreal Cliffs Apt. 074
Everettville, MD 23795",Postpaid
C899,Brandon Fisher,001-231-595-2557x510,"2136 Kaufman Locks
Wallaceberg, WI 88853",Prepaid
C900,Michael Lewis,969-541-5843,"820 Gamble Mountains
East Cory, AZ 52124",Postpaid
C901,Nicholas Wood,+1-200-225-7804x93714,"2151 Thompson Motorway Apt. 698
West Mark, NC 40551",Prepaid
C902,Lori Shepard,4909798522,"9135 Sabrina Skyway Suite 094
Andreville, ND 72888",Postpaid
C903,Sarah Carey,+1-788-950-8715x248,"00123 Justin Street
Olsonshire, NE 73748",Postpaid
C904,Roger House,(471)569-7942x532,"6899 Karen Rue Suite 264
Robertton, WA 09202",Postpaid
C905,Douglas Martin,388-351-3148x849,"368 West Highway Suite 419
Phillipsland, PW 59332",Prepaid
C906,Jessica Rodriguez,(755)855-6793x03070,"828 Travis Mills Suite 125
North Robin, PA 83955",Postpaid
C907,Mark Stewart,001-778-825-5249x91373,"04184 Lawrence Row
East Brandon, FM 77470",Prepaid
C908,Larry Velazquez,+1-847-617-7272x5939,"7800 Potts Garden Suite 428
Johnsonland, IA 89029",Postpaid
C909,Mary Wilson,5419565443,"USNS Coffey
FPO AE 42436",Postpaid
C910,Amy Jackson,946.823.6319,"20145 Graham Greens
Karenborough, CT 33444",Postpaid
C911,Mitchell Larson,506.429.3286x02263,"57786 Sarah Terrace Apt. 103
North Justinmouth, WV 24788",Postpaid
C912,Amanda Ballard,+1-544-224-8058x6951,"USS Mcgee
FPO AA 24895",Prepaid
C913,Sharon Payne,906-661-5840,"23600 Laura Greens
Daviesland, GA 00612",Prepaid
C914,David Ramirez,598.232.3290x008,"USCGC Pena
FPO AE 05819",Prepaid
C915,Alex Richardson,208-771-3611x9489,"1781 Lauren Spur Suite 147
West Dustinbury, NH 67680",Prepaid
C916,Nathan Chung,696.502.3830x9920,"2083 Crystal Hill
East Barrymouth, GA 05897",Postpaid
C917,Anthony Beasley,4725480030,"1752 Blackburn Wall
South Jennifermouth, AS 95937",Postpaid
C918,David Robinson,564-202-7447x76186,"444 Fleming Union Apt. 319
Samanthafort, MP 42639",Prepaid
C919,Alyssa Jimenez,337-843-8201x11780,"8319 Michael Ranch Apt. 030
North James, NH 06566",Postpaid
C920,Jennifer Thomas,358-702-1670,"3865 Anthony Knolls Suite 799
Angelaton, GA 06050",Postpaid
C921,Elizabeth Hamilton,(591)368-4658x243,"0249 Farmer Neck
Scottland, WI 83668",Prepaid
C922,Brian Pierce,001-216-834-0870x5716,"9437 Flores Fork Apt. 286
North Maria, OR 42030",Postpaid
C923,Taylor Meyers,001-612-543-3225x32466,"58469 West Burg Apt. 658
Port Terribury, VI 94008",Postpaid
C924,Lisa Welch,975-580-8847x644,"0668 John Drives Apt. 035
Jenkinsview, NJ 73859",Prepaid
C925,Jennifer Pierce,(873)552-1967,"6985 Christy Cove Suite 814
New Tylershire, IL 66977",Postpaid
C926,Mark Harris,(361)942-4544x839,"5770 Erica Village Suite 661
Ericton, TX 02110",Prepaid
C927,Peggy Mckay,+1-478-810-9778x72188,"46839 Reese Roads
West Deanland, FL 06523",Postpaid
C928,David Davis,(943)832-4003x3997,"7358 Sean Branch
South Michael, NE 59361",Postpaid
C929,Jackson Johnson,827.873.0049,"05817 Clark Road
Anamouth, AK 25344",Prepaid
C930,Mary Hernandez,+1-415-915-0458x415,"1444 Graham Crescent
New Austinport, SD 36195",Postpaid
C931,Logan Francis,312-521-7760x5414,"735 Nunez Viaduct Suite 921
Cruzmouth, RI 72542",Prepaid
C932,Scott Hernandez,(711)963-4502,"180 Moore Throughway Apt. 696
Dawnside, KS 56501",Prepaid
C933,Gerald Wilson,3794749939,"1122 Jennifer Lakes
Alecview, TX 66931",Prepaid
C934,Diana Perez,763-375-4246,"08043 Bryce Street
Port Christophershire, VT 99622",Postpaid
C935,Austin Ward MD,+1-962-286-5574x49092,"Unit 5724 Box 4440
DPO AA 58185",Prepaid
C936,Samantha Martinez,509-746-6933x09036,"78622 Christian Pines Apt. 638
East Nicholemouth, KS 12466",Postpaid
C937,Jade Vazquez,6353110902,"USCGC Johnson
FPO AE 04330",Postpaid
C938,Melissa Hernandez,452.660.3106,"24109 Jacob Ridges Apt. 598
Scottside, ND 28713",Postpaid
C939,Tamara Booker,001-918-868-0122x6052,"188 David Inlet Apt. 420
Leeborough, WV 18610",Postpaid
C940,Hunter Vasquez,583-809-9932x53558,"USS Jackson
FPO AE 91101",Prepaid
C941,Jose Norton Jr.,469-870-9478,"03538 Mitchell Parks Suite 945
Port Stephanie, LA 62041",Prepaid
C942,Adrian Bell,(708)466-9432,"3122 Hudson Ports Apt. 325
Lake Dale, PA 38115",Postpaid
C943,Eric Peters,996.655.4447x021,"12924 Jacobs Mountains
Rodriguezfort, DE 37494",Prepaid
C944,Alexander White,747.797.0955x02090,"560 Tamara Mission
Richardbury, NE 17799",Postpaid
C945,Margaret Trujillo,(295)251-6776x60202,"719 Kevin Rapids Apt. 771
Woodsbury, GU 63512",Postpaid
C946,Amber Dalton,(766)666-0818x68524,"487 Christopher Knoll Suite 764
Jamesmouth, VI 61781",Postpaid
C947,Mr. Howard Jefferson Jr.,+1-331-356-1291x8320,"29736 Hernandez Grove Suite 348
New Carriefort, ND 12078",Postpaid
C948,Julia Cooper,7745691778,"644 John Lake Suite 322
Millerport, OK 16307",Postpaid
C949,Amanda Lucas,(300)612-4231,"349 Ashley Run Apt. 334
Jessicaside, NH 16161",Prepaid
C950,Eric Mitchell,+1-247-256-5798,"8684 Joseph Route Apt. 747
Duncanburgh, PA 94497",Postpaid
C951,Brian Walters,8924287673,"82468 Benjamin Rue Suite 785
New Stephanie, ND 29150",Prepaid
C952,Ryan Martin,(221)387-2805x112,"5491 Matthew Crescent
Garciachester, NM 00537",Prepaid
C953,Jessica Nelson,+1-322-449-5185,"99458 Sylvia Avenue Suite 806
Benjaminville, PR 72003",Prepaid
C954,Angela Patterson,621.953.3237,"6415 Moore Key Suite 060
Khanton, ME 89357",Prepaid
C955,Jason Martinez,736-406-5118,"157 Anderson Shoal
Jenniferhaven, WV 25655",Postpaid
C956,Kimberly Murphy,529-455-3881x78021,"USNS Villegas
FPO AA 15493",Postpaid
C957,John Reilly,(916)643-0321,"91623 Matthew Causeway Suite 772
East Sean, RI 21013",Postpaid
C958,Douglas Paul,4966925880,"70191 Rodriguez Coves Suite 888
New Kristin, DC 33677",Postpaid
C959,Sara Garcia,3838540113,"63735 Clark Path
Ginaview, WY 64911",Prepaid
C960,Troy Bullock,385-387-8845,"892 Jaime Valleys
North Sarah, TN 24931",Postpaid
C961,Jason Douglas,(942)813-3978,"37173 James Island
Jenkinstown, NH 64627",Prepaid
C962,Karen Johnson,4632920415,"217 Richard Stravenue
Williamshire, UT 80250",Prepaid
C963,Charles Lutz,+1-675-258-3787,"3013 Boone Crest
Kathrynland, MH 95430",Postpaid
C964,George Roth,587.749.5211x189,"637 Ronald Place Apt. 813
Lake Steven, CO 61311",Prepaid
C965,Jonathan Underwood,(428)488-9719x16180,"424 Morris Ranch
East Jamiestad, TX 89951",Prepaid
C966,Chelsea Joyce,913-550-0778x7975,"003 George Union Suite 941
Christopherfurt, IA 78249",Postpaid
C967,Mary Kelley,4313325902,"50652 Coleman Trace
Rachelmouth, CO 56363",Postpaid
C968,James Smith,824-878-9487x5357,"97958 Anderson Wall Suite 739
East Josephside, DE 38247",Postpaid
C969,David Perkins,738.285.5444x348,"768 Megan Mountain Suite 925
New Michelefort, ME 92881",Postpaid
C970,Stephanie Castro,+1-441-243-0845x584,"234 Karen Route Suite 807
New Steven, NV 34330",Postpaid
C971,Jesse Mason,975.615.6644,"542 Stanley Mill Suite 012
East Carrie, LA 51749",Prepaid
C972,Andrew Baldwin,8423564126,"362 Cody Curve
Williamsside, CO 50180",Postpaid
C973,Kevin Boyd,911-773-5723x69660,"47347 John Causeway Apt. 727
Christyburgh, IA 30780",Prepaid
C974,Christian Fields,614-781-3737,"USNV Jackson
FPO AP 95464",Postpaid
C975,Vanessa Hurley,(597)810-6500x130,"557 Ali Prairie Apt. 694
Smithburgh, PW 94416",Postpaid
C976,Monica Orr,+1-311-667-4955,"35452 Brenda Hill
West Christopherfurt, WV 15054",Prepaid
C977,Julie Avila MD,339-980-4964x51966,"00765 Howard Groves Apt. 457
Rachelville, GU 70197",Prepaid
C978,Holly Charles,516-861-7194,"52290 Swanson Rapids
West Matthewshire, NJ 84546",Prepaid
C979,David Perkins,225.769.2278x77834,"155 Peterson Stream
Whiteland, GU 10277",Postpaid
C980,Sarah Green,505-329-8568x64255,"06799 Dana Crossroad
Cruzport, CT 50925",Prepaid
C981,Daniel Schultz,+1-244-873-5806,"USS Bryant
FPO AP 70438",Postpaid
C982,Casey Mcpherson DDS,310.970.8857,"748 Schneider Knoll
Lake James, AK 58525",Prepaid
C983,Matthew Miller,763-230-5555x2821,"35698 Valdez Unions Apt. 582
Barkerburgh, RI 83468",Prepaid
C984,Joseph Peterson,(790)229-1573,"56139 Rebecca Point
South Vanessa, AK 77742",Prepaid
C985,Jenna Rivera,001-799-658-1610x107,"12752 Alexandra Stream Suite 404
Port Noah, AZ 27562",Postpaid
C986,Jamie Powell,646.572.8497,"059 Myers Station Apt. 957
Bridgetbury, GU 55921",Postpaid
C987,James Snyder,(342)404-1220,"229 Mcpherson Harbor Suite 899
Barnettshire, ND 06587",Postpaid
C988,Adam Kent,744-534-7849x44976,"962 Fletcher Squares Suite 530
Phillipsside, NE 08680",Prepaid
C989,Holly Hatfield,631-671-4928x9541,"9759 Miller Walks
West Dawnbury, AS 86870",Postpaid
C990,Melinda Summers,+1-459-869-6025x3668,"4490 Jason Plains
Wheelermouth, MD 38872",Postpaid
C991,Bryan Davis,(337)588-0456,"PSC 6623, Box 8804
APO AA 98115",Postpaid
C992,James Powell,527-394-6510x6104,"PSC 5185, Box 3610
APO AE 17043",Prepaid
C993,Shawn Hutchinson,001-601-458-7256x489,"3530 Trevino Lane
Tylerport, NJ 47179",Postpaid
C994,Lisa Robinson,269-886-7126,"5132 Cherry Trail
North Heather, PA 74411",Prepaid
C995,John Hamilton,643.325.5562x14653,"040 Meghan Turnpike Suite 789
Lake Travis, VA 93391",Postpaid
C996,Lori Cook,001-705-509-3183x516,"3117 Johnson Lake
Lake Andrewview, MS 05335",Prepaid
C997,Jennifer Meyer,821.592.9408x4478,"1526 Villanueva Grove Suite 207
Victoriastad, WV 27913",Postpaid
C998,Danielle Morgan,754-405-1296,"010 Mckenzie Turnpike Apt. 905
Port Erinport, IN 80381",Prepaid
C999,Alexander Castillo,(210)758-7991,"7514 Moore Prairie
Katherinemouth, WV 91090",Prepaid
C1000,Katherine Fritz,001-470-775-1497x1838,"30981 Crawford Club
West Ruben, DC 18372",Prepaid
