customer_id,name,phone_number,address,plan
0,Jason Sanchez,789-787-9775,"510 Nathan Cove
East Amy, NV 33589",Postpaid
1,Nicholas Alvarez,+1-480-201-4623x36401,"01479 Mcdonald Inlet Apt. 617
Stevefort, TX 72662",Postpaid
2,Rachel Silva,001-472-834-3514x277,"PSC 1610, Box 2156
APO AE 39821",Postpaid
3,Anthony Oneill,220.429.4238,"71936 Wilkins Harbor Apt. 441
Kimberlyshire, TX 45194",Postpaid
4,Carlos Oneal,(653)879-4985x9943,"1215 Sara Ferry
New Monica, VT 18691",Prepaid
5,Carl King,001-700-715-1015x3861,"26855 Baker Port Suite 863
New Joel, WV 08851",Postpaid
6,Amber Mendoza,826.650.9309x1030,"631 Montgomery Shores Suite 898
East Jennifer, KY 62271",Postpaid
7,Luke Walker,917.603.9977x824,"2448 Jerry Walks Suite 554
New Larry, DC 85999",Postpaid
8,Caitlyn Moore,755-431-8062,"4058 Brian Islands Suite 411
Abigailland, MN 90746",Postpaid
9,Eric Odonnell,(544)671-8058x04107,"420 Miller Cliffs
Brownmouth, ID 96973",Postpaid
10,Aaron Cabrera,223.721.0466x6139,"9152 Melissa Lights
Russellfurt, FL 87312",Prepaid
11,Antonio Ramsey,(551)894-4510,"044 Kerr Prairie
Samanthafort, IA 30682",Prepaid
12,Jonathan Mack,+1-334-295-6029x03519,"93922 James Causeway Suite 945
Donshire, KY 23222",Postpaid
13,James Williams,+1-961-305-1348x9205,"461 Zachary Burgs Apt. 732
New Michael, KS 84389",Prepaid
14,Anthony Smith,507.799.7349x4248,"542 Nathan Burg
East Anthony, WY 14448",Prepaid
15,Cassandra Martinez,(757)466-0492x0591,"519 Cheryl Avenue
Weaverborough, WI 70347",Prepaid
16,Jose Cooley,+1-748-498-6734,"9142 Davis Avenue
Penaberg, TX 88234",Prepaid
17,Shelby Morales,463.689.2230x6707,"USNV Whitaker
FPO AE 66266",Postpaid
18,Richard Burns,+1-621-337-8765x438,"735 Jason Mill
West Patrickshire, RI 83606",Prepaid
19,Gloria Williams,655.908.0935,"0641 Regina Road
Emilyport, ME 06669",Postpaid
20,Stephen Ryan,+1-614-878-2300x84564,"7644 Smith Circle
Lake Elizabethstad, FM 06431",Postpaid
21,Denise Hebert,(976)314-0473x6137,"768 Rebecca Mountain
West Leonard, PR 67603",Prepaid
22,Mark Johnson,727-960-8672,"1897 Anthony Trafficway
Maryburgh, KY 75825",Postpaid
23,Frances Church,001-600-465-6145x984,"USS Owens
FPO AE 07589",Prepaid
24,Michael Rogers,+1-745-249-8824x101,"00141 Gail Estate Apt. 023
Donnabury, AK 75641",Prepaid
25,Vanessa Young,001-553-760-3633x12109,"0140 Harding Roads
Hughesberg, WV 53653",Postpaid
26,Kelly Rivera,001-570-282-6203x801,"94694 Mary Freeway
Lake Johnborough, MT 05104",Prepaid
27,Alicia Mcguire,(386)916-1928,"9139 Steve Green Apt. 505
Kiddshire, PW 17470",Postpaid
28,Monique Crawford,001-399-889-9016x4485,"Unit 7661 Box 3064
DPO AE 23344",Prepaid
29,Shelly Flynn,(964)347-8520x9430,"470 Amanda Roads
Lake Blakefort, KS 73780",Postpaid
30,Herbert Fields,(350)539-4591,"194 Terri Meadow
North Taylorshire, IL 25616",Prepaid
31,Anthony Heath,+1-629-346-3908,"94417 Black Spur
Kathrynton, AL 19978",Prepaid
32,Lauren Thomas,(574)827-7440,"787 Daniel Islands
North Matthewbury, AS 90175",Postpaid
33,Megan Smith,001-625-464-1112x1369,"5941 Amy Greens
Daletown, KS 22674",Prepaid
34,Brett Braun,411.414.4066x352,"8418 Pena Station
Taraburgh, IN 58126",Postpaid
35,Gail Raymond,(460)503-8408,"74492 Caitlin Glen
Michaelhaven, DC 21836",Postpaid
36,Rebecca Anderson,399-900-1250x98486,"94646 Michelle Roads
Samuelburgh, VA 74578",Prepaid
37,Diana Ross,762-237-6937,"4321 Jacobson Junctions Apt. 817
Charlesview, UT 30974",Prepaid
38,Brooke Smith,001-543-374-9855x30063,"62277 Barker Shoals
East Stephenmouth, NC 09772",Prepaid
39,Kevin Villa,001-256-374-8179x77125,"307 Lisa Walk
Franciscoborough, WV 57436",Prepaid
40,William Jones,275-783-9835,"8092 Oliver Crossing Suite 481
East Stacyberg, WA 46086",Prepaid
41,Rodney Collins,(491)800-5713x97875,"12200 Krista Highway Suite 346
Shawnport, NV 29083",Postpaid
42,Jacob Simpson,461.830.8926,"8653 Hardin Club
Randallmouth, IA 11665",Prepaid
43,Kimberly Saunders,(625)426-7259,"899 Walter Branch
Tiffanymouth, MH 41287",Prepaid
44,Elizabeth Gonzalez,4228056652,"330 Matthew Isle
Gonzalezberg, MA 16085",Prepaid
45,Thomas Rice,220-800-7116,"035 Jones Prairie
Frankville, FM 02438",Prepaid
46,Thomas Holmes,765-518-9509,"3432 Mark Ford
West Gregory, CO 18216",Prepaid
47,Nicholas Brown,(884)705-6446x165,"USNV Robinson
FPO AE 40045",Postpaid
48,Jerry Hughes,519-481-1767x05816,"72882 Kendra Station
Hernandezhaven, WI 83246",Prepaid
49,Andrew Juarez,3104961950,"44243 Scott Course Suite 880
New Amberchester, AK 18021",Postpaid
50,Marie Williams,(357)333-9452,"281 Hoover Rapid
New Cesarfort, OK 74566",Prepaid
51,Carrie Ferguson,(884)689-7005,"64186 Robinson Mountains Apt. 842
Arthurshire, NY 58439",Postpaid
52,Kaitlyn Castillo,720-487-5493,"USS Glenn
FPO AP 58231",Prepaid
53,Melanie Simmons,382-440-8911x85502,"44318 Elizabeth Summit Apt. 147
Williamstad, ME 27171",Prepaid
54,Marissa Collins,860-487-2373x075,"805 Jones Pike
Williamside, NV 30400",Postpaid
55,Matthew Singleton,001-632-961-9082x73762,"93484 Meyer Crossing
East Lindaborough, CA 35491",Postpaid
56,Ryan Davis,(450)319-6989x88091,"489 Murray Bridge
Morganfurt, TX 54076",Postpaid
57,David Baker,829.246.0489x195,"1143 Sanders Pines Apt. 292
Port Jeremy, WI 06507",Prepaid
58,Sandra Nichols,960.815.1311x656,"9319 Norman Forest Apt. 859
Martinburgh, TX 47463",Prepaid
59,Katherine Baxter,3374589784,"13917 Fuentes Land Apt. 359
Port Lauren, WI 95428",Postpaid
60,Christian Henderson,(892)416-5112x35008,"191 Tyler Mills Apt. 324
West Miranda, VT 78046",Prepaid
61,Crystal Hood,001-904-793-6076x276,"9635 Davis Mountain
Michaelland, AR 25405",Prepaid
62,Stephanie White,4852713424,"581 Davenport Wells Apt. 045
South Stephanie, NV 83093",Prepaid
63,Matthew Reid,(924)344-4858x602,"090 Hatfield Shores
Lake Aliciaberg, GU 85745",Postpaid
64,Nicholas Jones,001-446-700-3607x76293,"075 Turner Skyway
Davishaven, AR 48146",Prepaid
65,Lori Mccoy,9829632785,"5220 Mary Plain Suite 194
New Ann, PW 92566",Postpaid
66,Brian Rice,+1-528-429-1066x648,"Unit 5415 Box 7506
DPO AA 79438",Prepaid
67,Jeffrey Garcia,001-287-510-9733x077,"381 Taylor Keys
Aliciahaven, OH 06272",Postpaid
68,Alexander Schaefer,(521)729-4762x2563,"3963 Brown Garden Suite 470
Drakestad, WA 35855",Prepaid
69,Carlos Barron,(287)268-2895,"933 Stephen River
Michaelberg, GA 21755",Prepaid
70,Ashley Ortiz,955-566-3277x24155,"282 Maddox Heights
East Bradleyfort, WA 73755",Postpaid
71,Caitlin Ford,001-809-331-1010x509,"163 Christopher Cape
North Lauraberg, WI 59435",Prepaid
72,Edwin Collins,+1-344-339-0506x191,"8575 Perkins Motorway Suite 305
Port Arthur, NC 97674",Prepaid
73,Derrick Parrish,(681)582-7749,"0050 Turner Station Suite 134
East Dennistown, FL 91190",Postpaid
74,Ashley Hayes,317.307.2641x98370,"2353 Dominguez Points
Robertchester, PW 81104",Prepaid
75,Diana Gonzales,735-824-4527x52382,"1712 Audrey Mills Apt. 424
Vickietown, GU 11093",Prepaid
76,Rebecca Aguilar,7157361862,"8149 Taylor Garden Suite 963
East Randy, CT 21778",Postpaid
77,Deborah Li,587.487.2773x08300,"40145 Flowers Extension Apt. 868
Stewartville, UT 26409",Prepaid
78,Jimmy Martinez,758.776.5536x85276,"48847 Tony Fall
Lake Thomas, NY 94982",Postpaid
79,Juan Hardin,862-688-7265,"7895 Miller Valleys
New Amy, FM 74544",Prepaid
80,Jaime Greer,+1-990-584-2918x75782,"9307 Davis Tunnel
Michellebury, ID 73732",Prepaid
81,David Harvey,+1-609-642-4023x52450,"363 Logan Ways
Harryshire, DC 57012",Prepaid
82,Melissa Peterson,648.805.6652x6516,"67584 Martin Drives Apt. 144
Port Jason, NE 50285",Postpaid
83,Shirley Coleman,001-314-594-1388x691,"9731 Jesse River Apt. 714
Georgeburgh, AR 72453",Prepaid
84,Danny Miller,4749476726,"Unit 9878 Box 1609
DPO AE 87736",Postpaid
85,Jason Bauer,001-609-830-7321,"982 Tanya Inlet
Ricardoshire, OK 14762",Postpaid
86,Bonnie Martin,531-355-1694,"9288 Brett Knoll
Bakertown, OH 42004",Postpaid
87,Michelle Khan,001-900-375-2308x72904,"637 Hernandez Valleys
Timothyburgh, RI 93903",Postpaid
88,Daniel Walsh,(924)796-0022,"138 Ricky Turnpike
Kylemouth, AL 53372",Postpaid
89,Matthew Swanson,906-973-2815x3199,"738 Rhonda Ridge Apt. 380
Grayview, CT 34549",Prepaid
90,April Parsons,(571)764-6646,"5257 Christina Union Apt. 199
Port Michael, UT 26211",Prepaid
91,Brandon Crane,511-449-9791,"5511 Fitzgerald Squares
Adrianton, WA 99410",Prepaid
92,Tracy Baldwin,001-239-945-5810x142,"USCGC Pope
FPO AP 16206",Postpaid
93,Natalie Keller,+1-438-880-0906x5908,"9609 Valentine Roads
North Benjaminside, SD 76500",Prepaid
94,Melissa Tran,(219)493-0806x4045,"8172 Anthony Canyon Suite 748
Greenberg, KY 22799",Prepaid
95,Brandi Blair,+1-737-780-7793x20754,"924 Norman River
Krystalstad, PW 31711",Prepaid
96,Shannon Roberts,501-890-2798x9007,"42187 Randall Causeway Suite 778
Gonzalezville, MN 88024",Prepaid
97,Jeffrey Schneider,949.532.0463x168,"Unit 0292 Box 4348
DPO AA 14446",Prepaid
98,Daisy Wilson,(363)963-5097x625,"1261 Martinez Brooks Apt. 884
Wagnerbury, FL 67621",Prepaid
99,Lori Ellis,704.934.9359,"Unit 5133 Box 6248
DPO AP 89761",Postpaid
100,Miss Tracy Ramirez,001-823-979-1766x50734,"151 Michael Canyon Suite 292
Johnville, PW 88755",Prepaid
101,Shelley Tran,2323122062,"53512 Sarah Creek
Jacksonland, CA 55263",Prepaid
102,Brian Lowery,(717)596-4504x111,"147 Green Fords
East Jillshire, IN 02130",Prepaid
103,Luke Hall,(609)270-9106x1069,"61906 Brittney Coves
West Jenniferfort, WA 30335",Postpaid
104,Shirley Ramirez,423-863-4296x3035,"731 Thompson Union
Wilsonton, NC 95178",Prepaid
105,Andrew Davis,+1-696-798-0080x2998,"7530 Bailey Row Suite 632
Williamsport, WA 30704",Prepaid
106,Carl Bailey,572.343.7786x76629,"908 Andersen Radial
Hayesville, IL 76281",Prepaid
107,Jeffery Parsons,412.711.1564x45339,"PSC 5088, Box 4381
APO AP 54466",Postpaid
108,Patrick Jones,001-259-609-2503x633,"0188 Russell Lock Suite 250
East Brianshire, VT 09721",Prepaid
109,Ricky Crawford,742-365-5470x7019,"5733 Rice Roads Apt. 582
New Amy, AK 11517",Postpaid
110,Tiffany Jones,2097474644,"1290 Brown Lodge Apt. 267
Woodborough, IA 41217",Prepaid
111,Jason Richards,866.515.7961x372,"79739 Miller Route
Sotochester, MD 57862",Postpaid
112,Whitney Jackson,001-341-822-1052x17271,"5383 Graham Inlet
Port Davidfort, VI 93041",Prepaid
113,Emma Valdez,001-692-597-2890x338,"1774 Jenkins Roads Apt. 974
West Anthonyville, IL 21325",Postpaid
114,Benjamin Salinas,(201)737-1318x570,"6515 Moore Burg
Sullivanland, KY 02640",Postpaid
115,Kiara Acosta,+1-644-308-8327,"87909 Maria Drive Apt. 401
West Robert, OH 56124",Prepaid
116,Samantha Hale,749.320.1049,"154 Xavier Forge Apt. 091
Lake Victoria, AR 60904",Prepaid
117,Scott Salazar,+1-223-480-2354x52141,"99045 Michelle Centers Apt. 596
East Robinberg, MT 28479",Postpaid
118,Adam Casey,802-608-6246,"482 Barber Meadows Apt. 256
Hannahmouth, PR 41843",Prepaid
119,Daniel Collins,835-218-3554x71452,"98116 Brandon Neck
Johnfurt, OH 39392",Prepaid
120,Christopher Lynch,+1-538-229-8033x23731,"76937 Wyatt Mission
Penamouth, VT 99312",Prepaid
121,Erica Sosa,7923571451,"86808 Williams Garden Apt. 099
West Michael, KY 69009",Postpaid
122,Destiny Ayers,(418)801-4765,"504 Strickland Crossroad
Adamschester, VT 61797",Postpaid
123,Mary Jennings,+1-419-580-4851x9573,"70865 Daniel Points
Port Leahview, DC 76289",Prepaid
124,Melissa Ross,(964)980-2032,"612 Brittany Rapids Apt. 668
Virginiachester, MH 41690",Postpaid
125,Dennis Johnson,001-808-211-1637x13604,"3627 Douglas Overpass
South Robertfurt, KY 80791",Postpaid
126,Virginia Wise,994-814-0934x7376,"6661 Bond Land Suite 674
South Michaelborough, AR 41134",Postpaid
127,Matthew Lucero,206.862.5635x4422,"97212 James Mill
Greeneside, OK 46065",Prepaid
128,Crystal Schneider,993-338-2644x1964,"769 Hughes Port
Katieton, SD 82899",Postpaid
129,Laura Mccullough,001-926-992-7511x2314,"PSC 2374, Box 7730
APO AP 04394",Postpaid
130,Vernon Matthews,9822922200,"345 Teresa Creek Apt. 532
Jacobland, IL 71171",Postpaid
131,Peter Parker,+1-811-864-0427,"USNS Garcia
FPO AP 06744",Postpaid
132,Jessica Burns,304.923.2112,"04661 Lisa Curve
West Robertborough, PA 58326",Prepaid
133,Edwin Gonzales,(362)778-8026x90169,"320 Pope Road Apt. 789
New Dean, NJ 46436",Prepaid
134,Lisa Zimmerman,+1-697-301-8464x1930,"64277 Sullivan Plains
Wheelermouth, KY 79463",Prepaid
135,Heather Trevino,924.351.0165x1634,"Unit 3024 Box 2091
DPO AP 09812",Postpaid
136,Edward Wagner,8354821098,"1701 Robert Station
Lake Shannon, TN 55033",Postpaid
137,Robert Clark,331.966.6425,"1082 Moreno Via Suite 301
Williamsfort, PR 37178",Postpaid
138,Rita Nash,309-476-1025,"PSC 2983, Box 2845
APO AA 73571",Prepaid
139,David Torres,(274)449-1517x1338,"1440 Amy Ferry Apt. 457
Sharonville, CO 18794",Postpaid
140,Karl Medina,(752)251-1438x549,"5966 Lauren Corner Suite 579
Lake Brookefort, MN 93200",Postpaid
141,Samantha Murphy,001-946-934-7388,"USNV Norman
FPO AE 17107",Prepaid
142,Christopher Wong,+1-597-389-4559x933,"Unit 4674 Box 9269
DPO AA 57492",Postpaid
143,Thomas Quinn,500.258.7285x3255,"930 Wilson Crest Suite 700
West Cassandramouth, AS 63519",Prepaid
144,Debra King,(537)999-4519x02823,"31645 Chavez Stream Suite 091
Jacksonmouth, VI 67102",Postpaid
145,Kristin Vega,+1-682-715-8966x816,"9570 Kelly Station
Tiffanyberg, CA 02090",Postpaid
146,Daniel Briggs,001-740-962-0803x186,"497 Angela Shoals Apt. 998
Weberport, ND 89748",Postpaid
147,Jennifer Price,819.564.6380,"3464 Hogan Wells
East Katelyn, PR 42239",Postpaid
148,Melanie Griffin,722-969-9208x3519,"325 Steve Haven Apt. 259
West Alexanderville, HI 18613",Postpaid
149,Katie Mcconnell,(307)251-9630x738,"4917 Torres Hollow Suite 199
South Vincentshire, OR 35665",Prepaid
150,Christopher Jarvis,001-669-956-8599x812,"849 Smith Mountains Suite 746
Khanville, OR 18216",Prepaid
151,Jennifer Smith,(945)329-6923x046,"18888 Douglas Inlet
South Katherine, MH 56615",Postpaid
152,Austin Martinez,9368550495,"99570 Monica View Apt. 686
Carmenville, AK 94556",Prepaid
153,William Bates,540-415-5506x685,"129 Jacob Roads Suite 095
Greenside, NY 54319",Prepaid
154,Tracy Krause,(258)495-3302,"079 English Glens Suite 647
Bryanside, LA 30125",Prepaid
155,Eric Brown,411.797.5698,"534 Ryan Run
New Anitaborough, HI 15504",Postpaid
156,Karen Gomez,(791)799-5046,"Unit 7586 Box 4724
DPO AA 41514",Prepaid
157,Joy Baird,(793)363-7585x8927,"6832 Green Mill
Clarkfurt, IN 82667",Prepaid
158,Amber Lowe,001-256-789-5191x368,"7766 Sabrina Squares
Robertview, PR 15369",Prepaid
159,Jessica Porter,674.634.2939x13055,"3156 Hansen Corner
Timothytown, CA 01102",Postpaid
160,Seth Mills,(870)788-7589x7312,"58812 Martin Fields
South Davidburgh, TN 38208",Postpaid
161,Rachel Roberts,842-861-4689,"77669 David Ridge
Tannerhaven, HI 10639",Prepaid
162,Justin Wilkerson,327.503.2367x751,"02499 Alexander Ways
Port Whitneybury, ND 24254",Postpaid
163,Erin Scott,+1-395-303-5802x04939,"PSC 8716, Box 1556
APO AE 28724",Prepaid
164,Susan Olson,(977)974-5169x79327,"410 Travis Landing
West Austinport, NV 67076",Postpaid
165,Randall Wood,(320)723-0361,"0621 Olson Dale
South Vincentfort, NY 52055",Prepaid
166,Carol Hunt,001-576-353-7896x41786,"94255 Luis Drive Suite 482
Mckenziechester, TX 24039",Prepaid
167,Anthony Jackson,487.572.2975,"053 Diamond Corner
South Brian, WA 65920",Prepaid
168,Angel Johnson DDS,+1-519-539-3866,"57175 Rivas Mount Suite 755
North Joshua, WA 85303",Prepaid
169,Vanessa Garcia,(654)425-2645x54342,"751 Alexa Motorway
Lake Jessica, AK 86823",Prepaid
170,Clayton Green,580.824.6369x04293,"9435 Martinez Track
Gregoryfort, ME 54208",Postpaid
171,Jack Buckley,001-514-494-0225x721,"9406 Kemp Mill Suite 463
Ramirezbury, MA 87882",Postpaid
172,Julia Adams,+1-789-454-5394x270,"007 Smith Landing
Fostermouth, PA 44938",Prepaid
173,Jocelyn Hunt,(785)273-1500x758,"17061 Angel Expressway Apt. 953
South Ashley, LA 63005",Prepaid
174,Andrew Ellis,+1-486-559-8018x565,"0247 Tyler Hills
North Jacqueline, MO 62732",Prepaid
175,Lauren Miranda,2938032642,"62194 Mark Curve Suite 777
Steventown, NH 14033",Postpaid
176,Matthew Middleton,(970)893-3428,"USS Garcia
FPO AP 52955",Prepaid
177,Douglas Foster,+1-785-474-3717,"69712 White Orchard Suite 557
North Brianmouth, DE 21715",Prepaid
178,Marie Barnes,(227)488-5129x586,"769 Cruz Creek Apt. 752
Michelleport, UT 73760",Postpaid
179,Latoya Garcia,707-876-4666,"94246 Hendrix Way
Morristown, DE 41089",Prepaid
180,Erin Thomas,001-954-561-4722x9523,"38950 Lance Run
Annamouth, FM 33412",Prepaid
181,Ian White,001-996-424-4226x4113,"395 Cruz Trail Suite 884
Port Amychester, NV 78871",Postpaid
182,Lori Perkins,842.958.7904x97953,"4259 Wang Curve Apt. 209
West Joshuaport, MN 26957",Prepaid
183,Anthony Frazier,907-242-4981,"75511 Matthew Turnpike Apt. 169
Lake Edwardshire, KS 62614",Prepaid
184,Kimberly Shields,704.240.5502,"9372 Ware Manor
Taylorstad, AZ 13631",Postpaid
185,Jennifer Lawrence,(609)857-8664x07912,"6185 Kevin Station Apt. 457
North Michaelberg, TN 09394",Postpaid
186,Jennifer Wade,7934944681,"107 Sanchez Ports Suite 851
New Christopher, FM 28852",Postpaid
187,Jeremy Curry,(502)910-8996,"295 Randall Key Suite 603
South Lisaton, NC 49075",Postpaid
188,James Johnson,642.805.2038,"USS Molina
FPO AA 77379",Prepaid
189,Daniel Williams,001-438-264-4939x128,"8531 Jonathan Plain Suite 515
East Frankside, AZ 70436",Postpaid
190,Robert Hill,826.800.1710x59836,"USNV Smith
FPO AP 79059",Prepaid
191,Gavin Nguyen,961-831-5923x5543,"890 Hayes Meadows
Port Andres, MO 64389",Prepaid
192,Samuel Dixon,(475)593-8865,"81083 David Extensions
Greenebury, MH 14146",Postpaid
193,Jose Potter,001-872-459-1309,"Unit 8847 Box 9325
DPO AE 04664",Postpaid
194,Ruben Garcia,7288468215,"8721 White River Suite 961
South Steven, VI 70305",Postpaid
195,Barbara Martinez,(258)485-0280x702,"374 Dunn Flat
Williamsfurt, ID 63358",Postpaid
196,Timothy Peterson,367.604.6155,"57739 White Avenue Suite 029
Stewartchester, WI 01239",Postpaid
197,Matthew Newman,+1-425-895-2205x1500,"38975 Ian Islands Apt. 879
Mcdonaldmouth, NH 21279",Prepaid
198,Jenna Lewis,527.284.1759x140,"071 Peter Stravenue
East Jeffrey, KY 67603",Postpaid
199,David Salinas,888-823-7653,"900 Baker Light Suite 935
Zunigaborough, CT 33641",Prepaid
200,Crystal Byrd,+1-309-874-4393x3233,"848 Richards Island
Nataliechester, NE 79103",Prepaid
201,Jerry Diaz,7542682611,"2954 Morales Lock Apt. 007
Tinamouth, AR 79608",Postpaid
202,Omar Freeman,539-232-9000x565,"227 Li Track
Chavezton, TX 94946",Prepaid
203,Amber Bernard,528.941.4234x20652,"2388 Holland Trail
Leeton, VI 08655",Postpaid
204,Kelly Allen,908.791.9305x33824,"843 White Greens Apt. 720
South Krystalshire, TX 98780",Postpaid
205,Christina Gonzalez,+1-229-791-4881x8073,"37856 Palmer Island Apt. 017
Port Michelemouth, WA 11288",Postpaid
206,Jessica Black,+1-659-699-2035x81068,"316 Matthew Throughway
North Angelicamouth, AL 92725",Prepaid
207,Jeffrey Morris,+1-423-661-0817,"1861 Dominguez Club Apt. 513
North Charleschester, WV 74847",Prepaid
208,Timothy Smith,001-984-641-7941x80134,"661 Debbie Villages
Lawrenceside, OH 67840",Postpaid
209,Eric Taylor,725.277.3213,"619 Chris Avenue
West Joelfurt, MS 49157",Postpaid
210,Christopher Hampton,+1-451-208-8265x93503,"66855 Morris Roads
West Tammyside, NY 23468",Prepaid
211,Taylor Fitzpatrick,001-324-800-5213x5109,"1716 Rice Streets
West Ashley, PA 96288",Postpaid
212,Barbara Howard,+1-416-760-6465,"PSC 8443, Box 4709
APO AP 46570",Postpaid
213,Courtney Krueger,(353)733-2256x25201,"Unit 2856 Box 8475
DPO AA 60247",Prepaid
214,April Collins,(944)344-5203x62601,"3398 William Plain Apt. 949
Port Jason, KS 58705",Postpaid
215,Elizabeth Scott,664-237-4722,"98618 Moore Isle
East Christophermouth, CO 01847",Prepaid
216,Brian Brown,001-920-944-2957x6610,"99291 Jordan Forest
Lake Patrick, CA 63376",Prepaid
217,Kelly Collins,431-583-9932x83756,"286 Brian Mission
East Amandaside, WV 58501",Prepaid
218,Andrew Howard,(983)434-5338x53421,"4955 Teresa Mountain Suite 407
Lake Anthonyberg, NV 74001",Prepaid
219,Meagan White,4104482861,"1218 Mitchell Harbors
Nixonport, DE 70317",Prepaid
220,Charles Tate,706-876-5952,"62899 Bender Harbor
West Cameronhaven, IN 61978",Postpaid
221,Shannon Martin,(242)227-4097,"459 Paul Corners
East Philliptown, MS 40562",Postpaid
222,Patricia Schmitt,(339)992-7427,"6039 Moran Motorway
Schmittmouth, ND 61238",Prepaid
223,Ashley Jenkins,846-331-5312x00969,"520 Parker Fall
North Meganview, CO 78661",Postpaid
224,Steve Allen MD,001-441-410-2022x88874,"USNS Hester
FPO AE 81287",Postpaid
225,Cynthia Camacho,589-318-1425,"Unit 9115 Box 1717
DPO AP 16261",Prepaid
226,Raymond Salazar,285.519.2540x7685,"35709 Phillips Well
Christopherville, NY 98415",Postpaid
227,Kristy Kelley,818.597.1472x0236,"872 Smith Shores
Josephside, MS 62870",Postpaid
228,Kelsey Sanders,001-786-417-2237x94585,"275 Edwards Common
New Danielland, FM 27353",Postpaid
229,Mark Smith,363.377.2193,"66083 Lang Flats Suite 878
Davidton, MH 29618",Prepaid
230,Melanie Logan,(663)620-2804x429,"3937 Donald Spurs Suite 420
Lake Richard, WI 84948",Prepaid
231,Jeffrey Smith,001-383-210-2474x81672,"6784 Smith Station
Lake Madeline, OK 24809",Postpaid
232,Kristi Peterson,4397396361,"38328 Danielle Rue Apt. 666
Stacyville, KS 24666",Postpaid
233,Alexander White,821-992-4375x23520,"52597 Adam Key
Port Adam, AS 61217",Postpaid
234,Dr. Nathaniel Copeland MD,7424841379,"717 Kathryn Mountains Suite 597
Coreyland, AR 92388",Prepaid
235,Tracey White,+1-780-233-5249x33913,"749 David Neck
Timothybury, AL 57548",Prepaid
236,Louis Miranda,375.802.1977x804,"USS Craig
FPO AP 50192",Postpaid
237,Jamie Reilly,475-546-0610x26479,"1217 Daniel Roads Suite 206
Williamsmouth, MS 71273",Prepaid
238,Megan Murphy,001-498-354-3773,"5131 John Points
New Abigailport, VA 79393",Postpaid
239,Christopher Mack,319.444.4943x63195,"062 Lucas Squares
Aprilshire, SD 74955",Prepaid
240,Kara Simon,390-594-8062x71527,"694 Jose Centers Suite 515
Nicholasstad, OK 70737",Postpaid
241,Kyle Powell,001-591-924-2942x015,"444 Alexander Landing
Gregoryfurt, FL 52002",Prepaid
242,Sabrina Gray,401-967-3935x66715,"463 Heather Plains Apt. 488
New Ryan, MO 01884",Prepaid
243,Juan Hall,001-241-748-0963x259,"64850 Castaneda Courts
New Josephchester, SD 49206",Postpaid
244,Dominique Hayes,484-816-7836x265,"680 Karen Knoll
Lake Heatherborough, SC 83006",Postpaid
245,William Reese,792.247.4965x89574,"55949 Martin Rest Suite 328
Curryshire, MP 22177",Prepaid
246,Ian Hudson,555-859-9387x837,"5784 Lindsey Avenue Suite 408
Port Benjamin, KY 70628",Postpaid
247,Diana Marsh,592-398-8907x11647,"90362 Navarro Keys Suite 138
Briantown, FL 57639",Prepaid
248,William Henry,(718)730-0073,"PSC 5135, Box 9300
APO AP 32839",Prepaid
249,David Wright,5307828360,"438 Mary Branch Apt. 315
South Lawrence, KY 64222",Prepaid
250,Kristina Daniels,+1-979-730-4477,"54241 Bush Plaza
Grayside, HI 27140",Postpaid
251,Amy Garrett,3713805626,"PSC 8074, Box 5867
APO AE 54505",Prepaid
252,Laura Herman,954-426-6618x766,"322 Rebecca Island
Julietown, GA 59091",Postpaid
253,Courtney Jenkins,+1-923-997-7285,"9411 Sarah Summit Suite 048
North Michael, GA 49469",Prepaid
254,Andrea Dodson,+1-276-253-5878,"87294 Samantha Plaza Suite 228
Cunninghamchester, MO 28390",Postpaid
255,Erik Meyer,+1-842-730-3382,"059 Robin Fork Apt. 198
Bishopbury, OR 12193",Prepaid
256,David Mason,001-434-748-5324,"220 Michael Haven Suite 529
New Oliviashire, DE 27848",Postpaid
257,Patricia Garcia,969.328.9196x928,"4465 Clayton Fork
Lake Eric, AZ 28638",Prepaid
258,Ashley Jackson,258.309.0060x1363,"04046 Heather Stream
North Andrea, NM 73456",Prepaid
259,Gloria Espinoza,(676)730-6430x32670,"634 Mary Knolls
New Shane, HI 71238",Prepaid
260,Katie Cortez MD,375-288-8355,"8951 Smith Stravenue Suite 638
Lake Shannonberg, AZ 77825",Postpaid
261,Crystal Greer,234.551.4079x2956,"391 Wright Green
Dawsonborough, ME 28562",Prepaid
262,Thomas Stewart,525.402.6940x110,"38443 Joyce Hill
Youngmouth, ID 99780",Postpaid
263,Brenda Ray MD,5387058354,"9019 Amber Manor
Kathleenmouth, AS 35297",Prepaid
264,Dr. Catherine Roach MD,613-522-8380,"033 Alexander Passage Apt. 087
South Kayla, VT 79287",Postpaid
265,Debra Rowland,399.443.9551,"951 Green Rest
West Michaelport, FM 77076",Postpaid
266,Patricia Evans,+1-492-202-7921,"3325 Miller Street Suite 966
North Thomas, MI 34329",Postpaid
267,Ryan Hamilton,593.639.6152x859,"USNV Fletcher
FPO AE 89226",Postpaid
268,Penny Porter,284-730-9890x84473,"966 Stephanie Villages Apt. 101
West Kenneth, MS 44337",Postpaid
269,Victoria Ryan,+1-733-205-7840x764,"719 Kimberly Trafficway Suite 567
Greenview, OK 45158",Prepaid
270,Mark Giles,389-549-4768x727,"275 Stewart Square
Andrewborough, CO 12145",Postpaid
271,James Shelton,(494)893-0121x1341,"121 Meyer Causeway Apt. 518
West Kristin, VI 42671",Postpaid
272,Jessica West,(559)897-6309,"2924 Watkins Junctions
Port Jamesstad, DC 38387",Prepaid
273,Julie Juarez,(290)806-3587,"7121 Ashley Rue Apt. 112
Julieview, OK 57601",Prepaid
274,Theresa Carroll,(603)344-9580,"Unit 3392 Box 8428
DPO AA 17686",Prepaid
275,Christopher Johnson,001-262-891-4298,"88719 Washington Crest Apt. 979
Taylormouth, DE 18854",Prepaid
276,Jennifer Herrera,+1-432-884-3879x0993,"77723 Andrea Viaduct Apt. 251
Janetton, NH 87788",Postpaid
277,Laurie Lewis,571.273.8228,"01174 Andrea Avenue Suite 697
Nunezstad, IA 41303",Prepaid
278,Leah Davenport,795.622.4515x2192,"1847 Rachel Garden Apt. 187
New Alexanderburgh, CT 05851",Prepaid
279,Dr. Vernon Hall,928.231.8816x487,"40578 Dean Plain
Williamsborough, KS 93189",Prepaid
280,Stephen Duncan,+1-323-756-8155x577,"387 Justin Trafficway
Isaacton, GU 17439",Postpaid
281,John Hogan,+1-891-383-7627,"69085 Diaz Roads Suite 711
Davidland, IL 39296",Prepaid
282,Shannon Martinez,001-753-796-6118x763,"45634 Smith Shores Suite 268
New Kevin, MI 08082",Prepaid
283,Cory Barker DDS,384-856-5048x8938,"5991 Anthony Islands Apt. 708
North Sharon, PW 61083",Prepaid
284,Angela Lin,(267)319-3138,"0385 Benjamin Burg Suite 744
New Gina, NH 85485",Prepaid
285,Jorge Aguirre,(784)945-6777x895,"63057 Miller Stream Suite 713
Adamchester, UT 26538",Postpaid
286,Nancy Becker,(924)815-3663x2295,"59115 Steve Greens Apt. 729
North Lisaton, MO 76506",Prepaid
287,Janice Carter,552.816.3608x59641,"1970 Patricia Land Apt. 006
South Emilytown, FL 84858",Postpaid
288,Michael Moore,900-263-6624,"1629 Cristian Ports Apt. 150
Lake Travis, RI 73574",Postpaid
289,Crystal Alexander,712.829.4376,"05855 Danielle Walks
Romeroshire, LA 39006",Postpaid
290,Brian Bradley,+1-957-714-8580x675,"PSC 5199, Box 2041
APO AP 17686",Postpaid
291,Gina Yoder,788.254.6677x23068,"6872 Amy Mountains Apt. 462
Lake Mary, MP 32455",Postpaid
292,Mark Wright,(473)997-8144,"136 Jennifer Bridge Suite 655
Adkinstown, PR 56442",Postpaid
293,John Stephens,+1-487-503-5617x570,"68656 Nunez Forges
Rickymouth, KS 16567",Prepaid
294,Jessica Aguilar,+1-559-733-6304x5744,"Unit 2143 Box 7430
DPO AE 66773",Postpaid
295,Benjamin Young,784-516-9451x1024,"4608 Ford Stravenue
Tammyside, CA 81914",Postpaid
296,Dean Hoffman,(530)466-5465x0762,"030 Martinez Drive Apt. 075
Lake Suzanne, CO 63193",Postpaid
297,Mary Reed,235-595-7164,"PSC 0165, Box 9593
APO AE 78155",Postpaid
298,Melinda Frye,770-237-3207x738,"0851 Mccarthy Inlet Apt. 659
Port Ralphfort, LA 13302",Prepaid
299,Megan Alexander,936-813-9010x134,"300 Potter Tunnel
Henryview, PA 98243",Postpaid
300,Emily Lowe,284.936.0866,"24954 Teresa Ridges Apt. 359
Wrightberg, WA 75453",Prepaid
301,William Turner,001-490-338-5905x19676,"2686 Webb Manors Suite 797
Jenniferburgh, SC 89805",Postpaid
302,Tracy Johns,+1-691-711-4594x14324,"64004 Daniel Vista
Michellestad, VT 79505",Prepaid
303,Ashley Baker,607-787-9648x097,"8882 David Well Apt. 828
Kathleenport, WA 35136",Postpaid
304,Curtis Villegas,001-913-325-7250,"USS Hernandez
FPO AP 99445",Postpaid
305,Erika Thomas,239.688.9092,"2945 Diane Key Suite 667
Philipburgh, GA 24028",Prepaid
306,Gregory Brown,704-894-6131,"55974 Stanley Forges Apt. 568
Leahstad, WI 16980",Postpaid
307,Donald Conrad,678-546-4065,"86287 Isabel Summit
Mitchellville, OR 70762",Prepaid
308,Johnathan Hall MD,+1-536-644-5237x657,"3787 Miller Island
South Bobbychester, VT 74899",Prepaid
309,Barbara Ryan,(666)329-0060,"3491 Martinez Extension Apt. 976
Johnview, NE 58612",Prepaid
310,Kathleen Pratt,(809)730-4863x335,"4883 Jeffrey Brooks Suite 056
Hartton, ID 95652",Postpaid
311,Laura Thompson,309.731.8412,"98362 Sheila Village Suite 830
Angelaberg, HI 29435",Postpaid
312,Sydney Anderson,351-662-2767x43389,"2287 Leon Gardens Suite 625
Kevinberg, MA 02003",Prepaid
313,Michael Lucas,768-471-4165x73206,"Unit 6108 Box 0866
DPO AP 00747",Postpaid
314,Erica Mcmillan,+1-957-417-2652x33006,"4134 Miles Well
Kristenborough, KS 11385",Prepaid
315,Andrea Jones,001-300-284-5266x620,"4699 Loretta Junctions Suite 357
South Rosefurt, KY 05888",Postpaid
316,Tyler Olson,(278)225-4092,"4305 Carter Mountains Suite 846
Whitebury, GA 39134",Postpaid
317,Kathleen Lewis,3117510064,"290 Woodward Ports
North William, PW 24112",Postpaid
318,Chad Martinez,755-929-7929,"5832 Clinton Lock Apt. 956
East Kim, OH 14954",Postpaid
319,Kathryn Francis,001-789-997-1769x4922,"29958 Bethany Road Apt. 822
Johnsonhaven, NC 79365",Postpaid
320,Anthony Watts,655-855-7395,"2231 Fields Crescent
West Jennifer, VT 05021",Postpaid
321,Douglas Ray,599-366-6066,"28224 Gray Plains
Port Kenneth, NY 55014",Prepaid
322,David Rodriguez,378.936.7513,"9700 Hood Cape
Port Nicole, WV 85476",Prepaid
323,Jennifer Wilkins,936.814.5607x518,"6954 Sloan Turnpike Apt. 132
Simmonsfort, AR 01712",Prepaid
324,Scott Wallace,001-280-291-3026,"6717 Christina Circles Apt. 738
Robertburgh, NV 34215",Postpaid
325,Christopher Acosta,(444)599-3674x3822,"49185 Denise Ways Apt. 506
Alvarezstad, MD 27443",Prepaid
326,Christopher Martin,(475)988-9612,"902 Mendez Extension
Port Cathy, NJ 80153",Postpaid
327,Brandon Carey,+1-443-673-3358,"984 Logan Union Apt. 555
Yatesberg, ND 26107",Postpaid
328,Ashley Stokes,(868)789-7967x2237,"706 Schroeder Creek Apt. 878
North Christopher, SC 14290",Prepaid
329,William Carr,001-534-686-4640x9237,"PSC 6983, Box 4053
APO AE 37730",Postpaid
330,Kathleen Burke,740.537.0746x6616,"235 John View Suite 891
East Stephanie, MH 38512",Postpaid
331,Robert Pierce,+1-910-872-7923,"890 Tran Ville Apt. 046
Port Rebekah, LA 12164",Postpaid
332,Nicole Thompson,+1-680-874-8974,"124 Walters Cape Suite 090
New Bailey, MS 24175",Postpaid
333,Tyler Rhodes,966-292-1089x573,"253 James Mountain Apt. 891
North Frederick, FL 75651",Postpaid
334,Michelle Terry,(508)870-3891x4743,"620 Sharp Coves
Schroederstad, CO 62377",Postpaid
335,Peggy Taylor,+1-884-468-3564x12459,"3079 Eric Rest
Joshuaborough, ND 01697",Postpaid
336,James Hull,(328)539-4094x067,"11714 Kennedy Park
North Ianville, OK 31084",Postpaid
337,Andrea Gonzalez,461.738.3167,"26012 Kelly Lodge Apt. 532
New Chad, NJ 52276",Prepaid
338,April Ball,484.572.5285x10318,"3897 Matthew Route
Port Jenniferville, LA 67621",Postpaid
339,Bryan May,(871)514-9796,"8349 Allen Port Apt. 299
West Jacob, GA 23028",Prepaid
340,David Martin,001-994-398-4539x6877,"220 Nicholas Ranch Suite 605
Paulton, MS 31723",Prepaid
341,Jake Simmons,001-388-256-3838,"Unit 4861 Box 3575
DPO AA 21772",Prepaid
342,Joseph Walker,722-427-4263x806,"137 Marcus Garden
North Candacetown, SC 50824",Postpaid
343,Donald Montoya,6744808164,"949 Haney Burgs Apt. 885
North Jermaine, GA 35059",Prepaid
344,John Allen,456.616.6623x774,"0488 Glenn Summit Apt. 451
North Tammy, KY 08348",Prepaid
345,Jorge Cooke,+1-735-315-8469,"2264 Thomas Junction Apt. 743
Lake Jasonchester, OK 85235",Prepaid
346,Jonathan Adams,(846)567-4871,"3059 Aimee Village
North Sheryl, NY 59138",Prepaid
347,Jordan Payne,7407976743,"353 Diane Tunnel
North Eileenview, CT 26462",Postpaid
348,Virginia Pierce,+1-491-410-7491x4191,"950 Walker Gateway
North Joshua, KY 05474",Postpaid
349,Gregory Robinson,+1-520-498-8339x144,"693 Williams Drive Apt. 298
West Jonathan, PW 61843",Prepaid
350,Michael Williams,001-970-206-3237x7026,"8800 Hodge Turnpike
South Craigchester, MP 60221",Prepaid
351,Blake Cameron,(508)544-2727,"6880 David Rest Suite 312
Erikaland, PA 23604",Postpaid
352,Denise Brown,(907)272-2034x19416,"98125 Fitzgerald Ridge
Lunaview, OK 13250",Prepaid
353,Dan Gay,(966)733-9833x90443,"USNS Reyes
FPO AA 30478",Prepaid
354,Deanna Gonzalez,001-494-388-9776x2953,"411 Carmen Estate
North Daniel, OH 14182",Prepaid
355,Rebecca Hardin,9447258328,"71159 Ana Forge
North Raven, KS 79702",Prepaid
356,Amy Campbell,(478)827-1789,"4136 Stephanie Glen
North Richardfurt, PR 62158",Prepaid
357,Michael Torres,2808384969,"9394 Peggy Forge Suite 864
South Joanna, LA 32268",Postpaid
358,Christine Moore,7146461153,"336 Shelby Squares
North Scott, AZ 33302",Postpaid
359,Marissa Kelley,(481)495-2464,"512 Ryan View Suite 373
Johnborough, MT 77436",Postpaid
360,Marcus Cain,001-603-205-4090x8775,"51785 Malone Rue Apt. 975
Lake Charles, CA 70762",Prepaid
361,Isaac Griffith II,2468895169,"Unit 8460 Box 6888
DPO AE 82354",Prepaid
362,Samuel Sanchez,(376)785-7020x8234,"2971 Solis Locks
Lake Phyllis, CA 94721",Prepaid
363,Michael Morris,(731)668-9302x505,"98610 Deborah Parks
Crossfort, MN 72873",Prepaid
364,Jordan Morgan,(615)875-2655,"522 Horton Pass
Ochoatown, NV 13268",Postpaid
365,Alexis Perkins,626-393-9054x09074,"4257 Walls Plaza
Port Crystal, NY 04310",Postpaid
366,Joshua Knox,(971)907-3838x667,"509 Katelyn Meadow Apt. 771
South Scott, CT 06892",Prepaid
367,Christopher Graham,971.211.3950,"23261 Jones Parkways
Jamesside, NC 04182",Prepaid
368,Raymond Cherry,+1-359-870-3515x375,"1652 Amy Groves
Lake Marie, PR 03099",Prepaid
369,Christopher Ibarra,365.431.3199,"PSC 5205, Box 7854
APO AE 06256",Postpaid
370,Brian Berry,905.741.0915,"USNS Hicks
FPO AE 05453",Prepaid
371,Sylvia Jenkins,001-245-391-6245x199,"1047 Rowe Junction Apt. 441
Lake Jennifermouth, GA 01358",Prepaid
372,Natasha Fisher,778-314-7741x275,"3718 Hill Orchard
Port Stephanie, FL 76296",Prepaid
373,Amy Goodman,5338204554,"082 Stephen Forges
South Vincentbury, VA 54665",Postpaid
374,Richard Lee,+1-767-407-8827x3825,"122 Debra Expressway Apt. 368
East Melissamouth, AZ 39776",Prepaid
375,Krystal Robinson,(205)355-3654,"515 Jacob Extension
West Lawrencemouth, MO 70307",Postpaid
376,Rose Allen,+1-760-529-9875x53073,"965 Amanda Spur
South Edward, MP 63472",Postpaid
377,Joshua Meyer,(747)252-3254,"184 Jessica Key
South Brandonbury, FL 26683",Prepaid
378,Mark Jackson,353-370-5422x242,"204 Tyler Well
East Edwardborough, GA 88452",Prepaid
379,Tyler Beard,418-203-8615,"PSC 5594, Box 5939
APO AP 11183",Prepaid
380,Michael Jackson,881-205-5018x2861,"456 Munoz Row
Brownchester, MN 58978",Prepaid
381,Monica Perez,444.513.8471x480,"6688 Mitchell Row Apt. 175
Snyderton, KY 07214",Postpaid
382,Cody Robertson,(590)232-9964x962,"43894 Madeline Throughway
South Elizabethchester, WY 93157",Prepaid
383,Brian Daniels DVM,789.372.2443x38470,"2425 Mark Lodge Suite 667
Lake Johnathanstad, SD 15436",Postpaid
384,Dan Johnson,(922)747-0174,"9234 Lee Park
Hallton, IN 16352",Prepaid
385,Tyler Jackson,768.324.8907,"Unit 3749 Box 8558
DPO AE 14154",Postpaid
386,Scott Lang,811.508.4349,"67377 Frank Ford Suite 519
New Austin, MP 47918",Postpaid
387,Tonya Harris,+1-776-525-1428x8244,"2748 Ryan Extensions
South Laurabury, TN 48839",Postpaid
388,Anthony Carter,(473)541-1421x3677,"PSC 2250, Box 0744
APO AA 05202",Prepaid
389,Tara Payne,848.479.6737x051,"4561 Ward Parkway Apt. 165
Port Kimberlyberg, AL 75353",Postpaid
390,Ms. Erica Yu,888-283-0281x568,"828 Joseph Plaza Suite 438
New John, ID 56463",Postpaid
391,Joshua Kelly,(446)631-9444x55849,"072 Hurst Bypass Apt. 928
Lake Sherylfort, WA 38145",Prepaid
392,Denise Torres,001-899-625-1042x69032,"789 Destiny Ramp
New Timothyborough, AL 30403",Postpaid
393,Robert Kelly,691.544.1855x450,"31441 Manning Pine
South Kevin, ME 98121",Postpaid
394,Brian Lynch,3574758848,"311 Catherine Inlet Suite 353
Keithstad, GA 44313",Postpaid
395,Jillian Atkins,8275116421,"7453 Christine Lock Suite 310
New Sandraborough, NJ 49614",Postpaid
396,Patricia Adams,001-549-362-8915x2824,"59833 Thompson Dale Suite 696
Ryanmouth, NV 21459",Postpaid
397,Amy Hansen,349.546.4975,"1150 Angela Divide Apt. 894
Littleside, WY 26474",Prepaid
398,Thomas Hale,8033049216,"2098 Michael Highway Apt. 711
East Michelle, TX 66563",Prepaid
399,Alexis King,648-960-2827,"43749 Charles Radial Apt. 163
Terryfurt, AR 26764",Prepaid
400,Sandra Cook,404-397-2633x03712,"778 Bob Brook Suite 762
Sparksland, TX 21160",Prepaid
401,Don Le,704.665.4344,"133 Mary Causeway Apt. 053
Port Christopherburgh, OR 41835",Postpaid
402,Sarah Bell,001-709-944-4518,"0941 Tammy Trafficway
Port Kristin, WV 01027",Prepaid
403,Billy Beasley,+1-808-630-2025x446,"256 Burton Islands Apt. 805
Davischester, UT 12886",Prepaid
404,Gina Arnold,985.557.0310,"6274 Smith Port
East Tyler, PA 98775",Postpaid
405,Tricia Rios,691-669-3606,"400 Lisa Crossing
South Brucefort, NC 81261",Postpaid
406,Robert Brooks,2149518526,"0507 Sherry Expressway Apt. 797
Port Aliciabury, TX 48326",Postpaid
407,Earl Hobbs,+1-548-846-5884,"7110 Parker Grove Apt. 112
Port Alexanderstad, ND 40009",Prepaid
408,Robert Mahoney,001-562-962-5969x8123,"714 Brian Cliff Suite 300
East Juliestad, CT 52970",Postpaid
409,Jennifer Ortiz,001-591-869-9579x42221,"8975 Barnes Forks Suite 551
West Deborahmouth, WI 35240",Prepaid
410,Adriana Mckenzie,001-524-921-4989x8247,"1796 Robinson Pines Suite 164
Evanshaven, ME 21174",Postpaid
411,Veronica Carter,+1-317-595-0606,"532 Roberts Point Suite 225
South Courtneyville, KS 60629",Postpaid
412,Richard Alvarez,524-778-3666x8130,"PSC 6899, Box 3665
APO AA 68701",Postpaid
413,Wendy Haynes,(615)321-5523,"1472 Austin Bridge Suite 361
New Williamport, FL 20102",Postpaid
414,William Davis,349-953-7615,"9638 Barron Mill Apt. 044
Matthewville, HI 82777",Postpaid
415,William Watts,+1-964-517-5287x556,"828 Richard Freeway
North Jocelynmouth, WV 03145",Postpaid
416,Alex Watson,478-244-0776x829,"4036 Mendoza Circle
South Gabrielahaven, CT 06390",Prepaid
417,Janet Davies,001-842-648-8800x775,"273 Harris Drive
Port Nicoleburgh, WA 59361",Prepaid
418,Vanessa Rios,001-757-659-8573,"USS Smith
FPO AA 75386",Prepaid
419,John Reed,599-921-7162,"83371 Anderson Locks Suite 557
Lake Amychester, OR 65727",Prepaid
420,Andrew Waters,7032654507,"2548 Jordan River
West Larryfurt, NE 00857",Prepaid
421,Timothy Contreras,001-324-378-3913x6684,"549 Elliott Street Apt. 701
East Angela, AL 00852",Prepaid
422,Nathan Gonzalez,582-815-0952,"Unit 7998 Box 5700
DPO AE 61924",Prepaid
423,Anna Sharp,365-249-1567x886,"973 Lisa Island Suite 500
Sarahfort, SD 83828",Prepaid
424,Nicole Stone,764.952.6648x62853,"82371 Luis Crescent
Staceybury, MO 73219",Postpaid
425,Mark Smith,882.985.0676x852,"745 Henderson Mall Suite 321
New Matthewside, MI 79753",Postpaid
426,Jennifer Wilson MD,5465285538,"71584 Horne Crossroad
West Gregory, WY 09014",Postpaid
427,Thomas Aguilar,4644529555,"464 Alvarez Mountain Apt. 738
Lake Michael, FL 57026",Prepaid
428,Jamie Gibson,600.272.2755x96139,"PSC 5405, Box 6726
APO AA 60055",Prepaid
429,Brent Gallagher,001-785-730-9600x667,"85020 Bell Views
Nicholsonview, HI 57675",Prepaid
430,Jeffrey Romero,286.285.4907,"Unit 9109 Box 2757
DPO AP 28515",Prepaid
431,Fernando Brooks,001-562-363-2958x26367,"052 Carly Vista Apt. 338
East Samantha, HI 30910",Prepaid
432,Vicki Dominguez,7852587333,"94735 Jason Pass
South Dannyburgh, NE 70556",Postpaid
433,Amanda Hernandez,7932648708,"303 Cathy Orchard Suite 292
Kellymouth, NM 15313",Prepaid
434,Katelyn Walters,001-625-928-4554x457,"46127 Matthew Green
Hartbury, AS 40850",Postpaid
435,Tonya King,(692)690-3338x021,"062 Alicia Station Apt. 878
Nelsonland, AK 09062",Prepaid
436,Peggy Yates,4158304580,"53626 Billy Lakes
North Carmen, PA 99145",Prepaid
437,Steven Thomas,345.692.3243x7382,"USNV Hill
FPO AA 85488",Prepaid
438,Madison Lutz,358-654-1527,"597 Matthew Burgs Suite 328
West Andrew, PR 82750",Postpaid
439,Richard Fields,001-968-964-0002,"724 Valencia Plaza
West Christy, TX 61297",Prepaid
440,Mikayla Morris,+1-955-955-5041x77841,"327 Norton Green Apt. 744
East Noahview, NJ 12414",Postpaid
441,Randall Vazquez,306-207-9444x888,"35322 Jennifer Garden Suite 095
Port Christine, TN 28597",Postpaid
442,Susan Harris,+1-959-211-9707x662,"32593 Smith Groves
Cooperton, TX 52384",Prepaid
443,Wesley Patel,+1-958-609-6732x2278,"USS Boyd
FPO AE 11533",Prepaid
444,Evan Anderson,(958)450-9260,"392 Williams Harbor Apt. 709
Traceyburgh, WI 03948",Prepaid
445,Wanda Kennedy,001-399-737-5576x66309,"483 Boone Trace Suite 584
New Brianside, PA 79256",Prepaid
446,Hannah Burgess,728.899.8504,"7562 Ross Mills Suite 759
Freemanborough, AS 33667",Prepaid
447,John Gonzales,903-524-0229x2532,"704 Hailey Crest Apt. 230
Lake Joshua, UT 68014",Postpaid
448,Michael Daniels DVM,963-306-3734,"Unit 9250 Box 0335
DPO AP 12846",Postpaid
449,Larry Anderson,+1-746-380-2070x4322,"87257 Moyer Ford Suite 064
East Chris, GU 88533",Prepaid
450,Rebecca Curtis,(562)461-9530,"Unit 8924 Box 4845
DPO AP 24048",Prepaid
451,Mary Young,702-483-3146,"9001 Tiffany Falls Suite 368
Sallyville, AS 84199",Prepaid
452,Dylan Ramirez,+1-329-490-7848x9316,"2704 Toni Alley
Wandaberg, KY 80854",Postpaid
453,Maurice Bonilla,001-917-736-8530,"4993 Anderson Plains Apt. 667
Amberhaven, ID 35039",Prepaid
454,Shannon Moss,001-398-503-4173x71453,"USNV Brown
FPO AE 03246",Prepaid
455,Katie York MD,001-766-633-4430x671,"639 Stephanie Greens Suite 542
New Melindaborough, PR 18261",Prepaid
456,Julie Thomas,599-951-5032x820,"55415 Weiss Mountains
North Henry, AR 55277",Prepaid
457,Daniel Johnson,462.934.8774x1789,"USNS Baker
FPO AE 18276",Postpaid
458,John Reynolds,266-364-0728x643,"1199 Christopher Camp
Lake Donna, OR 09677",Prepaid
459,Alexander Flores,407-321-2853x0411,"4746 Holden Locks
Paigeberg, ND 38965",Prepaid
460,Peter Diaz,001-745-913-1801x9806,"06966 Lawrence Isle Apt. 557
Zimmermanhaven, DC 83521",Postpaid
461,Isabella Duran,(364)213-5970x87635,"8102 Nelson Rest
South Paulshire, ND 76863",Postpaid
462,Ebony Jones,438-828-3548,"75569 Terri Hollow
Carrieberg, AL 42450",Postpaid
463,Bruce Adams,+1-558-713-5613x3362,"30809 Daniel Islands
New Ryan, PW 11763",Postpaid
464,Rebecca Carlson,421-708-6046,"146 Robert Row
West Robert, WI 23537",Postpaid
465,Anna Garcia,722-251-9770,"PSC 0300, Box 6676
APO AA 45121",Prepaid
466,Catherine Hardy,(770)786-8951x824,"585 Melissa Brooks
Castilloshire, MS 65960",Postpaid
467,Nicole Austin,(238)577-3671x8902,"87131 Francisco Point
East Amberbury, CA 44060",Prepaid
468,Michael Keller,(788)596-4856,"2607 Silva Summit Suite 863
Welchborough, MO 69747",Postpaid
469,Lori Diaz,001-765-923-9661x584,"USNS Short
FPO AA 91857",Prepaid
470,Douglas Holland,461-304-1645,"95075 Timothy Port Suite 327
West Josephshire, ME 01876",Postpaid
471,Phillip Bennett,(577)994-1466x9702,"USNS Grant
FPO AE 00512",Postpaid
472,Nancy Andrews,+1-690-765-8232x6152,"75755 Mackenzie Key Apt. 666
Churchstad, IN 76057",Prepaid
473,Tiffany Holmes,545-253-5132,"3694 Jennifer Walk Apt. 593
Lake Phyllis, MT 51872",Prepaid
474,Shane Spears,(321)906-3066,"6579 William Rapid Apt. 691
Jasonville, CA 95007",Prepaid
475,Sylvia Barker,5925851735,"99580 Patel Road
New Juliestad, MD 23600",Prepaid
476,Robert Wallace,001-951-231-9849x4523,"Unit 9102 Box 4466
DPO AA 26324",Postpaid
477,Michael Woods,216-920-0038x7470,"0513 John Expressway Suite 734
Allisonton, WI 43786",Prepaid
478,Jerry Rodriguez,437.889.1691,"6851 Tina Manor
North Timport, CT 87507",Postpaid
479,Laura Rogers,(968)242-0576,"497 Lee Port Suite 881
East Robert, FM 81058",Postpaid
480,Charles Donovan,001-552-633-6470x3938,"8194 Billy Hill Suite 546
Kevinton, CA 94862",Postpaid
481,Felicia Leon,6969156618,"457 Douglas Terrace Suite 233
Lake Maria, KS 38314",Postpaid
482,Jason Carpenter,001-708-278-2988,"0546 Christopher Parkways
North Kim, OR 45335",Prepaid
483,Anne Walker,+1-755-415-6703x90547,"2608 Melton River Apt. 268
New Alicia, AK 12384",Prepaid
484,Michael Mclean,684.372.7658x042,"USCGC Grimes
FPO AP 18312",Postpaid
485,Michael Robbins,338-423-2044,"8177 Rachel Bypass Suite 304
North Savannahmouth, OH 09757",Prepaid
486,Anthony Walker,(778)206-4013x52658,"5498 Jonathan Mount Suite 119
East Julia, HI 51772",Postpaid
487,Denise Mack,+1-482-651-3702,"61490 Lisa Villages Apt. 197
Mendezside, HI 87949",Prepaid
488,Traci Davis,(907)859-7377,"6443 Heather Drive Apt. 236
Port Kathryn, NH 95402",Prepaid
489,Pamela King,(753)729-4010x124,"27082 Melissa Passage Apt. 145
Sanfordborough, NE 70825",Postpaid
490,Cory Brown,(506)276-1628x22508,"33786 Justin Gateway Suite 127
Dianaburgh, NC 17396",Postpaid
491,Jessica Perez,635-749-3117,"4889 Turner Lights Suite 395
Tammyport, VT 67598",Postpaid
492,Lisa Harris,001-937-424-6483,"892 Troy Trail Apt. 744
Tracyburgh, GU 09117",Prepaid
493,John Gill,001-998-525-2338x73816,"1850 Miller Squares Suite 239
Port Carrie, PA 19603",Prepaid
494,Laura Meyers,568.974.3962x47103,"79698 Michelle Squares
Lake Kelsey, ND 79475",Prepaid
495,Veronica Silva,535-680-8438,"6036 Samuel Avenue Apt. 267
Riverachester, MP 66007",Postpaid
496,Michael Rodriguez,(464)436-4171x819,"848 Steven Dam Suite 797
West Kimberly, ME 91791",Prepaid
497,Ashley Dodson,659.922.1848,"098 Perez Lake Apt. 832
Lake Jared, AK 92137",Postpaid
498,Christopher Martin,490.986.6431,"628 Sarah Isle Apt. 597
Dawsonmouth, ME 41508",Postpaid
499,Justin Edwards,(975)730-3841x92897,"Unit 8955 Box 8871
DPO AP 21338",Prepaid
500,Neil Miles,521.824.1580x7455,"09295 Erickson Heights
Edwardsfort, AR 84353",Prepaid
501,Johnny Beck,+1-688-759-2987x23729,"USS Patel
FPO AP 87666",Prepaid
502,Anthony Garcia,001-828-453-1519x945,"PSC 2046, Box 5165
APO AE 43585",Prepaid
503,Lauren Reyes,(932)484-1412x1640,"96434 Singh Manor
Kellerburgh, MO 33164",Postpaid
504,Melissa Hughes,(617)785-9039x10865,"452 Sellers Highway Apt. 926
West Ellen, LA 49444",Postpaid
505,Cassandra Castillo,686-861-5880x6701,"7151 William Harbors Suite 409
Jenniferberg, KY 64972",Postpaid
506,Susan Dorsey,572.886.0737x22420,"47828 Melissa Valleys Apt. 297
Erikaview, ME 24104",Postpaid
507,David Smith,647-456-9963,"50541 Schmidt Orchard
Johnsonshire, RI 81149",Prepaid
508,Taylor Gamble,7194711470,"99563 Melvin Rue
Harristown, GA 35341",Prepaid
509,Robert Kramer,644-771-1000x425,"USNV Mejia
FPO AP 23687",Prepaid
510,Donna Weber,239.362.7551x72491,"536 Rose Brook
Lake Jerryport, IL 91099",Postpaid
511,Brittany Wallace,001-405-661-0664x25058,"978 Williams Port Apt. 932
West Scott, NH 85511",Prepaid
512,Shannon Garcia,790-293-1726x9701,"Unit 4766 Box 3370
DPO AE 96113",Prepaid
513,Maria Jarvis,515-818-1452,"951 James Way Suite 289
West Keith, CT 96827",Postpaid
514,Cody Hernandez,405.643.8498,"Unit 0786 Box 1659
DPO AA 53436",Prepaid
515,Mia Murphy,+1-725-668-9109,"1636 Noble Spur Suite 408
Baileyfurt, SC 49652",Postpaid
516,Terrance Lopez,949-649-0680,"71784 Eric Summit
Port Calebborough, DC 50811",Postpaid
517,Lisa Cortez,(221)343-6262,"890 Michael Stream
East Paulburgh, TN 42162",Postpaid
518,Gregory Gross,+1-377-281-1669x875,"33807 Fisher Fort Apt. 251
Katherinefort, NM 12685",Postpaid
519,David Davis,623.980.0610x0427,"6418 Lee Flats
Port Brett, ID 20390",Prepaid
520,Patrick Nguyen,755-793-7749,"6612 Higgins Inlet
Dennisberg, FM 94320",Prepaid
521,Randall Sawyer,+1-756-938-6231x68609,"USNS Herrera
FPO AP 02720",Postpaid
522,Brittany Tate,270.867.2367x50917,"0486 Gross Drives
Fitzgeraldfurt, VI 50744",Postpaid
523,Nancy Gonzalez,001-709-368-0575x4268,"3436 Herman Extensions
Leeberg, NE 50133",Prepaid
524,Jason Quinn,+1-927-460-8218x4285,"USS Jones
FPO AE 43676",Prepaid
525,John Neal,+1-351-260-3819x72008,"39604 Scott Gardens Suite 909
Westbury, MH 90082",Postpaid
526,Brandon King,001-638-491-4806x77303,"6241 Marissa Unions
Lake Harold, ID 38239",Postpaid
527,Rhonda Park,3045627488,"3371 Valdez Run Suite 119
Mossside, PW 04561",Postpaid
528,Pamela Bush,919.564.7057,"48959 Patricia Junction
Carolineshire, VI 53744",Postpaid
529,Ronald Russell,(358)926-9065,"012 Brown Station
Hubbardland, NV 07259",Prepaid
530,Christopher Klein,+1-393-876-0487x6524,"47655 Kayla Point
Jessetown, FM 28992",Postpaid
531,Tammy Stephens,+1-631-373-7770,"5966 Miller Corners Apt. 999
Jessetown, TX 51809",Prepaid
532,Dr. Sherry Mendoza,490-876-1994,"6168 David Vista
New Sarah, PR 04843",Postpaid
533,Laura Martin,001-286-737-7999,"460 Lonnie Viaduct
Hoodmouth, AK 22434",Postpaid
534,Amanda Martinez,+1-783-664-4782x02266,"2479 Hunter Roads
Rodriguezborough, WY 69656",Prepaid
535,Jennifer Daniel,3355584412,"501 Hanna Ports
New Andrewberg, PR 01562",Prepaid
536,Kevin Williams,461.593.7230x3453,"63959 Eileen Lane
West Lori, ND 80103",Postpaid
537,Karen Owens,+1-560-895-5796,"82997 Michael Estates
New Amber, FL 06488",Postpaid
538,Tara Zamora,+1-648-533-3677,"412 Hatfield Mill Apt. 879
North Samuel, ND 32077",Postpaid
539,Jessica Phillips,8002318306,"49253 Ryan Orchard
Stephaniebury, DC 83998",Prepaid
540,Robert Jones,552.565.6270x919,"154 Gary Field
East Jamie, WV 49347",Postpaid
541,David Calhoun,+1-898-272-7522x43981,"109 Michael Stream Suite 810
Larryberg, VT 10196",Postpaid
542,Christy Knox,001-538-888-1216x36352,"Unit 9313 Box 3819
DPO AP 12416",Prepaid
543,Carrie Davis,(797)668-5933,"1030 Smith Courts
Brianville, AL 08840",Prepaid
544,Christina Castillo,866-307-1187,"3212 Washington Trafficway Apt. 295
Hernandezborough, PR 88827",Postpaid
545,Pamela Duncan,278-750-6662,"77580 Horn Passage Apt. 320
Port Rhondaside, NE 78697",Postpaid
546,Anna Rivera,(279)663-6025,"14043 Kline Orchard
New Williamview, NC 13625",Postpaid
547,Jacqueline West,001-276-733-3496x6149,"USNS Allison
FPO AA 32360",Postpaid
548,Michael Dillon,400-202-3531x04212,"2201 Crystal Fords
Jessicatown, FM 91003",Postpaid
549,Deborah Smith,646-476-5472x917,"2800 Santos Cove
West Sarahhaven, VT 37110",Postpaid
550,Daniel Charles,694-558-8030x35376,"55296 Fowler Vista
Daviston, OR 90722",Prepaid
551,Barbara Phillips,383-286-7490,"6141 Matthew Villages
Gloriaton, GA 37554",Prepaid
552,Donald Curtis,586.805.3750x529,"549 Williams Mills
New Rodneybury, NM 54783",Postpaid
553,Amanda Lawrence,5282027820,"408 David Extension Apt. 034
Vanessaberg, NJ 59429",Prepaid
554,Michelle Lee,(550)386-6674,"255 Williamson Mission Suite 461
Watsonview, MP 64137",Prepaid
555,Scott Brown,438.979.4566x7786,"66351 Stewart Islands
Williamfurt, VT 69791",Prepaid
556,Melanie Moore,4925147266,"30011 White Lane
New Carl, RI 87059",Postpaid
557,Jodi Avery,+1-349-686-6249x255,"6542 Timothy Prairie
West Andrew, WI 20525",Prepaid
558,Deanna Roy,+1-668-983-3137,"06438 Margaret Parks Apt. 146
Lake Mitchellberg, MP 55591",Prepaid
559,Patrick Livingston,001-933-704-1294x037,"3516 Ray Drives
North Vanessa, SC 15714",Prepaid
560,Donald Morse,428-816-7897,"662 Cheyenne Parks Apt. 760
West Thomas, ID 95835",Postpaid
561,Joseph Chaney,001-633-552-9958,"5980 Wendy Overpass Apt. 039
Watsonfort, HI 71859",Prepaid
562,William Wallace,790.989.5458,"34160 John Roads Suite 991
Jonesshire, CO 98050",Prepaid
563,Cynthia Simmons,797.498.8384,"441 Justin Valleys
Kathybury, WA 57015",Postpaid
564,Andrew Rodriguez,001-706-256-3283x0695,"068 Lang Corner Suite 554
Warnerbury, NM 71730",Prepaid
565,Mr. Robert Morgan,(975)433-1469x2850,"72398 Kevin Greens
Nancyside, KY 56469",Prepaid
566,Thomas Young,001-308-908-7027x0215,"7052 Davis Terrace
Heatherfort, WV 86050",Postpaid
567,Joshua Chen,297.785.4917,"070 Steve Landing
Lake Mallory, WI 05177",Postpaid
568,John Burns,+1-487-286-0990x757,"4171 Blake Summit Suite 306
Lake Tylerbury, NC 91934",Prepaid
569,Debbie Miller DDS,892-311-6169x421,"782 Delgado Manor
Harrellville, MO 57781",Prepaid
570,Jordan Potts,(577)513-3032,"USNS Ray
FPO AA 45119",Prepaid
571,Stephanie Benton,(261)244-7234x444,"05111 Nguyen Forks
West Lisaberg, NV 47565",Prepaid
572,Kelly Vasquez,8949431101,"60104 Padilla Village Apt. 056
Obrienburgh, SD 67898",Postpaid
573,John Gibson,001-554-534-3627x5466,"Unit 2137 Box 1621
DPO AE 02292",Postpaid
574,Alexander Jones,(817)671-2723x27111,"928 Robbins Place Apt. 723
Port Taylormouth, TN 90197",Postpaid
575,Kevin Williams,6097166678,"339 Cody Lakes
Chapmanberg, NE 28953",Postpaid
576,Michelle Smith,(429)208-5893x03337,"Unit 0643 Box 3187
DPO AE 80310",Prepaid
577,Caitlin Day,+1-834-240-8809,"4974 Robert Drives Apt. 619
Coleview, DE 23961",Postpaid
578,Dr. Megan Schmitt,001-465-968-5044x72152,"77283 Kristie Neck Suite 448
Lake Dianeland, WA 54084",Prepaid
579,Mario Delacruz,+1-833-360-0399,"61913 Dean Forks
Lewisborough, PR 08070",Postpaid
580,Rachel Sanchez,+1-842-934-7592,"4945 Myers Ways
Brownchester, MA 06307",Prepaid
581,Christopher Sanchez,001-798-826-6275x1347,"1146 Alex Trace Apt. 517
Garciafurt, NH 95130",Postpaid
582,Randy Horn,4572917001,"889 Blair Overpass
East Jessica, KY 88044",Prepaid
583,Amanda Grant,(918)395-9669,"5090 Alan Parkway
Glenntown, IL 03836",Prepaid
584,Sandra Gonzales,938.240.4735,"Unit 3301 Box 1537
DPO AA 85974",Prepaid
585,Jeffrey Andrews,310-497-8320,"442 Vanessa Ramp Suite 434
New Toniland, IA 99277",Prepaid
586,Crystal Adams,001-964-282-6084x3201,"00832 Smith Village
Juliefort, NY 28589",Prepaid
587,Richard Keller,+1-837-685-6987x24386,"045 Monique Inlet
Port Nicole, GU 07322",Postpaid
588,Jennifer Ross,893.632.9005,"24476 Jeffrey Lodge
New Patrick, PR 50839",Postpaid
589,Felicia Rodgers,(869)703-3892x422,"367 Christian Summit Suite 635
North Wesley, SC 73035",Postpaid
590,Sheryl Bennett,(687)737-4224,"83647 Patrick Flats
North Patrick, MD 45441",Postpaid
591,Mackenzie Sanchez,6716709792,"29644 Chapman Extension
Danielfurt, ND 92612",Postpaid
592,Courtney Anderson,6109709416,"919 Corey Gardens
East Deborah, WV 88338",Prepaid
593,Hunter York,(746)773-6438x2921,"1771 Hernandez Cliffs Apt. 834
Rebekahfurt, VI 69744",Prepaid
594,Christine Rogers DVM,332-996-3392x06688,"2560 Heath Park Suite 028
Kendraside, TN 64349",Postpaid
595,Matthew Sawyer,+1-684-891-2040x67369,"724 Jason Shores
North Melissatown, MO 90420",Postpaid
596,Benjamin Meyer,+1-246-210-2877,"43133 Katelyn Crest
Luisberg, FM 75717",Postpaid
597,Lucas Weeks,908-792-1014x4495,"81202 Taylor Estates Suite 846
South Luistown, GU 13763",Prepaid
598,Jennifer Walker,001-304-889-9557,"1057 Christopher Views Apt. 300
Andersonfurt, MA 80845",Postpaid
599,Kayla Hernandez,633-465-8527,"61690 Davis Forge
Estradatown, IA 83134",Postpaid
600,Timothy Rowe,+1-382-744-5551x70191,"79114 Belinda Light Apt. 892
New Caitlyn, KY 94472",Postpaid
601,Maria Goodwin,914.357.4676x353,"23788 Gregory Mountain Apt. 736
Adamsview, OR 53599",Postpaid
602,John Gonzalez,(834)748-5547x107,"364 Valenzuela Stream Suite 895
Jonfurt, IA 77193",Postpaid
603,Julie Herman,+1-536-571-7170x7612,"88340 Boyer Brook
North Larrytown, VA 05748",Postpaid
604,Heather Duran,375.634.0642,"8676 Kelly Mountains Suite 880
Adamtown, WV 98580",Postpaid
605,Scott Hodge,+1-762-780-0738x2413,"32974 Joseph Lakes Apt. 192
South Jose, PA 95762",Postpaid
606,Jennifer Gross,733-971-0732x2473,"059 Ronald Tunnel Apt. 617
North Taylorchester, OR 63639",Postpaid
607,David Snyder,001-963-282-5469,"749 Rebecca Forge
Port Jamesfort, AZ 81012",Prepaid
608,Danny Jones,949.234.3463x0986,"87486 Lisa Fords Suite 523
Garciachester, KS 49275",Postpaid
609,Mr. Patrick Gonzalez,3358233854,"97768 Andrea Corners
South Jeremiah, IA 24600",Prepaid
610,Jessica Thornton,280-635-5218,"9221 Webster Knolls
Josephfort, NM 65800",Postpaid
611,Matthew Barrett,364-948-3260x45451,"6208 David Stravenue Apt. 813
Mckenzieland, SD 79303",Prepaid
612,Glen Wood,768-300-9644x174,"87851 Joel Ranch
Jacksonland, AR 88809",Prepaid
613,Justin Le,+1-838-328-5581x023,"6860 James Mountains
Simsville, MN 09256",Prepaid
614,Russell Adams,(239)796-0863x172,"9077 Robert Summit
Andreaside, AL 46355",Prepaid
615,Alexandria Martinez,3227565648,"25595 Michael Village
East Amandaview, OR 89570",Postpaid
616,Brandon Jackson,(875)538-2452x75799,"135 Ruiz Island Apt. 266
North Jefferymouth, GA 08008",Postpaid
617,Sean Smith,(445)235-5874,"648 Garcia View
Mcculloughside, HI 84707",Prepaid
618,Jason Rivera,001-400-597-2415,"085 Brian Radial
North Sarahshire, LA 61272",Prepaid
619,Tyler Duarte,001-923-674-2098x2083,"753 Vicki Lake Suite 876
Jonesmouth, WV 57515",Postpaid
620,Amy George,(798)620-0286x089,"35417 Richard Vista Apt. 850
Port Dustinfort, IL 93292",Postpaid
621,Mrs. Melissa Coleman MD,(951)654-7407,"57349 Gomez Loaf
Gonzalesstad, MI 29304",Postpaid
622,Omar Turner,989-666-6282x06760,"6766 Timothy Plain
Robertville, KY 31839",Postpaid
623,Anita Perez,+1-647-276-2129x49243,"218 Megan Pass
Jonesborough, WI 88563",Prepaid
624,Alexis Bell,(972)813-5332x710,"46430 Walsh Expressway Suite 301
North Jenniferview, VI 66194",Prepaid
625,Trevor Johnson,578.223.0174,"054 William Mews Suite 804
South Jamesport, NH 04139",Prepaid
626,Shelby Mullins,729.553.9711x3660,"PSC 9394, Box 9644
APO AA 30543",Prepaid
627,Kevin Hinton,973.465.4406x29548,"21227 Parks Crest Suite 840
North Jonathanburgh, MT 18241",Postpaid
628,Rachel Wilson,613.793.5513,"9089 Simmons Prairie
East Austinland, TN 72892",Prepaid
629,Hannah Graves,411-375-1922x9080,"77183 Ronald Fall Suite 736
Roberthaven, NC 51198",Postpaid
630,Jessica Taylor,373.566.1512,"7396 Carter Track Apt. 382
Richardmouth, AL 01877",Postpaid
631,Mia Berry,+1-637-518-3070x9426,"65847 Ward Curve Apt. 836
Vaughanview, SC 31335",Prepaid
632,Debra Nguyen,969.703.0287x7866,"748 Hector Views Suite 847
Lake Ginatown, GA 38539",Postpaid
633,Aaron Baker,+1-970-743-5368x5716,"63848 Arnold Cliffs Suite 888
Wallacefort, AK 04783",Postpaid
634,Andrew Marks,266.273.2438x56611,"3846 Natalie Road Apt. 100
New Christina, NM 23474",Prepaid
635,Micheal Key MD,(806)431-0352x0349,"8096 William Haven Suite 060
East Christiemouth, RI 69027",Postpaid
636,Anthony Williams,001-761-245-2115x86582,"326 Montgomery Ford
Jamesshire, DC 75844",Postpaid
637,Hayley Riley,375-280-7554,"711 Leach Meadow
Clarkport, OH 77719",Prepaid
638,Amy Page,324.890.8389x740,"Unit 8978 Box 5025
DPO AP 64911",Prepaid
639,David Best Jr.,001-481-285-8321x36889,"4316 Kimberly Mountain Apt. 957
Jacobburgh, KY 71794",Postpaid
640,Michele Ruiz,001-751-965-8495x246,"483 Robinson Rapids Apt. 825
Mccartyhaven, MH 65052",Prepaid
641,Jack Reed,802-969-3117x3618,"88745 Patrick Isle Apt. 698
Shellystad, AZ 06725",Postpaid
642,Jason Davis,882.988.4845x6250,"93201 David Mountain Apt. 247
West Michaelfort, IN 79728",Postpaid
643,Briana Williams,(500)826-5135,"4420 Erica River
North Colinview, CT 82954",Postpaid
644,Sherri Miles,672-898-0676x841,"0480 George Prairie
Chrisshire, NC 69229",Prepaid
645,Michael Davis,(629)748-9235x578,"35487 Diane Center Apt. 717
Harveyville, KY 02040",Prepaid
646,David Brooks,529.438.5931,"83550 Murray Valley Suite 366
Stacyberg, OR 38241",Postpaid
647,Elizabeth Bowen,+1-748-956-7597x81742,"602 Rodney Walks
Kristinahaven, ND 99449",Postpaid
648,Tyler Hill,(353)538-6254,"11945 Dalton Plaza Suite 953
East Catherineville, AK 74217",Postpaid
649,Jean Blair,680.509.2367x43498,"Unit 5295 Box 3612
DPO AA 56952",Prepaid
650,Catherine Lawrence,516-780-7096x49008,"5363 Lauren Summit Suite 302
East Louisshire, KY 56033",Prepaid
651,Andrea Sanchez,+1-282-805-1786x05784,"PSC 5428, Box 1858
APO AE 79529",Postpaid
652,George Stokes,001-269-798-1074,"6123 Stephen Mission Suite 030
Lambertside, UT 02042",Postpaid
653,Jennifer Williams,246-489-2177x3953,"979 Edwards Squares
Lake Vanessabury, HI 02288",Postpaid
654,Sergio Walsh,+1-510-534-3314x1707,"88368 Elizabeth Roads Apt. 029
Hallland, CO 87407",Prepaid
655,Kaitlyn Gentry,+1-825-582-9957x43583,"073 King Stravenue Suite 840
Barryside, MA 05114",Postpaid
656,Carrie Watkins,(996)504-1371,"Unit 6120 Box 2871
DPO AA 96614",Prepaid
657,Pamela Douglas,419-442-4106x6566,"31791 Donald Passage Apt. 452
Port Shannonland, WI 70263",Postpaid
658,Steven Rodriguez Jr.,611-811-6071,"8768 Stone Village Apt. 420
Ruthborough, UT 61794",Prepaid
659,Karen Thomas,+1-753-355-8869x09490,"837 Kyle Circle
West Michaelchester, SC 23770",Postpaid
660,Clinton Webb,+1-485-524-4028x297,"42123 Emily Parks
Lake Jamesberg, MP 17027",Postpaid
661,Sara Garcia,+1-465-315-6003x2139,"PSC 3645, Box 7130
APO AA 82811",Postpaid
662,Lauren Gonzalez,001-990-302-5852x872,"99038 Jackson Mall
West Dustinshire, WV 23149",Postpaid
663,Daniel Woodward,578.612.8441,"5167 Hansen Ramp
Lake Maryshire, MN 17857",Prepaid
664,Benjamin Villegas,385.723.3466,"USNS Russell
FPO AP 46738",Postpaid
665,Daniel Henry,247.922.1358,"2023 Gonzales Freeway
Brendanmouth, OH 39591",Prepaid
666,Stacey Oneal,9379735934,"6597 Wright Mountains Suite 484
Lake Melissa, OH 46179",Postpaid
667,Nicole Rivera,+1-247-368-6668x13207,"05915 Holly Isle Suite 106
Gibsonhaven, CT 75267",Postpaid
668,Catherine Castro,001-746-607-3368,"303 Alexandria Inlet Suite 551
Matthewside, NV 83609",Prepaid
669,Christopher Ferguson,001-998-325-0829x83334,"9036 Joshua Lane
North Angelafort, IN 12155",Postpaid
670,Tammy Mccoy,4705732518,"Unit 3836 Box 0469
DPO AE 72508",Postpaid
671,Sharon Solomon,+1-423-301-9645x346,"379 Jennifer Groves Apt. 885
East Mariahaven, CT 89776",Prepaid
672,Felicia Davis,(622)905-1737x247,"141 Meadows Mountain
East Jonathanland, MT 33356",Postpaid
673,Dr. Anthony Leach,001-208-800-6214,"839 Jimmy Skyway Suite 146
Mitchellbury, AZ 24798",Prepaid
674,Tammy Hansen,001-267-830-0792x57961,"2997 Sanchez Meadows Suite 789
South Sara, CT 99856",Prepaid
675,Timothy Cook,503.692.2869x16136,"8723 Sherri Canyon Apt. 543
East Andrewfurt, NV 41274",Postpaid
676,Jordan Macias,768.989.0114x26796,"29270 Harris Branch
North William, WV 32899",Postpaid
677,Joseph Jones,502-401-4530x0744,"110 Zimmerman Summit
North James, IL 58001",Postpaid
678,Jeffrey Norman,982.442.7066x36985,"00787 Becker Park
Sandrastad, MT 96923",Prepaid
679,Joshua Johnson,967-343-0771,"899 Jacqueline Via Suite 925
Port David, VI 16739",Prepaid
680,Dana Reese,+1-678-861-8337,"69156 Zachary Club
Cynthiaton, NJ 13623",Postpaid
681,Dr. Gregory Hamilton,001-227-974-2599x59601,"5545 Smith Wells
Brookeberg, OR 80463",Postpaid
682,Brandi Griffith,828-216-1627x1475,"317 Ryan Turnpike
New Christinamouth, VI 08531",Postpaid
683,Christopher Good,+1-536-682-1667x096,"192 Leslie Ports Suite 101
South Ronald, AL 92222",Postpaid
684,Jose Gray,568.508.9608x0060,"881 Sharp Springs
West Kathleenshire, PA 92103",Postpaid
685,Jeffrey Wallace,+1-723-858-2909x5147,"80064 Stanley Shoal
Port Madisonmouth, WY 22759",Postpaid
686,David Young DVM,(885)558-4699x10165,"9024 Stephen Knoll Suite 463
Kirbyshire, VI 69183",Postpaid
687,Richard Huffman,+1-492-876-0818x898,"210 Castro Crossing Suite 466
Craigburgh, AK 65374",Postpaid
688,Susan Lewis,+1-589-912-6494x6395,"785 Bradley Landing Apt. 523
Johnsonberg, MP 02715",Prepaid
689,Kyle Le,(800)707-6733x698,"692 Lowery Mews
Bryantborough, MN 25934",Prepaid
690,Patrick Hernandez,279.682.4795x1872,"USS Wade
FPO AE 94770",Postpaid
691,William Martin,446-353-8249x0940,"76597 Toni Loaf Suite 935
East Chad, CT 90734",Prepaid
692,Gregory Murphy,(304)747-0797,"6764 Landry Port Apt. 494
East Lindseyton, KS 33182",Prepaid
693,Peggy Torres,311-969-8887x25365,"01032 Erica Street
Perezton, OK 19626",Postpaid
694,Donna Odom,+1-960-535-9517x24717,"7124 Michael Lane
North Josephberg, WI 87230",Prepaid
695,Tyler Sheppard,001-392-617-1688x6519,"6307 Chang Mission
Thomasberg, NY 60277",Prepaid
696,Ryan Lee,001-697-623-7541x3449,"989 Kimberly Row
Markside, CO 01124",Prepaid
697,Sheri Price,+1-696-699-0938x78502,"1289 Austin Place Apt. 127
East Madisonberg, OR 43146",Postpaid
698,Jacob Edwards,(510)936-5211x44625,"Unit 1475 Box 2100
DPO AA 36371",Postpaid
699,Derek Fowler,001-893-320-8359x5065,"9272 Martinez Falls Suite 786
Johnville, HI 03420",Prepaid
700,Mr. Alex Ross DDS,(800)481-0478x302,"770 Morgan Cove
North Leestad, NY 02973",Postpaid
701,Lisa Bell,+1-731-246-3603,"14486 Bennett Cove Suite 757
North Stephenmouth, FM 76424",Prepaid
702,Allison Johnston,+1-377-667-8330x74250,"487 Joy Expressway Suite 837
Hineston, MN 88656",Prepaid
703,Juan Wright,(634)283-7375,"PSC 1163, Box 4279
APO AA 93305",Postpaid
704,Michael Harmon,+1-828-773-7116x45870,"867 Huang Groves
Peterside, IN 09014",Prepaid
705,Megan Richardson,(719)725-8005,"0024 Patricia Viaduct Suite 759
New Alyssa, AS 78712",Prepaid
706,Julie Rogers,7517168863,"PSC 9536, Box 9440
APO AE 66835",Postpaid
707,Terry Burke,(370)517-7883x25573,"PSC 7333, Box 3068
APO AE 99213",Prepaid
708,Kerry Preston,001-721-571-2080x97381,"06251 Douglas Branch
West Anthonyfurt, VT 72738",Prepaid
709,Ashley Garcia,270.537.8629x6949,"67293 Adams Shores Apt. 110
East Carolborough, SC 15708",Prepaid
710,Sharon Graham,838.507.8154x67499,"USNV Cole
FPO AP 32693",Postpaid
711,Timothy Vincent,273.495.6599x7857,"12842 Timothy Fords Apt. 515
New Kayla, MS 10511",Prepaid
712,Megan Abbott,388.641.9960,"3150 Travis Ford Apt. 992
Lake John, OH 81148",Prepaid
713,Alexander Harper,(467)543-5952,"413 Davis Rue
Williamsmouth, IL 46310",Prepaid
714,David Blake,5596950741,"4134 Keller Villages Suite 710
Christophertown, DC 38933",Postpaid
715,Samantha Murphy,939.350.5962x3202,"89049 Flores Oval
South Edwardport, CA 01713",Postpaid
716,Tim Perez,+1-336-651-6519,"87384 Whitney Cliffs
North Sandra, PR 89009",Prepaid
717,Nathan Smith,001-364-778-8376,"46009 John Cape
Robinbury, ND 47227",Postpaid
718,Martin Kennedy,001-600-478-5613,"9766 Harris Valley Suite 625
West Christopher, GA 32842",Prepaid
719,Carmen Smith,001-228-373-3501x7327,"113 Hall Keys
South Thomashaven, GU 49732",Prepaid
720,William King,(580)601-2305x99477,"3051 Morales Mills Apt. 497
Ruthchester, GA 56529",Prepaid
721,Deborah Richards,811.478.4373x4382,"15193 Laurie Fort
Morenomouth, AZ 60279",Postpaid
722,Matthew Tanner,921-688-3433x85498,"430 Stacy Shore Suite 380
Jessicaview, NM 60252",Postpaid
723,Suzanne Marshall,001-810-531-9767x9280,"824 Jane Vista
West Patriciatown, FM 62746",Postpaid
724,Ethan Valdez,466.246.2904x1120,"376 Ramsey Brooks
East Chelsea, LA 74905",Postpaid
725,Chelsea Wallace,(365)682-1517x244,"763 Spencer Rest
Lake Donnahaven, WI 16731",Postpaid
726,Mia Tapia,(449)908-4947x8547,"75802 Rodriguez Harbors Suite 408
North Samanthaburgh, IL 31158",Prepaid
727,David Hickman,001-954-522-8197x34862,"508 Benjamin Fords
Gregoryside, FL 51078",Prepaid
728,Pamela Gonzales,+1-569-596-7121x8975,"80292 Christine Canyon Apt. 395
Ryanborough, MH 77129",Postpaid
729,Thomas Warren,001-931-435-0618x4529,"3192 Kevin Lake Suite 511
Matthewberg, RI 17738",Prepaid
730,Jessica Chambers,818-353-6276x50778,"25499 Stacey Island
Matthewtown, UT 21727",Prepaid
731,Brian Green,455-884-6592x6190,"920 Goodwin Inlet Apt. 018
Lake Billborough, FM 54063",Postpaid
732,Elizabeth Scott,4006041830,"4815 Larson Forges Apt. 454
New Rebecca, SC 19920",Prepaid
733,Sara Wolfe,001-580-872-8577x0617,"24585 Cervantes Roads Apt. 744
Lake Andreaton, ME 44970",Postpaid
734,Patricia Bradley,581-760-4037x8256,"60655 Mullen Estate Suite 730
Lake Rhonda, KY 53832",Postpaid
735,Walter Ray,001-554-845-8937x9580,"9897 Campos Plaza
Phillipsshire, PA 60955",Postpaid
736,Michael Hubbard,+1-597-647-2655,"3378 Thomas Neck
Jamesmouth, UT 56562",Postpaid
737,Richard Mccoy,9963190950,"4058 Carter Highway Suite 653
East Adamstad, RI 69961",Prepaid
738,Matthew Thomas,895-511-1943x60647,"6157 Sharon Tunnel Apt. 167
Amandashire, IA 80119",Prepaid
739,Claudia Mora,001-774-390-5216x1713,"4502 Young Brooks Suite 865
Lake Andrea, OK 52011",Postpaid
740,Tiffany Rose,812-795-0252x996,"20496 Wilson Lakes
East Carolynbury, TN 83592",Postpaid
741,Adam Norman,282.777.2904x3737,"44890 Moyer Summit
North Madisonhaven, MD 14092",Postpaid
742,Samantha Foster,875.999.0919,"Unit 7816 Box 8731
DPO AE 09446",Prepaid
743,Andrew Young,001-973-690-9248x7710,"861 James Divide Apt. 521
Lake Chelsea, MN 28117",Postpaid
744,Matthew Fields,453-328-8017x7867,"219 Stevens Turnpike
Alexanderside, MH 31135",Prepaid
745,Erica Wells,001-510-300-2661,"083 Wright Unions
New Jacobton, WA 67038",Prepaid
746,Michael Campbell,837.339.1475,"1168 Barry Lock
East Christopher, WA 57039",Prepaid
747,Danny Cooper,001-320-590-4606x641,"6932 Howard Lights Suite 608
Candicestad, MI 93461",Prepaid
748,James Jones,+1-757-623-8699x245,"462 Kristina Parkways
Port Brandonstad, UT 66623",Prepaid
749,Helen Jackson,001-735-205-3630x586,"356 Vanessa Extensions
Sosaberg, AK 85492",Prepaid
750,Leslie Gonzalez,001-899-538-4673,"USNS Morris
FPO AE 12764",Postpaid
751,Kathy Gutierrez,001-621-617-0272x3932,"4120 Hayes Plaza
New Feliciaton, AL 59994",Postpaid
752,Tina Curtis,762.775.3956x26475,"92547 Kenneth Garden Apt. 004
North Nicole, VI 03730",Postpaid
753,Sheri Baldwin,(449)954-0384,"849 Fisher Mountain
Phillipshaven, OK 71141",Postpaid
754,Shane Harrell,633.966.0734x4090,"369 Robinson Rapid
Pamelamouth, IA 98027",Postpaid
755,Stacey Riley,(244)974-5139x82903,"5420 James Skyway Apt. 989
South Hayley, NE 99577",Prepaid
756,Denise Salazar,+1-785-484-2803x58859,"27696 Kristin Crest Suite 786
West Henry, FM 96748",Prepaid
757,Ashley Gutierrez,+1-470-672-2754x0007,"791 Kelly Vista Apt. 554
East Sean, PW 29670",Postpaid
758,Ronald Grimes,(799)784-7840x2395,"PSC 6878, Box 5250
APO AE 72594",Postpaid
759,Daniel Velez,872-852-4197x061,"8724 Robertson Greens Apt. 887
West Theresa, NE 69903",Postpaid
760,Jennifer Smith,681-726-0211x131,"4293 Harris Island Suite 480
Palmermouth, GA 00511",Prepaid
761,Glenda Martin,(885)462-5867x8657,"22045 Johnson Centers Suite 477
Sandrabury, NC 78044",Postpaid
762,Edward Collins,484-745-1297,"58653 Lisa Parks
South Morgan, TX 69244",Postpaid
763,Austin Cherry,872.639.5577,"6579 Park Mills
Moraton, MT 73170",Postpaid
764,Harold Morales,001-742-557-7877x854,"8257 Byrd Groves Suite 388
South Kimberlytown, WA 75532",Prepaid
765,Michelle Lamb,(317)749-2215,"0077 Green Causeway Suite 226
North Lauren, MS 11451",Prepaid
766,Benjamin Coffey,+1-236-620-4479x95632,"0510 Joan Lights Suite 428
West Jacob, SD 12068",Postpaid
767,David Obrien,001-968-323-8272,"186 Martin Path Apt. 305
Lake Ashley, FM 95422",Prepaid
768,Emily Lin,5469893750,"112 Matthew Flat
Blackside, IN 31195",Postpaid
769,Brandon Phillips,2194958958,"78395 Haley Path
South Ernesttown, NV 58896",Postpaid
770,Casey Lamb,+1-789-552-1992x959,"81908 Smith River Suite 483
Wyattstad, AL 58011",Prepaid
771,Matthew Sparks,(896)557-1860x5502,"46563 Glenn Terrace Apt. 010
South Courtney, ID 57600",Postpaid
772,Elizabeth Jones,519-883-2891x6747,"7861 Baker Stream Apt. 391
Carterchester, CA 64123",Postpaid
773,Elizabeth Garcia,001-965-770-4484,"18943 Olson Junction Apt. 062
Mannchester, AZ 99924",Prepaid
774,Anthony Lawrence,5002810365,"88007 Green Junctions Apt. 645
Natashaview, SD 42442",Postpaid
775,Craig Fernandez,(754)243-0735,"3430 Nicholas Green
Wilkinsonberg, UT 33172",Prepaid
776,Stephen Phillips,628-262-3782x575,"708 Castillo Tunnel Suite 796
East Kristen, NJ 46647",Prepaid
777,Richard Burton,(754)752-4676x7582,"59723 Rivera Vista
Steventon, MS 24651",Postpaid
778,Michelle Morgan,001-240-987-0780x8618,"1739 Jones Brook
West Heather, VT 32198",Postpaid
779,James Gomez,(232)456-0256x0281,"1876 Jim Corner Suite 102
Port Antoniofurt, OR 57538",Postpaid
780,Margaret Taylor,7409414858,"3679 Tara Hollow
Weaverbury, PA 86635",Prepaid
781,Mr. Brian Roy,5286881868,"0993 Katherine Parks Apt. 290
Johnsonbury, MN 97841",Postpaid
782,Shawn Meyer,+1-522-856-1540x17225,"1230 Joshua Hill Apt. 667
West David, MA 05430",Prepaid
783,Anthony Leach,936-271-8522x52788,"0282 Leslie Ranch
Port Terri, AR 01775",Postpaid
784,Jessica Luna DVM,+1-675-510-6210,"7260 Rhodes Forest
Mosesmouth, SD 99022",Postpaid
785,Daisy Benton,(584)347-7459x386,"42397 Mitchell Summit Apt. 607
Anthonychester, MT 89396",Postpaid
786,Cynthia Frazier,200.824.8807,"38065 Webb Greens
Port Lisamouth, MO 19980",Prepaid
787,Mackenzie Stewart,+1-967-672-8071x808,"039 Timothy Mountain Suite 104
Port Donna, MS 36317",Postpaid
788,James Jarvis,001-888-497-3991x231,"41438 Rachel Corner
New Brianmouth, VT 46035",Prepaid
789,Christina Jones,+1-934-913-3430,"USNS Bauer
FPO AE 59234",Prepaid
790,Shane Henderson,661-691-5878x12531,"4485 Lewis Glens Apt. 563
Michaelburgh, SC 62687",Prepaid
791,Ryan Anderson,814-292-1787x50703,"USS Wagner
FPO AP 16611",Postpaid
792,Nicholas Valencia,338.440.0469x6430,"46040 Tonya Spurs
Keithland, NE 13189",Postpaid
793,Karla Vargas,738-215-7079x1535,"62580 Nancy Common
Maynardberg, TX 46718",Prepaid
794,Tabitha Chaney,(392)477-8022x6799,"2957 Edwards Harbors
Christopherland, VA 34584",Prepaid
795,Lisa Scott,308-614-2632,"4618 Debra Court Suite 249
West Cody, MD 64623",Postpaid
796,Elizabeth Turner,001-640-722-1904x883,"261 Dustin Mountain Suite 566
Barnesfurt, WI 00876",Postpaid
797,Danielle Stevens,+1-842-342-0421,"425 Andrea Square
Lake Jacob, NM 50109",Postpaid
798,Shannon Brown,244.956.1696,"6320 Kayla Springs Suite 068
Fisherton, CA 23580",Postpaid
799,Sara Lee,001-435-751-5504,"Unit 7383 Box 0783
DPO AA 76196",Prepaid
800,Diane Wagner,+1-316-912-6013x4711,"775 Tran Ports
New Jean, MH 55831",Prepaid
801,Jonathan Herman,001-934-541-5635x082,"7233 Daniel Lane
Bridgesbury, MS 57161",Prepaid
802,Gerald Bowman,001-565-847-9128,"390 Travis Dale
North Anna, AZ 00888",Prepaid
803,Brenda Keller,2587967619,"33900 Turner Unions Suite 497
Jacktown, AL 19848",Postpaid
804,Phillip Thomas,567.624.1249,"219 Brenda Ridges
Shahhaven, NJ 67711",Prepaid
805,Tyler Rodriguez,437-499-0371x717,"1208 Nicole Points
West Elizabethberg, SC 94501",Prepaid
806,Shirley Long,(679)222-1624x474,"4344 Natalie Road
Martinside, IL 67190",Postpaid
807,Elizabeth Hernandez,+1-922-949-8055x26498,"0851 Jamie Forest Apt. 561
East Nathanberg, CA 20511",Postpaid
808,Brooke Hughes,540-316-1392,"PSC 5821, Box 1214
APO AE 36627",Prepaid
809,William Rose,860.429.2607,"0878 Solis Mill Suite 758
South Amy, CA 28507",Postpaid
810,Melissa Reynolds,746.513.2505x0456,"4237 King Grove
North Valerie, FM 18660",Postpaid
811,Anthony Flynn,001-319-233-9991x20549,"8912 Miller Plaza Apt. 423
East Cassandraberg, MO 22059",Prepaid
812,Susan Hernandez,001-836-924-1407x471,"6536 Douglas Spring
Pierceberg, NH 85690",Prepaid
813,Jacqueline Boyd,(860)237-0935,"4963 Meyer Crescent Suite 478
Port Carlmouth, OH 06341",Prepaid
814,Luke Munoz,852-689-1275x6828,"603 Tyler Light Apt. 612
Chandlerborough, PW 03641",Prepaid
815,Patricia Barton,+1-756-697-1462x470,"396 Jason Unions
Marctown, NC 23590",Postpaid
816,Kelli Carlson,+1-802-675-8230x8611,"Unit 0768 Box 9209
DPO AA 44842",Prepaid
817,Theresa Vasquez DDS,(641)425-5873,"968 Kimberly Centers
West Jennifer, NH 90147",Prepaid
818,Joshua Stewart,(966)898-3689x3909,"4709 Mills Crossing
Garciamouth, PR 54360",Prepaid
819,Justin Beasley,(543)227-5620x97385,"096 Samuel Fall
Lindaberg, MO 21132",Prepaid
820,Gail Harper,451-871-0247,"0265 Jordan Cliffs Apt. 192
Roberttown, IA 11782",Prepaid
821,Misty Padilla,504-458-9949x5684,"51230 David Plains
Lake Mirandashire, MN 15544",Prepaid
822,Terri Hill,+1-532-631-7263,"8222 Schneider Trace Suite 933
Ericton, MT 55932",Postpaid
823,Aaron Boyd,+1-274-549-5975x57820,"3596 Ashley Skyway
Port Matthew, FL 38366",Prepaid
824,Steven Hernandez,9572748175,"3685 Smith Skyway
Port Matthew, HI 04482",Postpaid
825,Sheena Glass,325-957-5007x337,"PSC 7358, Box 1232
APO AP 06181",Prepaid
826,Justin Smith,661.311.4704,"4721 Johnson Glen Apt. 837
Annahaven, VT 82869",Postpaid
827,Angela Grant,+1-311-622-7985,"339 Kimberly Flat Suite 508
Michaelville, TX 30684",Postpaid
828,Brittany Bennett,731.611.4408x418,"765 Scott Club
Timothymouth, HI 79393",Postpaid
829,Ricardo Mueller,994-976-8619,"7330 Kathy Circle
Port Cathychester, AZ 58583",Prepaid
830,David Hayes,001-274-979-2039x293,"84466 Martin Pines Suite 390
West Tyroneton, MP 34622",Prepaid
831,Joseph Hopkins,858-809-8352x48253,"21379 Daniel Cove Apt. 321
Amandashire, CT 77920",Postpaid
832,Lee Ramos,904.413.3413x066,"308 Jackson Islands
New Josephview, SC 37966",Postpaid
833,Kelly Carter,(241)670-3913x4292,"838 Katherine Cape Apt. 084
Sierramouth, IA 71787",Postpaid
834,Martin Beck,972-461-5055x5127,"0674 Krystal Viaduct
West Amandaview, VI 75176",Postpaid
835,Kimberly Williams,781.347.3584,"97066 Sarah Grove
South Staceybury, TN 15032",Postpaid
836,Susan Olson,001-672-616-8548,"78214 Webb Views Apt. 659
Stephenstad, CT 64258",Postpaid
837,Julie Bass,+1-871-316-1466x38640,"8053 Dwayne Trail
Robertsmouth, HI 53659",Prepaid
838,Linda Best,+1-273-251-4247x38261,"0849 Ingram Spurs Apt. 003
East Herbert, WA 52416",Prepaid
839,Seth Ross,+1-228-672-8009,"75240 Gibson Flat Apt. 563
Davidmouth, KY 63572",Postpaid
840,Henry Ayers,001-911-796-9322x5152,"127 Medina Meadow
Fisherfurt, SD 63097",Postpaid
841,Rebekah Matthews,262.954.3260x21903,"9215 Raymond Stravenue Suite 841
Savannahburgh, MD 69426",Prepaid
842,Adam Harrington,980.470.6605x54255,"263 Reyes Fort
Claytonchester, MO 05448",Prepaid
843,Emily Dunn,427-919-9713,"2037 Bowen Coves Apt. 689
West Ericaview, ME 27871",Postpaid
844,Claire Brown,547-781-4513x4373,"USNV Owens
FPO AA 41159",Postpaid
845,Robert Turner,9273652266,"8653 Randall Ridges
Barbaraview, UT 30381",Prepaid
846,Timothy Perez,511-389-0004x2681,"5092 Colleen Dam Apt. 198
Kimberlyside, NC 60768",Postpaid
847,Joseph Guerrero,001-533-886-9119x6756,"PSC 1706, Box 3660
APO AE 50719",Prepaid
848,Robert Tucker,2406304336,"112 Armstrong Run
Soniaville, MT 01179",Postpaid
849,Richard Lopez,545.656.2627,"16399 April Village
Porterview, LA 25933",Postpaid
850,Tabitha Smith,001-878-976-2087,"3022 Sandoval Circles
Tylerbury, MP 20409",Postpaid
851,Sara Tran,520.553.3368x38135,"36369 Hall Islands
East Cindy, WV 23660",Postpaid
852,Rebekah Andrews,(621)415-3268,"06790 Mcclain Shore
Lake Zacharybury, TX 20706",Prepaid
853,Eric Mathis,(622)949-3727x921,"64113 Green Court Apt. 754
Port Anna, WA 97273",Prepaid
854,Hannah Meadows,001-460-267-1764,"643 Mata Village
New Adrian, NJ 13786",Postpaid
855,Linda Adams MD,001-457-811-3704x16964,"1384 Jason Isle
Saraborough, CA 77198",Postpaid
856,Scott Alvarez,+1-406-918-7085x1498,"7254 Weaver View
Johnsonmouth, UT 52910",Postpaid
857,Fernando Salazar,(943)300-4652,"966 Johnson Cove Suite 489
Levyberg, VT 23290",Prepaid
858,Cindy Reed,667-632-0722x3787,"8946 Mackenzie Pass Suite 829
West Ianshire, PR 75590",Prepaid
859,Jacqueline Brewer,+1-894-820-5207,"034 Martin Shores Suite 188
Maryside, IN 58888",Prepaid
860,Amanda Scott,(976)217-9218,"4130 Guy Isle Suite 457
Port Bobbychester, ID 63085",Postpaid
861,Ronald Chavez,588.263.7615x466,"76785 Bill Villages
New Edward, PW 28565",Postpaid
862,Curtis Rogers,749.407.5999,"40763 Christian Mountain Suite 938
Woodsbury, NE 90670",Postpaid
863,Steven Harper,741.969.9017x8107,"46878 Stephens Oval Suite 573
South Lindsey, WA 90876",Postpaid
864,Steven Johnson,9588227699,"6992 Landry Crescent Apt. 096
Robertburgh, NV 20051",Prepaid
865,Katelyn Drake,001-345-510-0110x9762,"038 Mark Islands
Erinmouth, SD 82411",Prepaid
866,Bryan Brown,001-368-872-4064x320,"730 Morris Plaza
Morrisland, AZ 51134",Prepaid
867,Dustin Cooper,591.561.3847,"94355 Maria Plains
East Charlesbury, ND 70644",Postpaid
868,Ryan Rodriguez,+1-614-840-6876x666,"46769 Bailey Mission
Lake Jonathanburgh, SD 47606",Postpaid
869,Bryan Leblanc,001-747-523-4875x355,"35161 Kristin Hill Suite 509
West Michael, PA 21556",Prepaid
870,Phyllis Richardson,968-930-0591,"795 Randolph Square Apt. 515
Port Justinshire, NV 12231",Prepaid
871,Matthew Ho,230-792-8549,"9232 Scott Point Suite 937
East Meghan, MI 34044",Prepaid
872,Christopher Smith,(948)305-0080,"9662 Herrera Ways
Lake Jeremyport, MS 92589",Prepaid
873,Brandon Gilbert,+1-234-589-8215x01992,"PSC 3790, Box 7979
APO AA 64929",Postpaid
874,Jennifer Sharp,731-791-5738x13295,"399 Walter Route
Sandersmouth, DE 97083",Prepaid
875,Joseph Berg,+1-622-208-8529x537,"9885 Peterson Burg Apt. 178
South Elizabethbury, IL 31808",Postpaid
876,Stephanie Wyatt,+1-714-421-4952,"0875 Jensen Roads Suite 830
Angelastad, LA 03301",Postpaid
877,Jesse Norton,643-601-9861x25890,"71867 Greene Lodge
South Brian, AS 78353",Prepaid
878,Jennifer Miller,469.513.5298,"88975 Becker Ways Apt. 392
Saraberg, NJ 35217",Postpaid
879,Mark Mitchell,001-809-588-1834x8881,"4629 Eric Pine
Port Anthony, TN 67258",Prepaid
880,Victoria Berger,(343)975-1328,"8417 Weeks Coves
East Barbara, OH 92060",Prepaid
881,James Weber,592-269-5330x202,"3567 Lewis Mall
Colleenberg, MN 63571",Postpaid
882,Briana Anthony,(284)429-4916x72912,"20397 Chad Park Apt. 542
New Michelle, NH 95113",Postpaid
883,Brittany Jones,(998)518-0428,"063 Sullivan Estate
North Grant, MI 34602",Postpaid
884,Nathan Wood,+1-604-585-1445x980,"63571 Johnson Pass
Andreabury, SC 89395",Prepaid
885,Elizabeth Wright,001-653-771-0983,"PSC 7608, Box 6602
APO AE 16354",Postpaid
886,Rachel Bell,657.616.5742,"9818 Cameron Springs Apt. 927
Austinside, GU 33600",Prepaid
887,Natasha Lewis,597-723-3466x819,"9997 Dawn Forks
Taylorland, NC 79262",Postpaid
888,Virginia Rios MD,+1-874-266-0838x3669,"5312 Schneider Avenue Apt. 603
Port Jenniferfurt, AK 98383",Prepaid
889,Brenda Pierce,6632127960,"Unit 4978 Box 4500
DPO AE 18208",Prepaid
890,Emily Moore,379-391-2300,"64276 Stephanie Fork Suite 945
Port Courtneyview, MP 60284",Postpaid
891,Jordan Osborn,001-507-542-2152x647,"6907 Peterson Freeway
North Franciscobury, ND 84006",Postpaid
892,Robert Whitehead,632.615.8531,"9434 Winters Courts Suite 619
Romerotown, MD 69446",Postpaid
893,Joshua Hernandez,822.267.0923,"676 Ashley Vista Apt. 849
New Ericberg, TX 50624",Postpaid
894,Robin Wright,4306918819,"897 Ana River Suite 755
East Michael, FL 78054",Prepaid
895,Laura Flowers,001-446-443-2402,"7911 Krystal Station
East Steven, PA 45399",Prepaid
896,Daniel Dean,001-517-222-3065x13296,"68113 Mendez Tunnel
North Ethan, UT 34613",Postpaid
897,Jaime Miller,7608041099,"28738 Karen Oval
Jimenezchester, WA 50019",Prepaid
898,Juan Carlson,(751)632-1142,"10835 Lopez Summit
North Loriberg, WI 59368",Prepaid
899,Cynthia Meadows DVM,+1-510-910-1447,"091 Steven Ports Suite 881
Bethanytown, MS 98903",Postpaid
900,Frank Kim,(760)562-1219,"2587 Charles Creek Suite 133
Petersonchester, IN 59232",Prepaid
901,Jacob Stanton,+1-682-235-7073x80435,"86575 Kimberly Meadow
Taylorland, AZ 92466",Prepaid
902,Donna Riley,+1-233-632-6725,"030 Hayley Ridges
Coxton, ID 70939",Prepaid
903,Bruce Phillips,510-694-3574x7902,"0935 Morse Meadows
Snyderbury, NJ 04517",Prepaid
904,Robert Ford,(345)253-0696x913,"4115 Nicole Cove
Cherylton, MD 89165",Postpaid
905,Jason Chapman,495.415.5209x110,"892 Hill Meadow Suite 606
Marychester, NY 67312",Prepaid
906,Kayla Diaz,+1-609-471-3440x6826,"USNS Jones
FPO AA 05136",Postpaid
907,Ryan Lane,001-956-315-2190,"USS Oliver
FPO AP 77434",Prepaid
908,Dr. Samantha Ayers,673.560.9635,"PSC 0443, Box 9886
APO AA 83306",Postpaid
909,Anthony Young,(419)377-4373x73156,"USCGC Guzman
FPO AP 91181",Postpaid
910,Shannon Wood,(404)467-0189x360,"237 Martinez Ranch Suite 886
Martinezbury, RI 65315",Prepaid
911,Virginia Rice,001-937-529-3711x7310,"904 Ryan Flat Apt. 556
Mitchellshire, GU 07762",Prepaid
912,Richard Hicks,+1-625-564-6587x6266,"8485 Cabrera Corners
Brookston, DE 20168",Postpaid
913,Shelby Stevenson,(849)682-4143,"7775 Shelly Brooks Suite 917
Yoderstad, GU 81317",Prepaid
914,Amber Thomas,337.972.9882x96043,"688 James Dale
Amandafort, PA 18643",Prepaid
915,Jason Evans,8843095546,"04375 Kristin Common Suite 283
Rowlandbury, TN 92822",Prepaid
916,Blake Knapp,522.335.9614x19770,"1032 Heather Village Apt. 806
East Ethan, VA 96984",Prepaid
917,James Escobar,001-866-625-4933x1050,"43512 Freeman Dale Apt. 661
Brandonside, CT 27198",Postpaid
918,Jessica King,508.637.3177,"780 Justin Causeway
New Jacquelineberg, KS 47510",Prepaid
919,Carlos Sharp,(314)995-0653x38401,"597 Chavez Springs Apt. 000
East Jesse, KY 01556",Postpaid
920,Kenneth Williams,001-477-515-4358x32684,"731 Elizabeth Estate
Johnsonchester, ID 85928",Postpaid
921,Karen Webb,3607222271,"49120 Jackson Mount
Huertaville, GU 93971",Postpaid
922,Toni Higgins,240-266-2304x67677,"38754 Tyler Mount Suite 857
Alexanderberg, AZ 42956",Postpaid
923,Randall Mullen,+1-554-974-6747x399,"072 Morris Meadow
Holtport, PR 26858",Prepaid
924,Tammy Roy,+1-383-496-3921x126,"5206 Kenneth Plain
Morganview, FM 95775",Prepaid
925,Stephen Martin,4385801817,"7546 Maureen Estates
West Benjamin, ID 87421",Postpaid
926,Amanda Marquez,001-306-914-5962x9730,"26663 Norman Hollow
Pinedamouth, OH 94550",Postpaid
927,Nancy Lopez,001-806-270-5606,"40883 Thomas Meadow Apt. 303
Nancychester, NH 72814",Postpaid
928,Samantha Anderson,+1-575-587-1595x555,"9711 Young Creek Apt. 710
Georgeport, AR 71774",Postpaid
929,Brian Osborne,001-898-933-7927x34558,"71152 Mario Haven Apt. 942
Barreratown, GU 43489",Postpaid
930,Richard Cooper,496-790-6284x1518,"222 Brandon Shoals
Howardville, NH 28757",Prepaid
931,Kayla Wilson,001-938-393-2670x33551,"198 Vanessa Vista
North Richard, WI 29563",Prepaid
932,Jim Jackson,(499)995-8671,"737 Daniel Plaza
New Julieville, VA 49001",Postpaid
933,Elizabeth Dominguez,+1-330-968-1981x22586,"0804 Joshua Trail Suite 522
Carpenterfurt, NC 02787",Prepaid
934,Melinda Hill,461-454-5574x2195,"4546 Timothy Pines
Sparksland, WI 90880",Postpaid
935,Amy Brown,5286054818,"826 Lindsey Harbor
Nicoleside, VI 22893",Postpaid
936,Sharon Perez,(454)941-7705x9002,"10764 James Flat Apt. 896
Loganside, ND 73298",Postpaid
937,Christopher Griffin,(856)977-7229x04378,"955 Huerta Springs
New Brittanyhaven, IN 21251",Prepaid
938,Derek Martin,313-324-1695x19857,"186 Kyle Prairie
New David, KY 66324",Prepaid
939,Anthony Taylor,+1-222-547-0057x662,"8755 Norton Ramp Suite 101
Davismouth, NC 48672",Postpaid
940,Felicia Tucker,(642)223-7153x097,"025 Carly Fort Suite 301
East Jordan, IN 90754",Postpaid
941,Emily Harris,3306259115,"4696 Jesus Knoll
North Patrickfort, FL 75640",Prepaid
942,Monica Wilson,998.784.6626,"4709 Nicole Mews Suite 274
West Angela, NE 39565",Prepaid
943,Mrs. Maria Hardy,+1-864-607-9090x0739,"Unit 2281 Box 8298
DPO AA 81146",Prepaid
944,Kristopher Jenkins,+1-443-740-9437x60375,"697 Krystal Crescent Suite 547
Hawkinsmouth, DC 15704",Prepaid
945,Brittany Martin,893-288-9168x25492,"5587 Ortiz Fall
Nelsonchester, TN 11545",Prepaid
946,Alyssa Mccullough,001-443-811-1053x34629,"14402 Barry Motorway Apt. 359
East Carly, WI 73986",Prepaid
947,Christopher Noble,(521)627-9899,"5267 Jonathan Lock Suite 485
South Erika, TN 20465",Postpaid
948,Thomas Parsons,(642)561-6969x37593,"2794 Christina Isle
New George, TX 38690",Postpaid
949,Steven Browning,7368990398,"822 Moreno Squares
Port Christopher, PW 14045",Prepaid
950,Mary Arnold,001-901-504-3572,"99037 Tammie Cliff Apt. 505
Brewerfurt, OK 00557",Postpaid
951,Nancy Williams,8514657852,"396 John Vista
Coleview, SC 21675",Prepaid
952,Patrick Cohen MD,463-514-1488x442,"794 Allen Crescent Suite 702
West Ralphview, PA 09904",Postpaid
953,Cheryl Benson,+1-854-399-7400x996,"4463 Rodriguez Village
Veronicaport, MO 37441",Postpaid
954,Kendra Stone,001-940-843-5235x791,"470 Robinson Rapids Apt. 592
North Ann, VA 73244",Prepaid
955,Peter Saunders Jr.,+1-656-778-3128x5972,"533 Taylor Ville Suite 971
Lake Patrickmouth, AK 62349",Prepaid
956,Melissa Watkins,+1-905-442-2292x513,"01820 Watkins Forge Apt. 391
Brittanyland, MH 60535",Postpaid
957,Vanessa Sanchez,(667)398-9859,"Unit 5027 Box 4384
DPO AP 58010",Postpaid
958,Juan Baker,210-614-3903x3930,"PSC 0461, Box 3336
APO AA 22783",Prepaid
959,Alex Pacheco,314.576.9532x028,"182 Tami Trafficway Apt. 158
East Ryanmouth, UT 50975",Postpaid
960,Joe Bridges,(311)417-7599x945,"9593 Cervantes Crescent Apt. 366
North Stephenbury, MS 98490",Postpaid
961,Oscar Boyd,(935)635-7316x2355,"60436 Michael Isle
East Katrinaburgh, FM 11644",Postpaid
962,Stephanie Moore,+1-864-266-7012,"440 Mcdonald Orchard Apt. 305
West Glennton, IA 38983",Postpaid
963,Javier Serrano,+1-607-691-5457x528,"7449 Park Views
New Brad, VA 14797",Postpaid
964,Andrea Bird,409-205-6705x37915,"097 Rogers Forges Suite 240
Amyberg, TX 62879",Postpaid
965,Kathryn Williams,(273)904-8721x877,"17617 Graham Underpass
Kellyberg, NV 07600",Prepaid
966,William Bailey,226-438-6100x6676,"7936 Heather Trail Suite 831
West Angelastad, OK 16294",Prepaid
967,Lindsey Brown,(593)205-1443,"9794 Hall Street
East Sarah, AK 88198",Postpaid
968,Andrea Thomas,(779)998-9309,"244 Kerr Port
West Juliemouth, WY 17571",Postpaid
969,Patricia Church,001-928-644-6326x59784,"774 Alan Isle Suite 964
Seanview, FM 85375",Postpaid
970,Brandon Stevenson,+1-603-462-6479x14818,"9901 Boyd Island Suite 488
Hodgeberg, VA 30262",Prepaid
971,Jordan Holt,(749)678-8303x4934,"106 Rebecca Lakes Apt. 932
Lake Kenneth, AL 80684",Prepaid
972,James Wilson,810.245.5193x403,"3588 Ochoa Underpass
Ortegaview, SC 50333",Prepaid
973,David Mcmillan,9954808884,"45971 Henry Rapid
West Donald, IN 83858",Postpaid
974,Jennifer Cantrell,8709447398,"264 Deborah Club Apt. 586
Russellmouth, HI 76943",Prepaid
975,Ashley Brock,(734)320-2897,"7906 Flores Place Suite 038
Derekmouth, PR 62232",Prepaid
976,Teresa Valentine,619-317-6800x30443,"340 Mack Crossing
East Emilyport, MN 49138",Postpaid
977,Joseph Williams,(608)378-3575x165,"407 Crystal Turnpike
Aprilshire, AL 66454",Postpaid
978,Patricia Kerr,+1-335-695-8246x2615,"610 Sanchez Drive
South Evelynshire, OK 87326",Prepaid
979,Crystal Williams,001-827-457-1743x226,"21325 Kimberly Tunnel
Warrenport, NM 62422",Prepaid
980,Pamela Mathews,(673)215-5044,"8146 Escobar Mountains
North Norma, NC 37915",Postpaid
981,Karen Marshall,(942)566-5114x836,"USCGC Tucker
FPO AA 58675",Postpaid
982,David Parker,001-624-256-6728x84866,"43983 Paul Shoals
Kerrberg, IA 80847",Postpaid
983,Dr. Elizabeth Martinez,(280)675-1616,"USNS Ramsey
FPO AE 63035",Postpaid
984,Kelly Doyle,001-486-563-8438x716,"049 Micheal Walks
Franciscofurt, NM 76274",Postpaid
985,Tiffany Pope,(435)548-7450x3807,"838 Harris Locks Suite 803
Pooleside, NC 50577",Postpaid
986,Adam Gallagher,001-629-825-1001x9583,"3559 Anita Meadow Suite 803
Port Kelseyview, KS 67094",Prepaid
987,Heather Chandler,4274093353,"Unit 8222 Box 8409
DPO AE 88038",Prepaid
988,Jeffery Smith,(928)558-0118x21068,"2720 James Land Suite 232
Gibsonmouth, MD 32303",Postpaid
989,Keith Tyler,415.464.2690,"31766 Ingram Ville Apt. 577
Mariahport, DE 24255",Postpaid
990,Cindy Simpson,853-855-4997x4683,"5330 Kathryn Brooks Suite 376
North Gregory, PR 60820",Prepaid
991,Lisa Morales,001-428-374-1931x322,"01834 Teresa Manors Suite 855
Martinmouth, IA 68781",Postpaid
992,Amy Kim,+1-976-259-1851,"869 Dawn Station Suite 407
North Francesfurt, IL 67107",Postpaid
993,Ashley Wallace,+1-608-866-8788x0624,"USNS Smith
FPO AA 75779",Prepaid
994,Steven Cooley,+1-249-324-6045x463,"57326 Christopher Lights Apt. 986
Jessicashire, NE 73333",Postpaid
995,Terrance Merritt,(658)854-5014,"975 Melanie Dam
South Amandahaven, PR 32455",Postpaid
996,Bruce Joseph,+1-278-654-6848x823,"029 Hays Keys Suite 839
Stephenshaven, KS 84380",Prepaid
997,Emily Allen,(515)550-8037x6817,"PSC 9782, Box 0658
APO AE 37550",Prepaid
998,Emily Ward,001-326-380-8926x54733,"974 Keller Pine Suite 328
Woodsmouth, AR 92144",Prepaid
999,Dr. Tracy Mahoney,940-615-5560,"2155 Amy Mountain Suite 625
Port Laura, CA 59696",Postpaid
