account_id,customer_id,account_type,balance
0,71,Investment,33905
1,71,Investment,34520
2,72,Checking,55815
3,23,Investment,8524
4,8,Savings,19022
5,93,Investment,55815
6,91,Investment,19022
7,50,Checking,93568
8,35,Savings,32071
9,47,Checking,48103
10,71,Savings,16268
11,33,Investment,19085
12,12,Investment,28043
13,43,Savings,39863
14,31,Investment,96726
15,18,Savings,26403
16,74,Checking,52108
17,37,Investment,76669
18,89,Savings,89961
19,3,Checking,85579
20,38,Savings,13236
21,27,Savings,50882
22,11,Savings,52108
23,3,Checking,77714
24,7,Investment,79619
25,90,Investment,76669
26,65,Investment,30178
27,34,Investment,99658
28,0,Savings,26578
29,21,Savings,15939
30,5,Savings,55815
31,21,Investment,39863
32,43,Investment,10011
33,66,Investment,11973
34,25,Checking,91185
35,1,Investment,33905
36,48,Investment,77768
37,8,Investment,57249
38,8,Investment,77768
39,72,Savings,57249
40,59,Checking,42543
41,92,Investment,11419
42,87,Savings,34520
43,31,Checking,10661
44,26,Savings,4636
45,38,Investment,7398
46,74,Checking,41164
47,58,Investment,32071
48,70,Investment,55815
49,53,Investment,56461
50,74,Investment,7398
51,45,Savings,85579
52,14,Savings,1297
53,41,Investment,19085
54,2,Investment,76669
55,42,Savings,27164
56,40,Investment,52749
57,74,Savings,91185
58,19,Investment,67693
59,71,Investment,54446
60,53,Savings,11973
61,15,Savings,62179
62,2,Investment,66314
63,52,Savings,67599
64,34,Investment,54067
65,99,Investment,65901
66,58,Investment,49861
67,74,Savings,48333
68,28,Checking,65901
69,94,Investment,66314
70,32,Checking,7398
71,50,Checking,62033
72,41,Investment,42543
73,91,Checking,11973
74,40,Checking,65901
75,51,Investment,57568
76,20,Savings,54067
77,28,Investment,37430
78,93,Savings,91406
79,99,Investment,85579
80,6,Checking,37434
81,98,Checking,32949
82,57,Savings,52749
83,47,Checking,12431
84,56,Savings,90940
85,34,Investment,8525
86,26,Savings,32903
87,30,Checking,91499
88,0,Checking,48333
89,7,Checking,8525
90,38,Checking,66314
91,38,Checking,53599
92,3,Checking,49861
93,66,Checking,42624
94,12,Investment,50659
95,56,Checking,79619
96,53,Checking,37430
97,12,Checking,88947
98,23,Investment,19085
99,16,Investment,18852
100,70,Checking,15939
101,66,Investment,37430
102,59,Savings,54067
103,2,Checking,24422
104,43,Savings,23707
105,84,Investment,76669
106,56,Savings,85579
107,25,Investment,99658
108,28,Checking,37430
109,67,Investment,66314
110,99,Checking,85579
111,31,Investment,33433
112,24,Savings,93568
113,32,Savings,48333
114,32,Checking,91185
115,1,Checking,24422
116,43,Checking,50659
117,13,Checking,74118
118,73,Investment,91406
119,83,Checking,91406
120,22,Investment,19713
121,28,Checking,33905
122,18,Savings,24220
123,3,Investment,48333
124,88,Savings,24220
125,13,Savings,85579
126,10,Investment,30046
127,90,Investment,89961
128,69,Investment,91185
129,26,Savings,91499
130,81,Savings,90940
131,83,Savings,54067
132,93,Checking,15939
133,95,Savings,33905
134,14,Savings,65901
135,70,Investment,88228
136,41,Savings,91185
137,66,Savings,88228
138,57,Investment,62033
139,90,Savings,50882
140,94,Savings,56698
141,28,Investment,33287
142,84,Savings,96726
143,25,Savings,54446
144,8,Checking,93412
145,47,Checking,12431
146,86,Investment,39863
147,1,Checking,12431
148,65,Investment,85579
149,79,Checking,25093
150,13,Savings,34520
151,44,Savings,24422
152,59,Savings,98133
153,81,Checking,85579
154,89,Checking,10011
155,93,Checking,10661
156,16,Savings,7398
157,25,Investment,11419
158,61,Investment,57249
159,58,Savings,32071
160,92,Checking,57249
161,12,Checking,30046
162,37,Savings,33905
163,24,Investment,52108
164,87,Checking,76669
165,58,Investment,26578
166,24,Investment,48103
167,62,Investment,23707
168,24,Savings,77227
169,63,Investment,57249
170,25,Investment,54067
171,85,Savings,65901
172,44,Savings,3528
173,32,Investment,67693
174,58,Investment,29527
175,26,Savings,77227
176,34,Investment,24220
177,62,Investment,18852
178,66,Savings,62179
179,17,Savings,37430
180,25,Investment,62179
181,88,Investment,8524
182,22,Checking,42624
183,8,Checking,12431
184,97,Savings,54446
185,16,Checking,76669
186,55,Checking,41164
187,92,Checking,18852
188,13,Investment,50659
189,21,Investment,10011
190,97,Investment,49861
191,1,Checking,11626
192,63,Investment,33433
193,52,Investment,26403
194,65,Checking,34640
195,79,Savings,62033
196,87,Savings,49861
197,41,Investment,98133
198,95,Investment,26403
199,6,Checking,2244
