customer_id,name,address,phone_number,email,social_security_number
C01,Kimberly Sandoval,"641 Willis Run Suite 559
Allenshire, PW 87515",(632)855-6226x1750,morenoroger@example.net,890205830
C02,Kaitlin Smith,"77970 Nicholas Street
South William, FL 23912",694-595-7136x1882,michaelsnow@example.org,642364537
C03,Jason Allen,"01340 Johnson Way
New Stevenview, ID 53536",683.349.6813,joseph15@example.org,337830055
C04,Stacey Ortiz,"14417 Moore Stream Apt. 855
Terrishire, DC 15650",+1-710-269-2798x5968,claytonroberts@example.com,710900754
C05,Tammy Allen,"20826 Julian Port Suite 971
Johnberg, WV 32699",(359)536-7838x45023,roygross@example.net,299355246
C06,Mandy Martin DVM,"04825 George Crossroad
South Christian, OH 47945",412.898.8422,brenda54@example.org,536158392
C07,Ashley Garcia,"0010 Alyssa Ranch Suite 629
New Jennifer, MP 34414",424.556.9133x63501,elizabethsnow@example.net,800763607
C08,Stephen Weaver,"1323 Maria Roads Apt. 257
Timothyside, NC 39974",298-711-1198,ashley29@example.org,899027543
C09,Jessica Deleon,"11828 Reynolds Summit Apt. 948
Victoriaview, SD 92841",337.939.6556x51428,qryan@example.org,896468326
C10,Alexandra Vaughn,"105 Smith Turnpike
Lake Michaelhaven, ND 97429",796.889.7747x5210,vincent42@example.net,500166622
C11,Kayla Dougherty,"430 Gabrielle Lights
North Coryborough, KY 02288",453-376-9201x50853,krista09@example.com,274418558
C12,Matthew Shaffer,"321 Jaclyn Lane
New Jeffreystad, CT 94542",466-916-8326x774,ugarcia@example.org,466472957
C13,Tracy Smith,"779 Matthew Dam
Rogersmouth, AS 02465",521-239-8726x8901,villarrealmichael@example.net,563501946
C14,Donna Wood,"71116 Kaitlyn Way Suite 631
Codyfurt, AS 57805",001-474-406-7795x18574,vlopez@example.net,621512956
C15,Kathleen Snyder,"642 Aaron Crossing
North Daniel, TX 19177",894-973-4487x472,williamsummers@example.net,787879996
C16,Anne Casey,"742 Glass Mountains Suite 859
Reedfort, MN 63241",(583)965-2484,richard19@example.com,839890723
C17,Marc Vargas,"89314 Erickson Tunnel
Johnside, MH 30974",+1-743-655-4320x6660,lisarogers@example.net,869096488
C18,Cynthia Howell,"596 Skinner Plain
Port Rachelberg, MP 62439",536-842-9972x3695,hnorris@example.org,565597020
C19,Brandon Alvarez,"1214 Banks Grove
Williamburgh, MT 57534",(431)619-0186x4534,noah58@example.net,847141209
C20,Brittney Martinez,"PSC 1060, Box 5421
APO AP 35992",(583)619-8545x0641,wwoods@example.com,503867685
C21,Natalie Sheppard,"006 Andrew Villages Suite 456
West Jacobmouth, VT 57495",001-313-336-7766x82306,taylorkaren@example.org,599789343
C22,Jonathan Burke,"2931 Jessica Meadows
Gonzaleston, AS 47152",(266)739-7815x3355,sking@example.net,787750906
C23,Troy Spears,"85411 Benjamin Bridge Suite 362
Joanmouth, CA 77996",001-787-239-1670,jane07@example.org,515936754
C24,Vanessa Cortez,"03048 Amanda Road Suite 639
Beverlyport, DE 02839",(624)907-1335x8598,kevin97@example.com,370916394
C25,Paul Guerrero,"32495 Jessica Locks
Michellemouth, NY 99084",5488639658,elizabethberry@example.org,413071529
C26,David Gonzalez,"066 Helen Centers
West Mitchellport, UT 82635",961.209.9101x6515,hayesaustin@example.net,887628821
C27,Bobby Bush,"687 Leonard Rapids Suite 157
Erinfort, NH 35414",001-676-476-9919x7436,michael63@example.com,483320601
C28,Angel Duffy,"224 Jeffrey Villages Apt. 321
Williamborough, KY 06150",001-407-217-2194x178,sarah93@example.org,563656969
C29,Angela Soto,"36114 Little Curve Suite 395
Lambertland, ID 18192",001-888-408-7754x27859,aliciavillarreal@example.net,222694895
C30,Mary Martinez,"50496 Keith Courts Apt. 036
North Brandon, TN 53421",001-598-462-0904x24476,joseph68@example.com,696262003
C31,Robert Burnett,"625 Cole Burgs Apt. 513
Lake Alyssa, PR 68892",376.776.1088,jacob04@example.com,904046357
C32,John Walsh,"17830 Alexandra Valleys
Tommyland, OK 22207",(410)395-8800x88620,john85@example.org,507953033
C33,Rebecca Rose,"Unit 3756 Box 3660
DPO AP 80140",+1-325-996-9637x763,henrygary@example.com,138341098
C34,Carlos Mcbride,"088 Harrell Crossroad
Theresamouth, AL 63817",+1-695-539-4892x23253,brownamy@example.net,857220327
C35,Jared Fisher,"077 Brandy Summit
Lambertstad, VI 12403",651-958-4221,richardkennedy@example.org,895700023
C36,Alan Young,"2848 Hernandez Spurs
Gutierrezchester, OR 48733",229-305-3015x09886,cranejames@example.com,149840650
C37,Brandon Evans,"USNV Marquez
FPO AE 86326",(509)893-3623x89510,cynthiagonzalez@example.org,517706547
C38,Hannah Davis,"38677 Hawkins Estates
Catherineport, NY 07032",+1-231-527-3964x74933,stevengreene@example.org,224825773
C39,Kyle Bennett,"3764 Brian Green Apt. 206
South Carrieburgh, AS 05311",+1-965-769-0538x7739,pmatthews@example.net,713410046
C40,Jessica Stephens,"4887 James Meadow
East Jenniferburgh, TN 92369",429.708.4887,ssmith@example.net,917992490
C41,Pamela Cross,"29074 Kaufman Stream
Rossfurt, MA 14265",738-556-3605x48229,benjaminhale@example.com,284314079
C42,Christian Pierce,"617 Herman Trace Suite 550
Robinfurt, WI 07317",+1-439-450-3573x63812,nealsteven@example.net,940588875
C43,Felicia Hill,"087 Poole Mountains Suite 973
South Elizabethhaven, KY 86702",001-778-230-3745x29209,christinebenson@example.org,875703602
C44,Joel Wright,"68769 Payne Isle
Lewismouth, ID 63668",841.593.3099,johnsimpson@example.org,201907250
C45,Michael Dillon,"807 Wilkinson Run Apt. 416
North Matthewburgh, GA 41483",+1-584-419-0092,david15@example.org,940577340
C46,Lisa Mcconnell,"370 Le Forges
Wendyfurt, MO 41425",589-353-7151x9610,bwalsh@example.org,998514413
C47,Amanda Little,"622 Melton Tunnel Suite 736
Leeport, KS 50493",871.929.0431x812,russelllouis@example.com,593220909
C48,Jessica Terry,"4641 Miller Lane Suite 541
West Josephhaven, MS 11893",675-582-9206x547,wilsonangela@example.com,419734659
C49,Robert Fuller,"064 Rachel Prairie
Hessside, IN 76503",+1-671-543-3337x409,amynewman@example.org,920782751
C50,Ryan Chandler,"67583 Hancock Isle
Harperbury, HI 33498",001-518-876-4921x0170,coleandrea@example.com,463168903
C51,Joanne Allen,"2392 Rivera Mountains
Schneiderstad, PA 27524",917-560-9200x8148,sandrasanchez@example.com,114567060
C52,John Moran,"PSC 6334, Box 6276
APO AP 31246",823-642-4764,hubersheila@example.net,110624449
C53,Courtney Burton,"27206 Carlos Rapid Suite 392
Thomasmouth, VT 50837",845-826-0518,paulawhite@example.net,107298801
C54,Rachel Adkins,"322 Elizabeth Courts
South Aliciaside, PW 21412",(738)876-8135x621,martinezjodi@example.net,396005411
C55,Andrew Walton,"3037 Andrews Fall Apt. 193
Port Nathaniel, MS 30602",4664140487,cvargas@example.net,112856778
C56,Rachel Kidd,"3702 Alicia Tunnel
Harrisberg, HI 16217",383.442.2295x8933,lfrancis@example.net,336895425
C57,Eric Fowler,"8368 Scott Drive
Haleyfort, PR 62168",001-789-345-7795,sgray@example.net,357048556
C58,Mason Edwards,"01943 Anderson Prairie
East Jason, PA 47434",761-958-7177x21392,jenniferdeleon@example.org,576571630
C59,Erica Castillo,"40563 Dennis Prairie
South Tammychester, CO 44055",380.291.1435,mossdonald@example.net,884186162
C60,Jennifer Moore,"6183 Brown Islands
North Matthew, OK 50035",(642)965-9198x8882,mayoamy@example.net,892562997
C61,Angela James,"30920 Schneider Heights Apt. 012
Nathantown, DE 06134",001-384-454-5229x55855,robertmelton@example.net,812716081
C62,Monica Harper,"929 William Mission Suite 068
Michaeltown, TX 50470",+1-766-792-3957x6951,saraharvey@example.net,750768270
C63,Sherry English,"22098 Amy Lodge
Port Mary, OK 68512",(854)757-6673,christine71@example.org,266059052
C64,Andrea Love,"80535 Dyer Road
Mitchellmouth, MI 42799",(751)935-6873x417,james96@example.org,329875023
C65,Kyle Ortiz,"278 White Loop
Josephside, PW 23099",001-371-916-8168x6416,brandonwashington@example.net,330095918
C66,James Ryan,"1984 Douglas Pike
Lake Johnshire, PA 50081",+1-575-273-0341x318,patricia26@example.org,354000029
C67,Pamela Frank,"5340 Jennifer Freeway
Justinburgh, CA 77329",835.892.9966x2558,rmeyer@example.com,541150813
C68,Claudia Mason,"7160 Melanie Mills Suite 660
South Patriciafurt, ND 16867",(245)450-7712x03511,tonyamaddox@example.org,359530986
C69,Dana Williams,"92163 Cox Burgs
Tamarachester, MH 11418",(776)360-4294x43581,jamesbrooks@example.com,305565644
C70,Christopher Mahoney,"USS Walker
FPO AP 50474",952-475-0728x6854,youngalicia@example.org,487449525
C71,John Harris,"28428 Bethany Spur
Gabrielachester, MT 62688",829-737-4321x3811,blackscott@example.net,302384894
C72,Marcus Harris,"130 Peter Trace
Mejialand, AL 90380",001-989-315-2209x8423,timothy92@example.net,189818834
C73,Angela Garcia,"25609 Oneal Plains Suite 658
Whitefurt, MN 16963",846.277.5083x6882,michaelkaufman@example.com,656568530
C74,William Allen,"782 Hammond Avenue Apt. 665
Aaronborough, VA 44330",996.962.2421x530,williamsmitchell@example.org,789602883
C75,Monica Hamilton,"15165 Jones Stravenue
East Jessica, OR 30149",393.506.9528,pruiz@example.net,212937113
C76,Sarah Gonzalez,"26830 Christopher Shoals Apt. 433
Michelleville, VI 16979",+1-742-342-0867x27492,manuelstokes@example.org,873699987
C77,Robin Craig,"02942 Susan Station Suite 747
Carlaborough, TX 08640",7646984060,meganwolfe@example.com,570426742
C78,Susan Castillo,"1702 Chavez Bridge
North Heather, WA 44483",+1-609-516-3900x83389,jacob18@example.org,491052985
C79,Dennis Gordon,"41987 Sandra Ways
Foleyshire, MD 80112",(276)289-3681x797,timothydavis@example.com,993117520
C80,Matthew Mendoza,"69384 Sullivan Plaza
Robertshire, AL 60331",001-712-849-2432x13137,whitney83@example.org,691819347
C81,Michael Thompson,"62659 Young Mission
Lake Timothy, SD 48215",001-894-907-9739,greenemaureen@example.org,250831052
C82,Timothy Nunez,"54162 Heidi Cliff
Bennettmouth, IL 18766",466-217-7593x5490,shahn@example.org,609930806
C83,Jennifer Delacruz,"Unit 9405 Box 8685
DPO AA 78718",+1-547-964-7205x788,tylerrobert@example.net,796709233
C84,Michael Kent,"45556 Wallace Islands Apt. 229
Suttonfurt, NM 46364",+1-976-218-4314x614,powelltheresa@example.net,927476359
C85,James Lynch,"148 Chavez Course
Parkerland, IL 98548",(359)424-3492,emilyday@example.org,140163702
C86,Brenda Nunez,"5205 Mark Squares Apt. 756
Jeffstad, FM 65897",328-785-8772,ymerritt@example.com,419525815
C87,William Chavez,"73415 Brian Fords Apt. 479
North Lisa, PW 84490",951-878-7688x13479,kathleen13@example.com,938002189
C88,Courtney Padilla,"63854 Galvan Brook
Phamville, AZ 34446",661-339-7445x705,cpeck@example.net,494503164
C89,Dustin Cortez,"992 Joshua Crossing
North Yeseniaville, IA 01087",+1-551-439-1775x852,khill@example.org,832146511
C90,Lee Miller,"09063 Gill Shore Apt. 344
Matthewtown, FM 53389",(485)441-4729,alexandercastro@example.com,477829234
C91,Benjamin Hanson,"249 Danny Point Apt. 747
Lake Evanview, MP 90794",001-394-515-6045x97186,sabrinamoore@example.net,702065978
C92,Kevin Chaney,"646 Dawson Plaza Apt. 132
Wrightview, PR 36978",379.907.8328x10392,brendagill@example.com,418589847
C93,Cassie Wolfe PhD,"994 Hardy Camp
Moorefort, SD 32072",001-368-438-0482,smithemily@example.com,453647502
C94,Lisa Rangel,"09632 Gray Burg
Thomasmouth, NH 89682",210-405-3912x801,jonathanmueller@example.com,485583783
C95,Thomas King,"65354 Keller Mountains Apt. 764
West Susan, HI 83854",734.594.7650x38493,higginsrachael@example.com,614893504
C96,Megan Richardson,"51272 Russell Dam Suite 873
West Aaronhaven, PW 77128",001-678-521-0106x252,jay75@example.com,500527329
C97,Mario Allison,"103 Brown Plain Apt. 211
North Kimberly, FM 71525",801-791-7298x91445,phamilton@example.org,847395842
C98,Robert Marsh,"42721 Fowler Drive
North Antonio, PA 61321",4034620501,myersjessica@example.org,958215163
C99,Bryan White,"6697 David Oval
Beckyburgh, FL 67489",(247)386-5485x602,perezmark@example.org,921595444
C100,Anthony Donaldson,"648 Peter Loop
South Jennifer, NE 32869",001-923-230-8878x18172,benjaminbailey@example.com,193184589
