customer_id,name,address,phone_number,email,social_security_number
0,Linda Sanders,"USCGC Lawrence
FPO AE 98245",(951)565-2262,jamesjon@example.com,346877761
1,Melissa Anderson,"147 Jennifer Gateway Suite 162
New Adamborough, AK 95671",672.762.2616,thomas59@example.net,934878723
2,Danielle Rodriguez,"14849 Jeffrey Freeway
Lake Drew, WV 56179",+1-875-335-1036x6092,michael03@example.net,543814756
3,Jennifer Weaver,"561 Christensen Mill
West Russell, AZ 47735",001-973-546-5623,qsanchez@example.org,103149251
4,Colleen Kelly,"90704 Lisa Plains Suite 042
New Michelletown, SC 54238",001-201-367-8831x186,czuniga@example.net,493091925
5,Tanya Edwards,"598 Martin Garden Apt. 714
South Kurthaven, NM 30344",5727262076,davisrhonda@example.com,239164071
6,Tyler Gallegos,"866 Kimberly Underpass
North Walterport, MI 59932",816-862-4302,mathewsandrew@example.org,328261672
7,Jordan Rojas,"7631 Robinson Islands
Lamchester, ME 01315",+1-873-491-5155,gutierrezkathy@example.com,746554701
8,Phillip Burns,"Unit 9345 Box 0324
DPO AA 36173",(606)588-9304,phillip74@example.net,512846926
9,Ethan Moore,"587 Bailey Drive
New Patrickmouth, AR 85399",306.833.7945x82378,justin75@example.net,522810587
10,Shawn Jones,"PSC 4710, Box 5262
APO AE 97408",+1-391-871-4306x3510,gyang@example.org,770072185
11,Karen Campbell,"230 Cervantes Forges
Millerchester, OK 56512",(581)799-5159x3619,creed@example.net,836715878
12,John Alexander,"3694 Jones Courts Apt. 785
Leonardbury, NH 91553",(507)733-1981x60752,nmiller@example.com,374431777
13,Emily Vasquez,"15914 Nguyen Divide
New Joel, FM 78366",360.438.9060x5032,diazcharles@example.net,142760593
14,Julie Harris,"USCGC Miller
FPO AA 20506",+1-952-751-1586,gardnerchristopher@example.net,265805968
15,Alison Mooney,"8287 Julian Springs Suite 913
Jeremytown, HI 70651",897-884-1596,elizabethbrown@example.com,650995816
16,Mr. Adam Rhodes,"62016 Valenzuela Summit Apt. 973
Lake Gabrielburgh, MT 79902",2486537965,hdavis@example.com,637469699
17,Heidi Curtis,"780 Thomas Knolls Suite 474
Wilsonport, MT 48965",001-796-449-1313x3858,mrodriguez@example.com,437302476
18,Carrie Mccormick,"0784 Amanda Ranch Apt. 677
New Laurieshire, WI 16104",+1-662-314-6585x5502,cassandra83@example.com,253653737
19,Jeffrey Meadows,"24747 John Wells Suite 977
Lake Leehaven, ME 75244",001-996-310-9470x7739,rosslinda@example.com,157704206
20,Jacob Mckinney,"PSC 5566, Box 4288
APO AP 89755",766.728.7377x05808,johnharmon@example.net,882773293
21,Hannah Chandler,"960 Paul Trail Apt. 873
New Michael, VT 38045",001-442-604-2014x8794,smithkristine@example.org,178660547
22,Laura White,"82833 Kim Park Suite 212
Tanyahaven, MT 99878",(357)761-8105x796,hilljohn@example.net,499656260
23,Donald Bonilla,"91869 Matthew Crossing
Michaelmouth, RI 21432",5858038368,vmartin@example.org,754193176
24,Deborah Gonzalez,"2465 Megan Mountains
North Jeffreyfort, AK 21953",339-689-7281x0980,psantos@example.net,596098303
25,Michelle Wallace,"0248 Rose Via
Wagnertown, MO 80323",743-903-4339x392,jennifermoore@example.org,979029067
26,Casey Richardson,"3952 Knapp Field Suite 065
Port Kayleestad, UT 40631",(830)707-9018x03085,ithomas@example.com,453583951
27,Jennifer Duncan,"7520 Heather Causeway Suite 855
South Paul, WI 44251",588.742.7680x193,peterhicks@example.org,564630365
28,Eric Wall,"7240 Sarah Squares Suite 570
Kerrstad, NV 54099",001-345-202-7934x05070,emily08@example.com,466372220
29,Jason Ross,"036 Kathryn Prairie Apt. 365
Bergerstad, VT 80288",286-999-4183,monique13@example.net,475932368
30,Cheryl Caldwell,"129 Daniel Pike
Benderland, SC 15801",(619)254-4036,wgriffith@example.org,474839552
31,Cindy Miller,"351 Lowe Views Apt. 414
Robertsonside, IA 70280",984-210-6444x22594,lyonsjennifer@example.org,367892395
32,Scott White,"19546 Anthony Burg Suite 329
Browningshire, KS 64418",206.941.7262x9477,iconrad@example.org,322849625
33,Bethany Castro,"443 Long Walk
Sheltonland, TX 22103",(783)731-6450,rachel69@example.org,898182470
34,Natalie Valdez,"598 Ryan Valley
Lake Mollyburgh, MH 15237",(436)853-5547,martinmatthew@example.org,256924435
35,Peggy Hartman,"7225 Bernard Locks
New Danielle, OK 95053",(866)548-0109x2491,peterwalter@example.com,809872813
36,Jessica Gibson,"65939 Katherine Hollow Apt. 162
Wesleytown, TN 81178",383-962-4398x00024,ybailey@example.org,220838357
37,Richard Irwin,"Unit 7163 Box 7243
DPO AE 74936",221.288.0846x1302,kevinramirez@example.org,809183322
38,Barbara Miller,"Unit 4435 Box 9167
DPO AA 37189",387-521-1590,sfox@example.org,224688631
39,Christopher Foster,"42864 John Mills Apt. 140
Port Devinchester, AK 06892",353.813.6260,blakejoel@example.com,491552492
40,Matthew Durham,"PSC 8217, Box 1056
APO AP 03796",8413112850,wareemma@example.com,641439607
41,Carol Howe,"218 Wesley Path
Lisamouth, HI 85487",568.627.4507x525,washingtonsandra@example.net,426949789
42,Dorothy Galloway,"3232 Kevin Cliff Suite 607
Port Antoniomouth, MH 56406",(927)512-9959x717,cruzlindsay@example.org,338773607
43,Michele Hoover,"0911 Julie Fords
Lake Cynthia, OH 82123",694.911.2111x01520,michelleholmes@example.com,114754963
44,Sandra Lopez,"169 Small Flats Apt. 490
East Kerristad, WY 10810",(854)839-7881,robert25@example.com,141755510
45,Thomas Patel,"Unit 1200 Box 6857
DPO AA 95870",001-453-278-6814x654,courtney17@example.org,928603056
46,Marie Hanna,"47989 Farmer Knolls
New Ryan, KY 50260",(998)352-0835x1960,elizabethtaylor@example.com,897220477
47,Sharon Ruiz,"1532 Olsen Pine Apt. 549
Port Sandramouth, ID 91473",(316)892-6133x774,dwilkinson@example.net,360398538
48,Gregory Faulkner,"7742 Martinez Groves
Jonesmouth, NE 07245",487-614-0194x932,michaelrichards@example.net,459020080
49,Melissa Brooks,"24250 Martin Isle
West Oscar, NH 67778",001-350-618-6245x7143,garrett26@example.com,690343180
50,Deborah Randolph,"37132 Small Loop Suite 577
North Scottchester, CA 81467",+1-493-390-2829x8750,joelcastillo@example.org,949001782
51,Timothy Nelson,"46152 Perez Cape
East Edward, CA 08915",+1-841-315-0061,bfrederick@example.com,984602180
52,Paul Williams,"517 Hill Stream
New Juliehaven, PW 54996",512.776.6797x38779,joseph52@example.org,345717013
53,Trevor Thompson,"347 Santana Lane Suite 997
South Sarahview, GU 95646",732-421-4697x8933,markthompson@example.org,982996410
54,Brandy Smith,"78694 Montgomery Villages
East Benjamin, NM 97361",502-358-0937x41217,christianlowery@example.net,595843153
55,Lisa Freeman,"452 Hanna Points Apt. 609
Brentside, NC 15306",+1-210-221-7777,moconnor@example.net,842890841
56,Karen Salinas,"0600 Mason Port Suite 403
Gutierrezshire, FM 25015",(607)766-7323x04988,bramirez@example.org,658978164
57,Richard Thomas,"000 Garcia Plains
Lake Ryanberg, PA 50617",+1-640-560-8395x5205,monicahaney@example.net,459913088
58,Anne Rogers,"27705 Jeremy Fields
Lake David, AL 31440",4466533320,darryl19@example.net,468266399
59,Andrew Brown,"04286 Acevedo Drive Suite 382
North Amandaton, FM 69200",+1-963-767-5500x8407,jonrobinson@example.net,129220592
60,Tyler Johnston,"6868 Edwards Village Apt. 505
West Matthewstad, WY 09728",001-394-986-5800x6420,bryanwilson@example.com,951285628
61,Michelle Rodriguez,"PSC 1008, Box 0171
APO AE 34559",+1-550-514-5128x32986,xsullivan@example.org,138033696
62,Amanda Mclaughlin,"127 White Club
Rosstown, LA 36391",661-440-6458,erice@example.org,328854260
63,Jeremy Harris,"788 Berg Trail Apt. 359
South Davidborough, CA 87255",493-751-9458x7416,amandayork@example.org,650851855
64,Janice Pineda,"93787 Donald Mountains Apt. 705
Lake Christina, DE 56266",598-526-8334x725,kentsarah@example.org,744699722
65,Wendy Clark,"48158 Nancy Plains Apt. 286
Nicoleborough, MH 91182",(724)953-1417,charles93@example.com,812657262
66,Jeffery Jones,"924 Malik Tunnel Apt. 366
Torresmouth, LA 13142",+1-944-928-9536x21578,ncortez@example.net,231913041
67,Katherine Taylor,"19358 Mendoza Locks
East Anthony, AL 94144",293-431-1706,geraldvega@example.net,658367704
68,Jennifer Anderson,"18238 Robinson Cliff Apt. 616
Julieview, OR 50997",612-796-5655x9674,herbert19@example.net,454004606
69,Sean Powell,"USNS Jackson
FPO AP 04143",883.668.6464x947,davisrebecca@example.org,778188465
70,Amber Glass,"418 Kristi Meadow Suite 203
Mitchellmouth, CA 77792",540-348-5816,hartheidi@example.org,819416302
71,George Morris,"558 Maria Hill
West Vicki, GU 57692",+1-592-470-1209x0083,matthew88@example.org,433283428
72,Lauren Mckee,"58632 Smith Stream
West Elizabeth, VT 83379",(626)431-0008,michelle79@example.net,990596527
73,Richard Gonzalez,"054 Martin Creek Apt. 322
Lake Chris, DC 34095",(579)448-0548,morrisondebbie@example.net,195393337
74,Kaitlyn Baker,"3941 Price Ports Apt. 566
New Rebeccafort, IN 32754",+1-561-291-6905x9044,victor79@example.net,929599324
75,John Curry,"7547 Smith Freeway
New Shaneborough, AS 75453",001-563-881-0070x9801,yyang@example.org,726604657
76,Jeffrey Peters,"3991 Jeffrey Crossing
Port Justintown, OR 03199",5852504481,mark35@example.net,994054694
77,Jeffrey Howard,"56445 Moore Path Apt. 130
South Daniel, CT 43618",+1-321-878-8629,hallmadison@example.net,523474832
78,Karen Johnson,"PSC 6134, Box 2516
APO AP 66377",937-509-6003x4812,ecrawford@example.org,713233246
79,Nicholas Shah,"Unit 0836 Box 6709
DPO AE 79413",(489)867-8436x1951,johnrodriguez@example.net,821756014
80,Christopher Hansen,"39870 Wallace Meadows
Port Aprilmouth, MS 96568",001-950-666-7958,diane08@example.com,469306900
81,Kimberly Bowers,"Unit 1802 Box 5916
DPO AA 30677",+1-998-605-7180x044,kfields@example.net,119303185
82,Michelle Weaver,"82798 Allen Lodge Suite 848
Port Karen, MT 93671",(350)876-1025x920,oliverpatricia@example.com,474023749
83,Dylan Simpson,"39644 David Isle
Griffinside, HI 52023",681-597-6028,janegill@example.org,831281791
84,Jessica Yu,"54664 Glover Ridges Suite 785
North Anna, NV 09012",802.357.5574x6859,noconnor@example.net,345931092
85,Karen Floyd,"969 Long Village
Leslieberg, NE 86272",810-218-8838,kennedysandra@example.com,217119179
86,Jordan Warner,"70792 Byrd Village Suite 771
Stevenville, VI 98344",001-797-485-2890x03799,delacruzbenjamin@example.net,644418232
87,Pedro Ramos,"006 Wright Green Suite 511
Barryburgh, OK 25473",+1-515-872-1942x00464,ivasquez@example.net,126926456
88,Melissa Brown,"0924 Bradley Parkway Apt. 366
Robertsontown, UT 92259",(579)538-2420,tflores@example.org,479462811
89,Bruce Fuentes,"USCGC Castaneda
FPO AP 48050",896.562.4365,sandra22@example.org,384774706
90,Ryan Carroll,"Unit 2312 Box 9195
DPO AE 47105",574-236-3703,richardgregory@example.net,283656410
91,Tara Lucero,"725 Garcia Run
East Crystal, OK 11912",876.852.5771,jwilliams@example.com,816878369
92,Marc King,"4905 Jones Gateway Apt. 104
North Hailey, IN 17613",811-629-4818x609,jacob44@example.com,745607858
93,Sandra Perkins,"7563 Michelle Forest Apt. 963
East Karenhaven, VA 79372",7016978180,caldwellbrian@example.org,205239385
94,Tamara Cooper,"0928 Erica Summit
South Robert, AK 77514",4267560465,jesse88@example.org,724001146
95,Charlotte Peters,"5448 Jean Trafficway Suite 351
Lake Miranda, VA 63470",791.718.3649x23731,ryanmunoz@example.net,638342429
96,Blake Boyd,"69231 Hayes Hollow
Tranburgh, IL 90817",889-597-8927x21344,william97@example.com,950179138
97,Lauren Armstrong,"48192 Steele Passage Apt. 280
Tracyfort, IN 77863",382.284.3408x60075,nkane@example.net,914232426
98,Angela Taylor,"3998 Graham Dam Suite 065
Schmidthaven, NY 10104",588-290-2331x71522,seanrivera@example.net,497817186
99,Adam Smith,"212 Tamara Throughway Suite 257
North Brandyberg, DE 31633",+1-457-670-1065,smalltodd@example.net,811134481
