line_id,customer_id,number,activation_date
L001,C196,(966)412-7058,2021-03-08
L002,C459,(551)408-8783x94827,2020-12-22
L003,C265,(790)229-1573,2022-05-25
L004,C537,(570)549-6028x52043,2019-04-14
L005,C238,487.806.4476x81423,2022-09-09
L006,C091,(446)486-6507x265,2023-12-17
L007,C851,859-337-5790,2019-04-25
L008,C455,(551)408-8783x94827,2021-03-27
L009,C046,219.424.4068,2020-12-16
L010,C155,(711)594-2823,2023-07-24
L011,C324,+1-255-579-7355x15057,2021-07-18
L012,C690,001-798-922-0110x9984,2020-09-12
L013,C936,+1-469-226-1475x31603,2023-07-24
L014,C221,335.871.3939x5579,2020-02-10
L015,C514,214.961.3372,2021-01-04
L016,C672,(440)220-4354x6505,2019-02-26
L017,C876,(266)960-4656x9617,2020-03-24
L018,C842,001-956-970-3716x648,2019-06-02
L019,C080,781-325-1334x982,2023-09-18
L020,C157,+1-419-455-7180,2022-09-29
L021,C731,(928)776-3415x717,2019-10-15
L022,C700,8155840967,2021-10-04
L023,C829,001-832-778-3450x843,2019-03-02
L024,C441,+1-594-643-0941x788,2022-11-15
L025,C675,+1-705-826-7634x684,2020-05-23
L026,C876,001-680-379-8896x10187,2020-04-06
L027,C867,+1-756-813-0770x432,2021-10-21
L028,C092,001-495-403-2119x5067,2023-05-13
L029,C017,+1-329-923-6629,2021-02-05
L030,C239,(455)639-3554x40388,2022-06-26
L031,C455,4715017004,2020-03-03
L032,C080,533-952-9756,2022-05-05
L033,C138,397-458-4143x392,2021-12-07
L034,C471,001-705-509-3183x516,2019-09-03
L035,C274,633.819.3314x16677,2023-12-20
L036,C998,+1-822-499-1647,2022-10-07
L037,C992,491.503.3657x299,2021-06-09
L038,C867,(888)866-9791x6940,2024-01-16
L039,C734,+1-502-871-0969x00183,2021-08-08
L040,C158,(979)918-3901x856,2021-01-16
L041,C542,(995)638-8255,2024-01-05
L042,C782,+1-269-237-2408x4070,2022-12-30
L043,C589,(315)832-3820,2019-03-01
L044,C336,612.411.2345x5012,2020-01-24
L045,C238,(813)263-0793x0494,2022-09-13
L046,C263,+1-872-497-0918x785,2021-12-22
L047,C236,978.305.5298,2021-01-09
L048,C368,932-634-9813,2021-04-12
L049,C109,001-227-340-9749x14434,2023-12-07
L050,C781,(649)255-1843,2020-05-25
L051,C140,001-609-219-4582x0362,2019-06-04
L052,C758,(836)256-9353x05460,2019-04-28
L053,C405,779.883.4091x095,2021-06-28
L054,C405,(861)560-6803,2024-01-26
L055,C953,273.674.5507,2020-07-17
L056,C505,001-205-901-4683,2019-05-11
L057,C040,+1-353-490-2380x67346,2022-09-03
L058,C527,001-728-850-9475x67229,2023-11-26
L059,C030,6353110902,2020-03-26
L060,C448,(609)866-4627x5889,2022-05-11
L061,C523,216.386.7540x4085,2021-06-30
L062,C086,+1-512-988-1862x33582,2022-11-08
L063,C321,7075191793,2020-03-04
L064,C134,587-565-8513,2019-04-20
L065,C628,472-418-5575x82738,2022-04-16
L066,C903,259-216-5740,2020-10-21
L067,C535,(205)739-6959x59928,2019-04-22
L068,C901,001-779-959-4442x65220,2024-01-08
L069,C362,921-345-0756,2019-12-10
L070,C480,(961)325-5856,2023-03-03
L071,C196,(905)433-9211x49973,2019-02-14
L072,C584,964.655.2015x9301,2021-04-13
L073,C141,(205)739-6959x59928,2020-02-23
L074,C160,(836)256-9353x05460,2022-08-01
L075,C359,(790)229-1573,2019-06-03
L076,C639,+1-284-778-4036x07286,2021-11-17
L077,C570,394.503.0967,2021-04-12
L078,C527,3555876077,2022-12-26
L079,C932,001-565-831-9986,2023-06-20
L080,C884,001-284-293-7379x28731,2021-07-23
L081,C314,505-215-8054x56380,2022-01-17
L082,C425,(667)238-8244x26096,2020-09-16
L083,C984,525-285-9293,2023-08-06
L084,C536,(862)459-8317x29368,2019-08-01
L085,C338,2877425035,2019-08-29
L086,C981,970-284-5661x598,2021-02-01
L087,C878,+1-641-334-4743x98641,2020-06-16
L088,C149,483-874-4513,2019-11-25
L089,C074,598.232.3290x008,2021-02-06
L090,C363,4715017004,2021-06-15
L091,C641,+1-705-826-7634x684,2022-10-28
L092,C599,001-592-483-1068,2022-07-05
L093,C042,(401)847-9185,2019-07-27
L094,C014,001-233-525-0995x8084,2021-12-10
L095,C780,221-699-5505x0559,2020-12-07
L096,C761,+1-427-486-6767,2020-11-05
L097,C516,+1-817-927-7216x77643,2022-11-09
L098,C571,493.971.0611x04017,2021-02-01
L099,C692,001-381-219-3129x518,2019-08-05
L100,C533,694-733-0797,2019-04-14
L101,C317,001-291-629-8484x1818,2019-12-29
L102,C735,(895)524-4431x23646,2022-10-23
L103,C299,(571)505-5669,2020-08-24
L104,C980,2534398086,2019-05-11
L105,C608,206-246-5655x164,2023-05-23
L106,C727,+1-465-705-0179,2021-11-22
L107,C132,347.779.1793,2023-10-26
L108,C391,(505)335-5112x1776,2021-06-30
L109,C058,+1-991-392-4769,2019-10-10
L110,C973,001-322-491-6696x1650,2021-01-22
L111,C619,7745691778,2021-08-09
L112,C501,942-392-6501,2020-07-18
L113,C801,632-396-1286,2019-06-07
L114,C902,001-660-409-3685,2020-06-08
L115,C952,385-387-8845,2020-11-15
L116,C654,8622322053,2021-11-10
L117,C930,4044263328,2022-05-06
L118,C128,923.615.0677x86929,2021-04-15
L119,C674,2707063514,2024-02-12
L120,C837,8423564126,2022-06-10
L121,C636,(240)321-5816,2019-03-27
L122,C662,359.414.5997,2021-08-08
L123,C563,(850)820-0341x7642,2019-10-24
L124,C807,+1-392-220-3040x885,2019-03-20
L125,C282,(732)448-5739,2023-06-10
L126,C295,550-908-4384x44348,2019-09-11
L127,C625,722.582.3735,2021-02-18
L128,C780,5542416263,2023-10-13
L129,C331,(952)282-2674,2020-02-03
L130,C944,001-723-882-8174x173,2020-04-21
L131,C507,614.754.7999,2020-06-27
L132,C932,4868061043,2021-03-07
L133,C259,+1-543-405-3029,2021-11-25
L134,C124,368-300-0197,2022-05-15
L135,C438,646.572.8497,2020-12-24
L136,C772,001-566-690-8748x131,2023-02-24
L137,C500,(784)856-7135x332,2021-01-08
L138,C193,(830)674-0051,2023-01-18
L139,C095,576-593-0494x7871,2023-09-29
L140,C417,6255066076,2021-07-28
L141,C335,368.373.3620x769,2019-02-19
L142,C645,8362388011,2021-05-29
L143,C985,001-369-920-9157x0364,2020-04-06
L144,C015,+1-536-851-3326x4873,2019-03-16
L145,C107,956.606.6410x692,2019-05-18
L146,C229,716-681-2312x084,2024-02-08
L147,C569,(844)681-3365,2022-10-10
L148,C786,7646761976,2022-10-31
L149,C132,+1-360-533-0555x824,2022-07-06
L150,C606,2853627602,2020-05-12
L151,C921,675-972-3211x360,2020-03-02
L152,C736,298.310.1447,2022-09-16
L153,C731,(368)216-6403x221,2019-09-25
L154,C232,(694)611-0453,2021-03-09
L155,C022,(609)276-7371x5376,2022-12-07
L156,C541,778.901.0418,2023-11-21
L157,C632,001-755-426-9688,2019-08-26
L158,C203,593.361.8306,2021-01-26
L159,C600,548-868-5154,2020-05-27
L160,C247,848.443.7444x0553,2020-06-13
L161,C423,(966)412-7058,2019-10-21
L162,C451,424-407-8527x5686,2020-07-05
L163,C800,(531)929-8443x5959,2023-11-30
L164,C174,264-322-9556,2019-06-14
L165,C505,(715)325-1156,2019-08-31
L166,C852,763-230-5555x2821,2021-07-05
L167,C951,509-746-6933x09036,2020-12-22
L168,C669,001-496-835-4248x4856,2022-03-20
L169,C294,(732)448-5739,2022-01-16
L170,C128,001-640-637-8590x09507,2021-05-05
L171,C008,587-565-8513,2022-07-30
L172,C852,(560)346-7270x2392,2020-06-15
L173,C477,998.667.0390x1473,2020-10-25
L174,C593,+1-707-308-2227,2020-01-09
L175,C443,394.804.4839,2020-08-06
L176,C797,597.797.3178,2020-09-11
L177,C956,001-964-491-3667x14264,2021-11-23
L178,C916,436.960.1537,2022-02-08
L179,C073,764-576-1482x45377,2019-12-03
L180,C287,479.584.8595,2020-05-06
L181,C285,(221)387-2805x112,2020-12-30
L182,C516,+1-262-841-0193x02955,2020-07-24
L183,C115,001-318-969-0827x23821,2022-03-25
L184,C173,001-903-345-3766x675,2023-10-08
L185,C476,+1-623-239-6993x996,2021-08-15
L186,C835,802.386.0847x54226,2023-06-23
L187,C556,(777)620-3120x3618,2023-10-05
L188,C866,714.221.3385x819,2019-08-05
L189,C712,747.797.0955x02090,2022-05-16
L190,C690,+1-878-957-1918x9768,2023-03-11
L191,C796,227.736.5897x86800,2020-05-25
L192,C738,312-521-7760x5414,2021-12-01
L193,C525,761-626-4690x8501,2023-04-15
L194,C612,+1-567-715-7901x10172,2019-03-05
L195,C003,841-876-0906x374,2020-01-10
L196,C839,(942)813-3978,2022-08-27
L197,C658,(220)449-6027x95084,2023-03-01
L198,C557,001-995-649-9592x769,2020-06-08
L199,C804,+1-205-210-6864x2433,2021-11-17
L200,C160,+1-292-948-0762x3847,2023-11-14
L201,C852,865.223.0346x026,2022-11-08
L202,C852,8924287673,2024-02-12
L203,C786,+1-419-717-2210x56717,2022-04-08
L204,C065,001-677-584-4864x2757,2020-12-09
L205,C664,001-832-778-3450x843,2023-03-25
L206,C235,978.305.5298,2021-02-07
L207,C688,(337)588-0456,2022-08-14
L208,C587,5135296519,2019-06-16
L209,C811,(649)255-1843,2021-04-20
L210,C314,842-660-7343,2020-04-15
L211,C430,718-453-8836,2023-02-27
L212,C432,(484)801-3233,2019-08-08
L213,C360,+1-381-718-8759,2022-07-16
L214,C508,8762233520,2019-06-09
L215,C485,+1-900-388-9947x97826,2022-05-02
L216,C812,563.658.4847,2023-07-19
L217,C197,001-613-562-1339x53206,2022-11-01
L218,C172,(711)963-4502,2020-01-25
L219,C341,842-660-7343,2019-06-06
L220,C133,+1-675-258-3787,2021-06-17
L221,C310,001-570-628-9343,2021-08-04
L222,C945,285.393.2026x8207,2023-09-15
L223,C841,529.579.2272x68300,2022-11-15
L224,C558,(715)818-4744x490,2023-10-23
L225,C884,+1-756-813-0770x432,2022-05-09
L226,C205,270.831.3944,2023-06-04
L227,C029,001-832-778-3450x843,2023-07-16
L228,C624,7089268685,2020-09-07
L229,C243,+1-512-268-7334,2019-07-24
L230,C964,242-846-2784,2020-05-17
L231,C653,229-639-2432x96461,2020-06-28
L232,C769,(715)249-6909x000,2022-06-26
L233,C630,001-922-691-8209x914,2023-12-30
L234,C738,975.296.9348x582,2022-10-28
L235,C468,763-743-8896,2021-10-02
L236,C755,(384)535-2291x435,2019-12-02
L237,C888,+1-975-807-2089x073,2021-10-05
L238,C466,463.955.4054,2021-08-21
L239,C350,(828)413-2201,2019-03-26
L240,C006,290-215-0534x24710,2022-08-18
L241,C265,501.314.8372,2023-11-07
L242,C039,(747)854-8580x7942,2024-01-30
L243,C628,001-495-403-2119x5067,2022-07-23
L244,C481,509.767.5254x25677,2021-12-23
L245,C565,(968)741-5353,2020-06-21
L246,C035,964.655.2015x9301,2023-06-06
L247,C300,001-240-632-9873x4224,2023-10-05
L248,C561,+1-360-533-0555x824,2019-11-08
L249,C851,+1-610-906-2103x46977,2022-01-19
L250,C261,001-624-232-8286,2020-10-14
L251,C449,(359)541-4782,2020-05-16
L252,C296,+1-344-567-6932x3730,2022-08-29
L253,C104,614.754.7999,2021-09-12
L254,C599,(205)739-6959x59928,2021-10-03
L255,C880,+1-502-871-0969x00183,2019-03-18
L256,C365,(910)658-2349,2021-10-09
L257,C119,779.883.4091x095,2022-07-11
L258,C847,505-786-4031x2416,2020-11-07
L259,C111,001-945-912-4853x023,2023-04-04
L260,C600,(734)429-3702,2021-01-17
L261,C060,+1-623-239-6993x996,2020-06-04
L262,C691,675.614.1859,2023-04-30
L263,C992,411-290-3515x99105,2023-04-19
L264,C544,423.907.2896,2023-12-16
L265,C752,800-408-6154x1443,2020-07-09
L266,C338,476.428.4342x02671,2023-01-03
L267,C460,469-870-9478,2019-11-18
L268,C404,001-240-632-9873x4224,2019-10-03
L269,C496,687-270-1975,2023-10-12
L270,C273,646.572.8497,2019-04-19
L271,C868,+1-512-988-1862x33582,2022-05-18
L272,C921,(732)448-5739,2020-12-24
L273,C212,989-962-0555,2019-11-07
L274,C204,(835)746-1298x65458,2023-05-24
L275,C557,+1-353-490-2380x67346,2020-06-21
L276,C056,001-778-825-5249x91373,2019-04-16
L277,C434,001-938-747-0053x381,2020-05-09
L278,C586,001-458-719-1316,2019-03-24
L279,C953,+1-284-778-4036x07286,2019-06-18
L280,C617,001-586-433-0936,2019-08-30
L281,C375,541.762.6401x7099,2023-11-17
L282,C761,443-894-3755x05848,2022-10-27
L283,C871,001-586-433-0936,2020-06-26
L284,C913,974.726.5555x95223,2019-06-05
L285,C470,7322428689,2019-11-08
L286,C912,899-339-7166x512,2022-06-12
L287,C858,732.834.2164,2022-12-03
L288,C885,820.852.6814x96046,2020-06-26
L289,C410,527-234-0826,2022-08-11
L290,C218,827.873.0049,2022-02-11
L291,C154,001-562-241-6686x2317,2020-01-20
L292,C878,001-609-219-4582x0362,2022-06-08
L293,C741,001-832-778-3450x843,2023-12-18
L294,C955,001-566-690-8748x131,2022-12-24
L295,C524,206-246-5655x164,2020-08-09
L296,C521,001-295-417-1863x03519,2023-03-30
L297,C841,614.754.7999,2022-12-03
L298,C574,+1-992-993-0997x000,2022-08-30
L299,C269,+1-240-671-8969x853,2020-08-12
L300,C272,001-684-443-6030x28820,2023-08-21
L301,C977,464-559-6343,2023-04-20
L302,C674,001-238-916-0778x92901,2023-07-10
L303,C710,(722)598-0385x705,2022-05-25
L304,C751,614.754.7999,2022-09-23
L305,C654,800-408-6154x1443,2021-01-31
L306,C604,361.855.3323,2022-08-12
L307,C985,(485)958-3720,2021-11-16
L308,C722,5248371643,2021-03-02
L309,C088,7458271290,2023-09-20
L310,C931,(560)346-7270x2392,2023-06-14
L311,C596,6937293729,2021-04-09
L312,C653,642.911.0308,2021-09-11
L313,C226,3058251985,2023-11-28
L314,C224,(916)643-0321,2019-05-02
L315,C699,001-723-882-8174x173,2021-02-05
L316,C999,493.971.0611x04017,2021-08-09
L317,C236,349.725.7847x8694,2020-04-11
L318,C731,8252742077,2019-10-12
L319,C145,310.970.8857,2023-12-20
L320,C963,001-364-995-0287x73620,2019-09-03
L321,C826,(894)351-9121,2023-06-10
L322,C972,(313)363-4651x602,2021-12-23
L323,C903,001-680-633-5622x92369,2020-01-08
L324,C269,310-309-2981,2020-01-31
L325,C024,+1-400-897-6496x255,2022-11-18
L326,C737,001-728-850-9475x67229,2023-07-31
L327,C923,001-788-886-1231x76799,2023-10-24
L328,C105,5574061741,2019-07-14
L329,C081,388-351-3148x849,2021-11-29
L330,C478,970-284-5661x598,2020-11-14
L331,C531,(925)417-5300x789,2021-03-29
L332,C837,397.226.6756x175,2022-01-30
L333,C330,+1-975-807-2089x073,2020-06-16
L334,C983,+1-284-778-4036x07286,2021-12-01
L335,C490,443-894-3755x05848,2020-04-18
L336,C294,571-834-3201x012,2020-03-08
L337,C320,951.595.8210,2019-11-02
L338,C801,(857)769-4470x6663,2021-10-03
L339,C319,7293496583,2023-08-21
L340,C722,(801)786-8566,2021-06-30
L341,C809,001-832-778-3450x843,2022-10-21
L342,C527,(355)602-3287x755,2022-04-12
L343,C389,3838540113,2021-05-22
L344,C320,(978)320-8814,2022-01-01
L345,C107,001-258-648-9779x5313,2022-05-27
L346,C805,+1-900-388-9947x97826,2020-09-01
L347,C649,936.599.5976x245,2020-07-21
L348,C077,234-467-5160,2021-07-16
L349,C245,(873)552-1967,2020-11-09
L350,C132,575-282-9474x0730,2023-10-11
L351,C518,474.856.0636x824,2021-09-06
L352,C911,+1-518-210-1675,2023-12-14
L353,C163,(560)346-7270x2392,2023-10-20
L354,C101,382-573-0790x211,2019-04-04
L355,C872,001-706-783-3814,2023-12-27
L356,C317,505-329-8568x64255,2022-03-31
L357,C330,306.427.8969,2019-09-27
L358,C390,947-786-9993x1223,2020-10-11
L359,C860,(351)219-3448,2023-11-21
L360,C022,7613454570,2019-04-09
L361,C055,337-843-8201x11780,2022-01-18
L362,C494,+1-866-569-6624x5241,2021-01-16
L363,C114,368-300-0197,2022-01-08
L364,C238,924-506-4680x15435,2021-05-02
L365,C607,(361)942-4544x839,2023-08-19
L366,C357,704.566.9339x2751,2020-02-08
L367,C928,(734)429-3702,2021-03-17
L368,C548,8762233520,2023-07-15
L369,C477,654.421.3819x4752,2023-07-07
L370,C905,+1-618-868-7669x5440,2021-05-23
L371,C051,(416)920-1007x5256,2022-07-30
L372,C260,385.815.3311,2019-06-16
L373,C070,+1-312-603-5745x15988,2023-12-21
L374,C780,001-723-882-8174x173,2020-06-11
L375,C837,+1-247-256-5798,2024-02-08
L376,C221,(464)514-1167x58589,2021-05-27
L377,C728,864-969-1223x58429,2022-05-02
L378,C531,859-337-5790,2020-03-22
L379,C366,426.865.4715,2022-04-18
L380,C106,3446724442,2020-06-24
L381,C595,924.964.6326,2023-01-13
L382,C751,(678)795-5851x57939,2023-10-08
L383,C046,744-534-7849x44976,2019-03-29
L384,C568,(734)429-3702,2023-12-16
L385,C263,352.229.4730x507,2022-07-24
L386,C100,575.782.9919x789,2023-12-14
L387,C509,+1-751-639-0780x6851,2020-07-19
L388,C200,726-325-2847x306,2019-09-12
L389,C315,(708)466-9432,2023-09-04
L390,C323,(722)598-0385x705,2022-10-23
L391,C082,(241)955-9956x29842,2019-05-16
L392,C017,7869103510,2019-06-17
L393,C528,936.599.5976x245,2021-07-07
L394,C008,+1-298-282-2193x423,2021-05-12
L395,C266,001-954-298-7142,2021-11-08
L396,C414,675-972-3211x360,2024-01-27
L397,C560,241-209-2132,2019-02-13
L398,C068,210-458-1321,2021-05-14
L399,C457,368.995.0364x6207,2019-07-07
L400,C573,714.221.3385x819,2021-10-18
L401,C389,914.457.3329,2021-10-22
L402,C037,442-585-2254x242,2022-02-09
L403,C757,738.285.5444x348,2023-07-28
L404,C511,335.871.3939x5579,2023-05-20
L405,C881,+1-251-448-5314x6428,2021-10-13
L406,C875,497.413.6693x6279,2022-05-13
L407,C736,932-634-9813,2022-11-09
L408,C755,916-288-3920,2022-10-10
L409,C765,+1-241-361-8412x519,2021-11-07
L410,C584,(485)958-3720,2020-10-01
L411,C880,(790)229-1573,2024-01-19
L412,C082,6255066076,2021-06-06
L413,C910,(220)449-6027x95084,2023-01-02
L414,C062,(719)481-3765,2022-05-02
L415,C528,(450)364-0969,2020-09-18
L416,C282,+1-594-451-7503x7999,2022-11-15
L417,C199,510-728-8706,2023-01-21
L418,C467,9874912102,2023-04-13
L419,C042,001-832-778-3450x843,2023-11-18
L420,C191,4908292611,2020-06-08
L421,C047,(921)224-4789,2021-08-17
L422,C070,458.834.9085x2495,2020-11-20
L423,C986,541.762.6401x7099,2019-10-16
L424,C502,001-816-996-3831,2023-03-03
L425,C566,+1-247-256-5798,2021-02-07
L426,C254,(711)963-4502,2023-07-26
L427,C014,4124639403,2021-05-15
L428,C309,695.958.3908,2023-12-02
L429,C571,+1-331-356-1291x8320,2019-08-21
L430,C089,(873)552-1967,2023-04-23
L431,C286,214.961.3372,2021-11-15
L432,C297,373.969.2196x4452,2022-07-14
L433,C029,001-404-639-2480,2020-09-17
L434,C757,227.736.5897x86800,2022-06-19
L435,C244,3466472825,2021-04-06
L436,C449,(484)801-3233,2022-03-02
L437,C306,(647)884-4262,2020-08-10
L438,C177,4868061043,2022-06-23
L439,C238,001-218-625-0356,2021-11-03
L440,C608,795.559.0085,2020-07-29
L441,C706,+1-894-273-1222x32376,2023-02-18
L442,C860,+1-310-453-3326,2021-08-20
L443,C454,(500)757-8841,2023-05-29
L444,C284,593.361.8306,2020-09-29
L445,C640,001-938-747-0053x381,2023-01-19
L446,C455,841-876-0906x374,2021-06-16
L447,C144,896.877.8961x126,2022-07-22
L448,C226,757-710-1098,2020-11-05
L449,C281,(505)335-5112x1776,2020-01-21
L450,C716,(999)979-2384x379,2019-11-04
L451,C413,8665909697,2022-04-10
L452,C008,971-541-4370,2022-09-27
L453,C925,(678)795-5851x57939,2022-04-23
L454,C205,(681)863-4455x668,2019-12-10
L455,C001,434-228-2662x7438,2022-03-20
L456,C139,303.258.8786,2019-05-30
L457,C046,(355)602-3287x755,2021-06-26
L458,C078,(916)643-0321,2020-02-13
L459,C538,7036064371,2023-01-12
L460,C774,9517858804,2019-09-29
L461,C501,286.346.9872,2023-06-05
L462,C615,001-816-996-3831,2023-09-26
L463,C568,(290)361-2568,2020-03-31
L464,C995,+1-984-812-7713x12998,2022-10-11
L465,C820,2669652195,2023-05-09
L466,C796,(204)559-6860x440,2021-08-19
L467,C243,(836)256-9353x05460,2023-06-26
L468,C404,919-955-6399x408,2020-09-30
L469,C610,210-458-1321,2021-03-10
L470,C836,001-808-502-6170x361,2023-02-01
L471,C482,(528)904-6917x6134,2022-08-16
L472,C532,687.355.3768x899,2021-08-14
L473,C617,687-270-1975,2022-04-14
L474,C782,632-809-7769x51849,2021-04-27
L475,C254,(609)276-7371x5376,2022-11-15
L476,C709,(978)320-8814,2021-12-02
L477,C101,337-843-8201x11780,2023-08-28
L478,C666,001-820-782-1072x980,2020-11-03
L479,C521,(709)275-8499,2019-05-17
L480,C034,(943)832-4003x3997,2022-04-01
L481,C824,497.616.1554x56516,2022-05-21
L482,C566,001-386-349-3631,2020-08-03
L483,C502,001-608-618-1154x25529,2021-02-20
L484,C219,+1-339-699-7264x522,2020-01-23
L485,C938,+1-996-762-7135,2021-04-19
L486,C028,001-343-907-0740x45814,2020-05-13
L487,C941,+1-822-919-7503,2020-11-05
L488,C812,001-610-885-7167,2020-06-05
L489,C042,+1-563-502-0934,2023-07-09
L490,C560,7945899229,2022-01-04
L491,C064,876.552.7308,2019-09-11
L492,C954,001-570-628-9343,2020-08-23
L493,C212,4483052111,2019-07-06
L494,C571,783.950.0048x7560,2023-11-04
L495,C877,583-809-9932x53558,2021-09-21
L496,C674,+1-567-715-7901x10172,2020-03-05
L497,C266,001-725-424-2998x6387,2022-05-12
L498,C995,+1-339-699-7264x522,2021-08-16
L499,C195,001-569-541-1924,2023-06-28
L500,C258,424-407-8527x5686,2020-01-19
L501,C632,001-820-782-1072x980,2020-02-05
L502,C252,001-798-922-0110x9984,2020-02-12
L503,C478,3838540113,2023-12-07
L504,C988,(398)984-4944x761,2019-10-13
L505,C779,001-570-628-9343,2019-03-16
L506,C898,+1-255-579-7355x15057,2021-03-07
L507,C361,205.229.6330,2022-09-13
L508,C148,+1-200-225-7804x93714,2023-12-10
L509,C810,2707063514,2020-07-18
L510,C666,876.552.7308,2023-11-24
L511,C044,854-219-1604x5904,2023-05-01
L512,C531,001-967-258-6143x964,2024-02-06
L513,C031,642-408-7162x07177,2022-06-08
L514,C917,394.804.4839,2021-02-02
L515,C557,(439)823-9951x0159,2021-09-26
L516,C545,450-462-4379x1693,2021-12-15
L517,C955,359.414.5997,2023-06-24
L518,C296,+1-478-810-9778x72188,2022-11-24
L519,C311,001-609-219-4582x0362,2023-02-11
L520,C188,359.414.5997,2021-11-05
L521,C305,(485)617-1186,2023-05-14
L522,C496,+1-244-873-5806,2022-03-20
L523,C862,+1-234-902-2326x786,2019-11-08
L524,C212,3555876077,2023-04-05
L525,C911,+1-377-845-1716x8275,2021-02-06
L526,C032,956.606.6410x692,2020-01-24
L527,C420,+1-255-579-7355x15057,2019-06-29
L528,C701,9782789933,2021-09-05
L529,C458,516-861-7194,2023-04-10
L530,C351,329.715.1436x136,2020-07-31
L531,C942,+1-596-883-1613x041,2019-08-26
L532,C491,551-454-8209,2022-11-09
L533,C847,878.365.9456x54535,2021-08-30
L534,C929,(411)353-0048x0586,2022-10-02
L535,C159,525-285-9293,2020-12-02
L536,C922,947-786-9993x1223,2023-07-12
L537,C457,+1-508-458-6634x29883,2023-12-25
L538,C274,001-216-834-0870x5716,2019-07-20
L539,C774,(295)873-7654,2021-01-11
L540,C020,+1-751-906-0977x09000,2019-12-07
L541,C502,(979)918-3901x856,2019-12-26
L542,C531,001-588-660-2573x67489,2023-01-10
L543,C034,9446225513,2020-06-21
L544,C925,475-979-9949x9407,2022-07-23
L545,C074,(668)292-6550x76594,2019-02-27
L546,C363,001-742-726-8516x59303,2022-03-07
L547,C458,241-209-2132,2020-11-28
L548,C792,842-660-7343,2021-02-02
L549,C024,001-231-595-2557x510,2020-05-11
L550,C206,(976)547-3656,2021-10-07
L551,C113,265-727-3521,2019-07-20
L552,C091,(401)847-9185,2020-01-26
L553,C527,522.473.9856x8488,2022-09-22
L554,C556,464-559-6343,2021-06-22
L555,C449,001-784-577-3042x0971,2023-12-08
L556,C969,7655832574,2019-05-15
L557,C771,632-809-7769x51849,2021-07-06
L558,C781,001-917-719-4294x0992,2022-03-31
L559,C343,(976)547-3656,2023-06-01
L560,C583,(694)611-0453,2020-05-10
L561,C448,+1-522-659-8957,2023-05-09
L562,C177,+1-377-845-1716x8275,2019-04-02
L563,C362,(266)960-4656x9617,2019-08-15
L564,C253,8622322053,2022-07-04
L565,C020,+1-623-239-6993x996,2019-08-19
L566,C638,001-613-562-1339x53206,2021-07-16
L567,C320,827.873.0049,2020-05-17
L568,C391,(996)518-6056x43856,2021-04-17
L569,C666,598.232.3290x008,2023-07-05
L570,C998,303.258.8786,2022-05-10
L571,C379,3082503052,2019-03-20
L572,C583,(259)805-1747,2023-02-11
L573,C744,001-609-219-4582x0362,2023-02-12
L574,C580,6937293729,2020-08-26
L575,C335,+1-241-361-8412x519,2021-04-24
L576,C043,(410)621-6108,2019-03-09
L577,C299,7594532305,2022-03-29
L578,C170,+1-240-671-8969x853,2023-07-06
L579,C924,273.674.5507,2023-05-27
L580,C400,4853237663,2022-03-29
L581,C973,(966)412-7058,2019-12-06
L582,C894,684.352.5282x427,2020-05-24
L583,C246,+1-771-956-7572x774,2021-06-17
L584,C308,001-723-882-8174x173,2023-09-29
L585,C340,277.796.1487x517,2020-02-26
L586,C175,738.285.5444x348,2022-06-14
L587,C982,998.667.0390x1473,2020-03-13
L588,C297,001-719-438-9954x2052,2019-08-18
L589,C566,761-626-4690x8501,2019-12-27
L590,C907,3794749939,2021-10-03
L591,C301,378-673-1809x62018,2023-03-11
L592,C362,842-660-7343,2020-05-23
L593,C639,001-613-562-1339x53206,2022-04-26
L594,C176,001-572-328-3552,2020-08-20
L595,C316,424-407-8527x5686,2022-04-22
L596,C006,2669652195,2021-08-28
L597,C197,(382)576-3348,2023-09-21
L598,C643,001-205-901-4683,2021-06-14
L599,C180,277-277-2768x3381,2019-12-05
L600,C652,+1-822-919-7503,2023-01-08
L601,C281,(966)412-7058,2023-04-21
L602,C831,974.726.5555x95223,2022-07-31
L603,C271,+1-329-923-6629,2021-12-13
L604,C847,642.911.0308,2021-05-04
L605,C894,+1-245-587-3377x09565,2023-02-04
L606,C617,(784)856-7135x332,2023-09-15
L607,C491,+1-344-567-6932x3730,2023-01-08
L608,C702,001-396-701-7083x2950,2023-08-09
L609,C510,301.905.0718x7983,2019-07-19
L610,C771,5524448941,2022-06-17
L611,C836,001-313-931-2595x82023,2021-09-16
L612,C727,472-418-5575x82738,2019-10-19
L613,C270,(416)920-1007x5256,2021-01-31
L614,C541,932-634-9813,2019-09-02
L615,C187,8155840967,2021-01-14
L616,C954,469.651.5422x6604,2023-07-09
L617,C136,382-573-0790x211,2020-10-03
L618,C650,722-206-6526,2021-11-07
L619,C068,684.352.5282x427,2020-11-28
L620,C466,+1-441-243-0845x584,2023-08-19
L621,C475,(715)818-4744x490,2019-09-28
L622,C353,360.998.7419,2023-11-12
L623,C822,001-612-543-3225x32466,2019-04-01
L624,C573,449.370.3270x0488,2020-03-23
L625,C004,001-967-258-6143x964,2023-05-04
L626,C433,(391)697-1082,2020-07-03
L627,C714,001-313-931-2595x82023,2019-08-05
L628,C420,452.660.3106,2021-09-03
L629,C229,5419565443,2019-07-26
L630,C717,915.434.5744x6001,2019-05-28
L631,C548,598-667-7372,2019-02-25
L632,C787,980.508.5213,2021-09-27
L633,C453,2802552586,2020-03-26
L634,C757,(902)585-4958,2022-09-07
L635,C161,001-540-349-7160,2020-05-22
L636,C531,3555876077,2019-07-07
L637,C307,493.971.0611x04017,2019-10-30
L638,C773,308-632-8718,2022-08-24
L639,C501,690.807.0686x08204,2022-02-11
L640,C161,325.394.8782x523,2020-02-11
L641,C954,914.457.3329,2021-08-06
L642,C601,001-769-912-2952x5837,2019-11-19
L643,C999,246.412.0603,2021-05-23
L644,C530,+1-683-643-4674x851,2020-05-19
L645,C294,597.797.3178,2023-01-20
L646,C249,(205)739-6959x59928,2023-03-07
L647,C691,914.457.3329,2020-10-27
L648,C992,8364808590,2021-07-27
L649,C492,5542416263,2022-04-03
L650,C324,001-496-835-4248x4856,2019-08-26
L651,C455,7036064371,2019-03-26
L652,C867,359.414.5997,2019-03-04
L653,C948,001-601-458-7256x489,2020-06-13
L654,C915,+1-508-458-6634x29883,2019-09-17
L655,C121,+1-571-955-2979x17248,2020-05-09
L656,C385,722.582.3735,2024-01-03
L657,C144,+1-900-388-9947x97826,2020-10-12
L658,C413,(835)208-9171x1974,2021-11-24
L659,C947,7745691778,2019-04-05
L660,C751,7869103510,2020-03-18
L661,C309,001-832-778-3450x843,2023-05-06
L662,C456,(541)358-5262x1661,2020-11-28
L663,C594,+1-302-984-4903x0848,2022-12-18
L664,C417,241-209-2132,2023-08-24
L665,C763,001-640-637-8590x09507,2022-07-03
L666,C165,001-591-492-1614x615,2022-03-23
L667,C524,930-649-1015,2019-05-08
L668,C806,+1-932-987-8844x9543,2019-06-14
L669,C456,001-724-611-2614,2022-10-11
L670,C813,5248371643,2020-02-15
L671,C228,701.755.8158x270,2020-08-19
L672,C894,+1-705-826-7634x684,2020-09-25
L673,C881,001-216-834-0870x5716,2019-11-30
L674,C336,(368)216-6403x221,2020-01-20
L675,C286,(835)208-9171x1974,2023-05-02
L676,C623,+1-309-922-0750x86635,2023-06-19
L677,C140,221-699-5505x0559,2023-12-13
L678,C201,+1-996-762-7135,2021-04-11
L679,C959,533-468-4702,2021-08-23
L680,C886,327-654-8930x3639,2023-11-01
L681,C871,5135296519,2023-03-29
L682,C320,001-784-524-8632x62525,2023-08-20
L683,C666,(439)823-9951x0159,2020-01-19
L684,C913,+1-518-210-1675,2019-03-01
L685,C499,964.655.2015x9301,2019-04-16
L686,C597,+1-675-258-3787,2021-02-12
L687,C661,463.955.4054,2021-08-29
L688,C302,5724013478,2022-05-14
L689,C1000,001-917-719-4294x0992,2020-11-24
L690,C598,001-231-595-2557x510,2021-12-28
L691,C413,+1-618-868-7669x5440,2021-12-30
L692,C454,7587771667,2022-10-13
L693,C581,576-593-0494x7871,2019-05-16
L694,C603,+1-309-922-0750x86635,2020-08-10
L695,C631,+1-908-482-6459x066,2020-08-27
L696,C595,2008300825,2021-10-19
L697,C615,+1-269-255-0213,2021-02-08
L698,C450,4437951045,2023-11-29
L699,C869,227.736.5897x86800,2021-06-26
L700,C399,001-750-724-2582x863,2023-09-06
L701,C693,001-594-726-2303,2019-11-24
L702,C121,541.762.6401x7099,2022-08-22
L703,C261,+1-441-243-0845x584,2020-07-07
L704,C700,246-210-4887x52287,2019-05-17
L705,C174,969-659-9487x85064,2019-04-08
L706,C852,482.398.1419x976,2020-06-28
L707,C120,(976)547-3656,2021-02-24
L708,C585,8252742077,2022-04-23
L709,C222,368.995.0364x6207,2023-07-20
L710,C327,295-845-8448x89819,2021-08-20
L711,C996,541.762.6401x7099,2022-02-20
L712,C970,001-784-577-3042x0971,2019-08-31
L713,C660,(517)848-9515x2756,2020-03-31
L714,C805,4437951045,2020-10-22
L715,C001,(416)920-1007x5256,2020-02-15
L716,C972,+1-522-655-4727x730,2021-01-20
L717,C241,7089268685,2022-03-19
L718,C648,352.229.4730x507,2021-11-13
L719,C705,(621)413-3589,2021-11-28
L720,C095,2459394999,2024-01-12
L721,C405,(915)778-3986x8070,2022-05-20
L722,C515,(485)958-3720,2022-04-07
L723,C218,4715017004,2023-11-28
L724,C867,869.523.0159x8621,2023-07-17
L725,C263,+1-584-967-6027x7604,2020-08-22
L726,C067,+1-594-643-0941x788,2020-07-29
L727,C129,818.927.0104x5944,2020-02-15
L728,C775,587.749.5211x189,2023-04-08
L729,C668,(372)863-4134,2021-11-09
L730,C907,(273)273-1641,2021-04-17
L731,C269,+1-314-238-9138,2022-12-27
L732,C575,(491)798-6932x19526,2021-08-31
L733,C842,(912)262-2209,2024-02-05
L734,C787,969-659-9487x85064,2020-01-09
L735,C386,+1-240-225-2600x2738,2022-05-19
L736,C027,274-703-3851,2020-01-16
L737,C473,+1-750-501-2712x21674,2022-07-12
L738,C530,532.629.3196x5721,2023-03-12
L739,C820,+1-544-224-8058x6951,2019-11-24
L740,C263,001-861-960-9988x064,2023-04-23
L741,C932,+1-314-238-9138,2019-06-24
L742,C552,671.923.0883x1342,2023-03-03
L743,C957,+1-614-305-7495x6638,2023-12-02
L744,C311,001-231-595-2557x510,2021-08-10
L745,C951,4437951045,2022-03-06
L746,C973,001-608-566-6790x295,2022-09-22
L747,C778,3103494940,2023-10-16
L748,C495,423.907.2896,2023-08-06
L749,C237,001-258-648-9779x5313,2021-10-29
L750,C945,001-436-228-4246x883,2023-07-27
L751,C481,001-227-340-9749x14434,2019-09-07
L752,C898,7562028696,2021-03-27
L753,C420,352.229.4730x507,2021-07-06
L754,C711,6353110902,2021-06-11
L755,C631,780.853.7390,2020-06-16
L756,C378,964.655.2015x9301,2020-08-28
L757,C092,(222)318-2427,2023-07-23
L758,C800,+1-247-256-5798,2021-08-07
L759,C294,+1-767-736-5833x59778,2021-04-01
L760,C219,(551)408-8783x94827,2020-07-19
L761,C743,397.226.6756x175,2021-05-28
L762,C520,001-386-349-3631,2021-11-23
L763,C242,001-503-803-0142x220,2020-02-14
L764,C121,906.439.4311,2022-07-08
L765,C618,219.424.4068,2021-11-18
L766,C078,583-809-9932x53558,2023-03-07
L767,C262,795.559.0085,2022-09-09
L768,C082,2802552586,2022-01-27
L769,C041,(612)672-3626x397,2021-06-05
L770,C032,001-808-502-6170x361,2024-02-12
L771,C634,(858)554-7253x89341,2021-12-13
L772,C823,001-366-869-6402x3293,2022-12-10
L773,C649,(978)320-8814,2021-12-21
L774,C170,577.774.7622x438,2020-06-30
L775,C282,930-649-1015,2020-06-10
L776,C647,(784)394-8866,2023-02-09
L777,C454,969-541-5843,2019-04-23
L778,C690,001-303-933-3024x7569,2020-03-02
L779,C692,(329)843-0416x3925,2019-12-11
L780,C616,970-284-5661x598,2023-03-10
L781,C651,6916604883,2022-04-26
L782,C601,001-404-639-2480,2019-08-09
L783,C640,001-591-492-1614x615,2021-03-27
L784,C833,546-421-0191,2021-07-17
L785,C914,501.314.8372,2019-07-12
L786,C242,433.341.1529x959,2023-11-09
L787,C498,759.262.1437x977,2022-07-25
L788,C622,837-209-0986x57464,2023-08-10
L789,C098,361-884-7520x06451,2020-03-18
L790,C377,577.774.7622x438,2022-03-27
L791,C502,+1-754-411-8235x81304,2023-04-03
L792,C592,(450)572-2655,2020-10-02
L793,C502,722-206-6526,2019-08-02
L794,C823,339-980-4964x51966,2023-07-29
L795,C713,535-440-5384,2021-03-27
L796,C508,(423)909-7303,2020-05-27
L797,C851,7293496583,2020-08-23
L798,C567,(650)299-2548,2020-04-27
L799,C016,+1-996-762-7135,2023-03-20
L800,C851,974.726.5555x95223,2022-01-17
L801,C400,976.923.1783,2020-03-14
L802,C184,869.523.0159x8621,2023-07-27
L803,C118,696.502.3830x9920,2023-10-02
L804,C320,(842)595-6196x31833,2019-06-30
L805,C303,229-639-2432x96461,2023-01-31
L806,C853,4353343740,2022-06-11
L807,C181,001-529-460-5395x31609,2020-12-08
L808,C971,(551)408-8783x94827,2019-12-28
L809,C923,216.386.7540x4085,2022-06-23
L810,C759,4313325902,2023-04-23
L811,C234,(927)653-2809,2021-01-05
L812,C858,(709)275-8499,2023-06-15
L813,C355,300-427-4999x8275,2021-02-08
L814,C306,971-541-4370,2022-12-16
L815,C541,(310)842-1639x020,2022-04-02
L816,C481,2802552586,2021-12-06
L817,C768,469.651.5422x6604,2023-09-28
L818,C103,3188488512,2023-12-09
L819,C800,001-608-566-6790x295,2020-12-22
L820,C890,(888)866-9791x6940,2021-06-18
L821,C406,7147059637,2023-01-02
L822,C418,001-369-920-9157x0364,2019-08-25
L823,C166,+1-336-819-2243x465,2021-10-09
L824,C981,553-529-0869x402,2019-11-12
L825,C620,264-897-5012x093,2019-09-09
L826,C208,+1-658-950-1323,2022-12-04
L827,C776,(514)891-2665x785,2023-06-14
L828,C265,001-996-322-4284x3460,2023-04-29
L829,C576,475.786.2670x714,2021-11-18
L830,C640,612.411.2345x5012,2020-09-11
L831,C721,(772)643-7171x67837,2019-11-13
L832,C686,+1-705-826-7634x684,2021-12-07
L833,C085,744-534-7849x44976,2022-02-01
L834,C082,866-556-4420,2023-03-15
L835,C924,+1-241-361-8412x519,2023-02-11
L836,C981,759-703-9957x967,2019-10-13
L837,C086,(285)759-4578x926,2020-09-05
L838,C355,904-754-7901,2021-08-25
L839,C611,501.314.8372,2020-04-22
L840,C601,509.798.2600x53282,2021-06-07
L841,C270,(484)910-7308,2021-09-07
L842,C369,576-593-0494x7871,2022-10-23
L843,C225,(621)413-3589,2021-03-25
L844,C464,001-284-293-7379x28731,2023-01-23
L845,C386,001-959-522-3116x34589,2023-08-12
L846,C698,825-766-9064x9457,2024-01-20
L847,C828,434-228-2662x7438,2022-11-17
L848,C849,(477)303-4400x2065,2022-08-06
L849,C460,+1-832-938-8992,2021-04-07
L850,C453,+1-247-256-5798,2023-05-16
L851,C250,2008300825,2022-01-31
L852,C836,576.927.9526,2020-07-10
L853,C574,871-658-0724x166,2021-06-15
L854,C811,264-897-5012x093,2019-06-29
L855,C078,001-724-611-2614,2023-06-21
L856,C619,459.921.8044,2022-09-17
L857,C669,475.786.2670x714,2022-07-10
L858,C025,394.503.0967,2022-07-28
L859,C625,(531)303-4229x9910,2020-04-14
L860,C071,8423564126,2020-11-04
L861,C310,533-468-4702,2022-02-21
L862,C412,8762233520,2020-06-07
L863,C922,(428)488-9719x16180,2022-12-23
L864,C482,+1-645-372-0249x8974,2020-01-17
L865,C645,514.870.0808,2022-03-30
L866,C162,843-348-0907,2020-08-21
L867,C230,+1-992-993-0997x000,2021-12-10
L868,C655,572-495-6454x348,2020-08-21
L869,C971,001-586-433-0936,2023-11-28
L870,C749,242-846-2784,2022-02-08
L871,C651,(439)823-9951x0159,2022-03-25
L872,C656,506.429.3286x02263,2020-11-12
L873,C069,(302)599-5399x889,2020-12-05
L874,C206,001-779-959-4442x65220,2022-05-02
L875,C515,001-295-417-1863x03519,2022-10-01
L876,C523,(273)273-1641,2022-12-28
L877,C565,820.852.6814x96046,2022-11-29
L878,C894,(426)795-9348x39272,2024-02-09
L879,C429,397.226.6756x175,2023-10-21
L880,C314,+1-615-594-7763,2023-03-19
L881,C456,613.618.2047,2022-01-21
L882,C179,975-580-8847x644,2019-03-06
L883,C418,991-254-8326,2022-04-26
L884,C630,(499)501-5975,2023-11-13
L885,C909,376-638-0861x44083,2022-05-25
L886,C678,+1-329-923-6629,2021-12-18
L887,C665,+1-205-210-6864x2433,2020-10-14
L888,C158,(694)611-0453,2019-11-04
L889,C557,303.258.8786,2023-07-21
L890,C161,+1-522-655-4727x730,2020-11-12
L891,C383,780.853.7390,2020-03-13
L892,C772,694-733-0797,2019-05-24
L893,C331,4483052111,2022-06-17
L894,C200,+1-872-497-0918x785,2022-05-31
L895,C204,506.429.3286x02263,2022-06-24
L896,C678,6339152675,2020-04-19
L897,C448,334.857.9273x231,2023-06-04
L898,C958,(541)358-5262x1661,2022-09-07
L899,C154,219-581-4000x13755,2023-06-17
L900,C060,7945899229,2023-10-06
L901,C747,(966)412-7058,2020-11-04
L902,C491,001-677-584-4864x2757,2022-08-15
L903,C676,2534398086,2022-04-18
L904,C717,9517858804,2020-06-12
L905,C423,575-282-9474x0730,2023-05-05
L906,C903,+1-255-579-7355x15057,2019-05-06
L907,C442,9782789933,2020-05-08
L908,C759,999-619-8856x7107,2020-07-15
L909,C920,(995)335-8421x718,2022-07-12
L910,C089,001-613-562-1339x53206,2019-03-24
L911,C140,335.871.3939x5579,2021-06-19
L912,C636,575.782.9919x789,2022-01-25
L913,C239,(450)572-2655,2021-10-19
L914,C196,(300)612-4231,2020-09-29
L915,C839,(842)584-9605x992,2023-11-21
L916,C240,301.905.0718x7983,2020-09-26
L917,C209,001-591-492-1614x615,2023-04-13
L918,C733,436.960.1537,2022-07-05
L919,C419,575.782.9919x789,2022-12-08
L920,C311,4868061043,2019-06-08
L921,C720,+1-302-984-4903x0848,2020-09-26
L922,C206,(609)866-4627x5889,2019-07-30
L923,C959,001-507-937-0546x8496,2021-08-06
L924,C465,001-784-524-8632x62525,2023-03-26
L925,C158,(285)759-4578x926,2021-09-01
L926,C614,505-329-8568x64255,2021-11-02
L927,C962,980.508.5213,2023-10-04
L928,C285,442-585-2254x242,2021-01-08
L929,C669,(401)847-9185,2021-02-05
L930,C480,(741)328-4563x82645,2021-06-08
L931,C995,8155840967,2020-06-14
L932,C268,993.507.4485,2022-05-13
L933,C320,001-496-835-4248x4856,2020-01-24
L934,C094,279.232.4463x53648,2021-09-22
L935,C237,001-684-443-6030x28820,2019-02-23
L936,C102,522.473.9856x8488,2022-01-22
L937,C247,509.767.5254x25677,2023-08-14
L938,C892,735.372.6033,2020-09-19
L939,C506,+1-441-243-0845x584,2021-06-04
L940,C552,859-337-5790,2022-02-14
L941,C783,+1-596-883-1613x041,2023-08-15
L942,C407,+1-991-392-4769,2021-05-08
L943,C241,+1-312-603-5745x15988,2020-01-02
L944,C533,(747)854-8580x7942,2020-08-23
L945,C781,+1-996-762-7135,2022-06-18
L946,C787,7036064371,2021-05-19
L947,C112,4483367136,2022-12-13
L948,C351,541.762.6401x7099,2023-01-11
L949,C442,411-290-3515x99105,2020-06-20
L950,C302,923.883.4561,2019-10-19
L951,C534,687.355.3768x899,2021-08-10
L952,C810,001-706-678-5069x577,2024-02-10
L953,C049,6916604883,2019-05-25
L954,C720,+1-377-845-1716x8275,2020-07-15
L955,C970,724-584-6975,2019-09-02
L956,C809,763-743-8896,2020-07-18
L957,C534,(580)993-7191x7388,2023-02-16
L958,C990,001-495-403-2119x5067,2022-04-20
L959,C260,909.287.2880x79224,2021-11-12
L960,C498,3555876077,2022-04-08
L961,C192,001-816-996-3831,2019-12-09
L962,C621,782.950.2801x146,2020-08-02
L963,C251,310-309-2981,2021-04-27
L964,C154,+1-400-897-6496x255,2019-02-26
L965,C315,+1-392-220-3040x885,2022-07-04
L966,C909,820.852.6814x96046,2019-03-14
L967,C515,4483052111,2022-08-28
L968,C475,+1-974-742-5178x0490,2023-05-08
L969,C048,5574061741,2020-08-20
L970,C466,001-413-969-8214x96850,2020-08-11
L971,C665,4868061043,2022-12-24
L972,C009,334.857.9273x231,2021-04-27
L973,C300,335-689-7544x61277,2020-04-05
L974,C140,(221)387-2805x112,2023-12-07
L975,C223,214.371.6447,2021-03-24
L976,C601,736-406-5118,2020-03-02
L977,C193,+1-872-497-0918x785,2021-12-25
L978,C860,359.414.5997,2021-04-11
L979,C674,458.834.9085x2495,2020-04-11
L980,C846,998.667.0390x1473,2023-05-02
L981,C214,(273)449-7100,2023-05-16
L982,C371,671.923.0883x1342,2023-06-01
L983,C084,001-431-845-0017,2019-05-09
L984,C094,671.923.0883x1342,2022-08-05
L985,C880,206.909.0547,2022-07-13
L986,C911,876.552.7308,2022-06-30
L987,C158,(485)617-1186,2023-12-25
L988,C501,563.658.4847,2022-12-18
L989,C545,+1-441-243-0845x584,2023-12-20
L990,C136,(401)847-9185,2019-03-23
L991,C348,(925)417-5300x789,2021-04-09
L992,C119,899-339-7166x512,2019-10-11
L993,C614,423.907.2896,2020-12-27
L994,C669,675.614.1859,2021-08-12
L995,C814,001-929-299-4496x7998,2020-08-22
L996,C307,001-258-648-9779x5313,2023-07-13
L997,C963,587.749.5211x189,2022-12-22
L998,C535,643.325.5562x14653,2021-04-01
L999,C719,923.615.0677x86929,2023-12-22
L1000,C752,001-469-858-3890x625,2023-01-16
