AddressID,Address,City,State,ZipCode
A001,"32493 Cohen Station Apt. 719
North Molly, ND 37159",Karltown,Pennsylvania,22297
A002,"0172 Obrien Harbors Suite 417
Stevenhaven, WA 15810",Jamesview,Rhode Island,20187
A003,"0033 Robert Mountains
North Danielchester, SD 42666",South Katie,South Dakota,82944
A004,"30403 Martinez Land Apt. 796
Brownshire, RI 15740",West Sylviabury,Nebraska,31700
A005,"98967 Velasquez Cliff
New Lindaville, AK 22436",East Crystal,Mississippi,68795
A006,"0070 Nicholas Crescent Apt. 337
Gallowayburgh, OK 09504",Jenniferville,Pennsylvania,27717
A007,"996 Paul Park Apt. 160
Port Shaneborough, PW 61767",Cooperland,Oregon,66478
A008,"271 Ronald Rest Apt. 495
Scottshire, CA 05287",Port Maryland,Idaho,75095
A009,"12506 Jones Stravenue
South Charles, WA 03399",East Elizabethstad,New Hampshire,01245
A010,"03526 Vincent Shore
Port Dustinmouth, SD 20197",Donaldsonstad,Wisconsin,27937
A011,"8453 Brewer Flat Apt. 384
Mistyburgh, MP 17241",Penachester,Louisiana,20458
A012,"893 Elizabeth Valley Suite 564
South Jamesburgh, UT 50521",Pattersonhaven,New Mexico,93003
A013,"7813 Scott Fort Apt. 586
Alexanderland, OH 36538",Hernandezchester,Mississippi,38720
A014,"235 Wallace Squares Apt. 619
Port Wendy, OH 90266",Foleymouth,Minnesota,01230
A015,"0215 Taylor Unions Suite 749
New Mary, IA 52929",North Russellshire,Vermont,59866
A016,"66927 Jones Knolls
North Isaiahstad, VT 30537",New Sandra,Alabama,94243
A017,"5162 Hayes Overpass
East Doriston, ME 37016",North Jeffrey,Vermont,92074
A018,"20411 Fisher Terrace
Bellview, CO 91274",Masonport,Maryland,82148
A019,"9475 Scott Mall
North Ashleybury, WY 04657",Jeremymouth,Minnesota,62054
A020,"720 Daniel Shore
Port William, NY 50339",West Amandaside,Tennessee,02561
A021,"5686 Emily Summit
North Kevinfurt, NH 11869",Edwardsview,Maryland,28225
A022,"7100 Washington Freeway
West Adrian, MT 96000",New Zachary,South Dakota,59663
A023,"5090 Joel Mills
East Caitlinton, RI 82433",New Ginaburgh,Illinois,80292
A024,"548 Amy Circles Apt. 003
Robinsonmouth, FM 04974",East Aaronshire,South Dakota,83065
A025,"191 Nicole Creek Suite 676
Chaneyport, HI 00571",New Tracy,Nevada,75062
A026,"0139 Joseph Trace Apt. 992
Contreraschester, IL 93902",North Rachel,Delaware,27266
A027,"5497 Christopher Road Apt. 815
Port Andreatown, WI 93987",Bentonborough,Delaware,23268
A028,"89987 Monica Tunnel
North Carriehaven, GA 30229",Angelicaland,Georgia,70153
A029,"17470 James Mount Suite 186
Kellyview, CA 92207",New Robertstad,Michigan,56857
A030,"758 Caitlin Isle Apt. 662
Gloriastad, MN 56691",Gordonfurt,Massachusetts,19242
A031,"00690 Jennifer Burg
South Brooke, WA 69523",New Lori,Louisiana,88314
A032,"USNS Smith
FPO AP 58742",New Kyliestad,Oregon,81524
A033,"760 Baker Bridge
Jeremymouth, MI 96415",West William,Massachusetts,24713
A034,"94339 Hall Roads
Anthonychester, NY 78952",West Crystalview,Idaho,61058
A035,"7205 Stephanie Creek Suite 038
Crawfordport, LA 88204",Francisstad,Tennessee,07239
A036,"88062 Harper Spurs
South Bradley, WI 39046",West Christopherchester,Connecticut,58195
A037,"4910 Waters Viaduct Suite 687
Garystad, RI 94882",Courtneymouth,Nevada,71243
A038,"Unit 6427 Box 2876
DPO AE 55883",North Marieside,Maryland,14803
A039,"3925 Hurley Crest
Webbfurt, IA 51355",South Tiffany,Maine,01566
A040,"PSC 7018, Box 5077
APO AE 02346",Curtisland,Wisconsin,66496
A041,"446 Nicole Lakes
South Edwardfurt, OH 05689",East Glenn,Wisconsin,37895
A042,"82414 John Ports
Lake David, IL 48363",Lake Jennifer,New Mexico,64241
A043,"6110 Robertson Field
West Cynthia, GU 78059",Walkerton,Florida,47658
A044,"82437 Smith Locks Suite 369
Michelleville, HI 92256",Michaelborough,South Carolina,07652
A045,"367 Larry Isle Suite 895
Gouldchester, CA 56522",North Miranda,New Jersey,75806
A046,"71938 Patterson Pass Suite 711
Kevinport, NJ 82354",Kaitlynshire,Alaska,21967
A047,"02986 Smith Neck
Coxmouth, UT 60371",Crystalshire,Texas,86124
A048,"91996 Larry Unions Suite 931
Martinbury, IL 02154",Jonathanborough,Hawaii,56601
A049,"849 Long Viaduct Apt. 859
South Theodoreberg, RI 79906",Murphyland,Rhode Island,30000
A050,"62703 Patricia Unions
Richardburgh, IN 72419",Whiteville,New Jersey,36672
A051,"001 Mcdonald Flats
South Kelsey, CO 85545",Port Andrew,Ohio,71919
A052,"8139 Adam Run Apt. 943
Christopherstad, MS 88954",West Chris,Colorado,74512
A053,"447 Miranda Burgs
Brandonside, OH 02058",Jamesport,Oregon,01101
A054,"28914 Heather Crossroad Suite 706
North Manuelmouth, VT 55502",New Denise,Kansas,24377
A055,"27303 Mathews Ports
South Bridget, NY 53980",Port Caitlyn,New Hampshire,79226
A056,"Unit 8384 Box 9741
DPO AP 74945",Port Karenstad,Texas,25481
A057,"711 Reed Key Suite 231
Whiteside, WV 90618",North Michaelburgh,Delaware,21942
A058,"1769 Barnes Square
Jacksonborough, MI 97115",Kristinburgh,Idaho,13921
A059,"392 Brittany Cliffs Suite 358
Smithfort, NJ 91702",Riverahaven,Nevada,53651
A060,"891 Foster Groves
Kristaberg, DE 95434",New Karen,Delaware,58175
A061,"640 Doyle Roads
South Sandra, VT 95174",Lake Kimberlyberg,New Hampshire,85634
A062,"50662 Kim Loaf
Jessicafurt, MS 40062",South David,Minnesota,42935
A063,"71311 Joyce Parks
Schwartzland, AZ 81100",Christinaburgh,Idaho,08255
A064,"PSC 2085, Box 1025
APO AP 32256",Taylormouth,Iowa,23008
A065,"7739 Murphy Crossroad Apt. 923
Burkemouth, UT 40957",Lake Matthewville,Georgia,83210
A066,"30120 Amanda Course
Harmonhaven, IL 49920",West Patrick,California,55475
A067,"63697 Cohen Fort Suite 940
South Stacey, ME 36508",Valdezburgh,Alabama,75060
A068,"184 Lori Court
East Deborahbury, ME 63286",Andersonhaven,New Jersey,13763
A069,"PSC 3300, Box 2753
APO AP 90570",Tylerfort,Nebraska,65636
A070,"PSC 5616, Box 3216
APO AP 71946",New Reginaldside,Alabama,61732
A071,"8080 Ashley Pike
East Jessicaview, NH 35046",Rebeccashire,Nevada,33694
A072,"4247 Cody Corner
Bellfurt, IN 08576",Port Steven,South Carolina,30623
A073,"52354 Keith Union Suite 338
Anthonyburgh, FM 35209",New Brian,Massachusetts,94034
A074,"06644 Nolan Walks
West Jonathanberg, CO 70994",Mitchellville,Arizona,28983
A075,"259 Mills Tunnel
Davisfurt, VA 15079",South Larryport,Mississippi,09090
A076,"24033 Haynes Field Suite 186
Port Curtis, WA 77705",New Meganland,Washington,86657
A077,"715 Tami Burgs
East Andrew, OK 38407",Johnsonshire,Missouri,13016
A078,"5168 Little Spring
North Michellemouth, MP 49471",West Michael,New York,06388
A079,"Unit 5173 Box 3807
DPO AE 33642",North Christopherside,Mississippi,90621
A080,"308 Patricia Creek
East Alexandriaville, NJ 82377",North Rachel,Idaho,45498
A081,"3547 Amanda Lake Suite 386
East Jacquelinehaven, KS 34938",Louistown,California,78067
A082,"9724 Flynn Expressway Suite 414
Phillipsville, RI 45480",East Kelly,Montana,16308
A083,"32391 Michelle Dale
Stevensonfort, AZ 11572",South Davidborough,Pennsylvania,01653
A084,"205 Sheryl Stream Suite 974
Davidstad, VI 39734",Santosport,Indiana,65726
A085,"46573 Bryan Light
Lake Kimberlyfurt, MT 04764",Peterberg,Illinois,00789
A086,"9254 Lorraine Camp Apt. 096
West Kathleen, OH 73347",North Katherinetown,Michigan,75474
A087,"27458 Justin Cove Suite 349
Rodneystad, NM 28818",Dyerberg,Iowa,07728
A088,"74293 Alicia Spring
Adamburgh, NM 61905",West Courtney,Florida,57761
A089,"322 Lee Park
Kevinview, UT 23668",New Johnbury,Washington,06786
A090,"0798 Robert Crest
Smithmouth, DE 01719",North Elizabeth,New York,28827
A091,"PSC 2296, Box 8518
APO AA 32151",Walterberg,Maine,89306
A092,"9042 Jessica Place
Summersfort, FL 49630",Nicolechester,Vermont,33859
A093,"5157 Michelle Loop
Karenstad, AK 68290",Albertfort,Arizona,63299
A094,"649 Warren Point Apt. 953
Youngfort, MA 74530",New Julie,Michigan,06160
A095,"236 Roger Prairie
West Zacharyfurt, MN 26309",Watkinsfort,New Mexico,55053
A096,"Unit 3907 Box 1893
DPO AA 63609",East Johnnyside,Michigan,87469
A097,"4709 Kelly Circles Suite 212
Gomezburgh, CO 33729",Davidfurt,Wyoming,99727
A098,"USCGC Nicholson
FPO AE 83108",Shafferview,Hawaii,89171
A099,"USNV Reed
FPO AE 87617",Timothyville,Idaho,67218
A100,"7583 Gabrielle Centers
Port Elizabethmouth, NE 52121",East Deannaberg,Missouri,10768
A101,"552 Jessica Walk Suite 323
Lake Alan, VA 52257",Port George,Maine,96876
A102,"90995 Margaret Ford Suite 742
South Andrew, AK 31294",South Kelly,Kentucky,38201
A103,"50100 Hernandez Plains Apt. 148
New Jennifer, WA 46153",South Sandra,Georgia,40207
A104,"2889 Michael Parks Suite 708
Thompsonberg, AL 54286",Lake Taraborough,Idaho,02808
A105,"7947 Barrera Meadow
Port Kathleenmouth, MA 62766",Fryburgh,Delaware,10811
A106,"230 Davenport Springs Apt. 399
East Jesus, PW 29250",North Makaylaview,Tennessee,14856
A107,"82149 Victoria Ports Apt. 784
North Jessica, HI 45022",Fryeport,Mississippi,73980
A108,"879 Charles Spurs
Lake Tylerburgh, ID 43773",Ninafurt,New Jersey,85669
A109,"2789 Davis Key
Lake Carl, MA 73486",North Savannahtown,Indiana,56600
A110,"084 Richard Harbor Apt. 648
Lake Staceyburgh, ND 66405",West Williamtown,Michigan,08197
A111,"1846 Jennifer Parkways
Washingtonburgh, OR 53728",Ericaville,Montana,06862
A112,"85059 Clark Drives Suite 630
North Jennifermouth, GA 05966",East Brian,New Jersey,46507
A113,"1942 Hunt Path
Port Angela, LA 52494",North Elizabeth,California,15842
A114,"5798 Ryan Road Apt. 621
Michaelhaven, MS 88580",Stricklandberg,Wisconsin,58875
A115,"9878 Tracy Rapids Suite 688
New Melissaport, NH 30095",Port Ashley,Vermont,65506
A116,"091 Rodriguez Walk
Lake Nancy, PR 23906",Port Bettyberg,Massachusetts,44202
A117,"91443 Rebecca Hills
North Joshuahaven, OH 44943",Bakerside,Louisiana,82067
A118,"404 Knox Lakes
Kevinborough, NM 87764",North Richardland,New Hampshire,00844
A119,"2208 Jeffrey Via
Lake Linda, OH 79456",East Stacy,Texas,62737
A120,"80363 Knight Plains
Laurahaven, AS 28032",East Jason,Pennsylvania,24431
A121,"2948 Clements Skyway Suite 665
Hayesbury, OH 22168",Greeneland,Tennessee,92296
A122,"5498 Anthony Coves Suite 463
Joshuaborough, PA 48572",North Gregory,New Mexico,38241
A123,"5133 Morgan Trace
Singletonton, AZ 18040",Levyberg,Wisconsin,99939
A124,"81280 Jeanette Ridges
New Danielleburgh, AS 98315",East Daniel,Iowa,02849
A125,"0382 Jefferson Keys Suite 234
Lake Williammouth, MI 50011",Mayerview,Indiana,01058
A126,"USNV Smith
FPO AA 60933",Port Randall,Michigan,71271
A127,"50299 Jennifer Mall
Port Alexisport, ID 92517",North Lynn,Pennsylvania,47603
A128,"342 Melanie Roads Suite 911
Bauermouth, KY 48460",New Meghanchester,Delaware,21909
A129,"81870 Terri Route
South Jessicatown, RI 21956",Bowmanfort,Delaware,73389
A130,"9388 Abigail Club
Boltonview, TN 09131",Christinaside,South Dakota,22316
A131,"474 Gallegos Islands Suite 380
Lake Ethanshire, MH 64119",Riceport,Nebraska,40444
A132,"742 Darryl Locks
Castilloton, UT 45125",Bensonton,Mississippi,56252
A133,"PSC 9148, Box 4019
APO AP 79068",Claytontown,California,21375
A134,"5804 Kevin Place
East Linda, WI 03949",New Mark,Vermont,90609
A135,"653 Jennifer Course
East Alexandria, UT 75873",Bestbury,Illinois,80911
A136,"05720 Mayer Track Apt. 257
East Bryan, AK 10375",Lake Laurie,New York,01141
A137,"115 Mitchell Expressway
Davidfurt, ND 56139",Andreaport,Delaware,36453
A138,"933 Ashley Island
Lake Randy, VT 42013",West Brian,Georgia,44575
A139,"835 Mccullough Mountains Apt. 006
Patriciafurt, MH 51538",Kimberlyside,Delaware,65359
A140,"41993 Veronica Harbor Apt. 741
Barkerburgh, TN 07379",West Claudiashire,Wisconsin,87076
A141,"49953 Hamilton Trail Apt. 119
West Francesfort, TN 96848",East Tylerton,Arizona,75279
A142,"35757 Ramirez Highway Apt. 096
Gilbertmouth, OH 93796",Swansonside,New Hampshire,38480
A143,"1873 Boyer Valley Apt. 158
Barkerfurt, OK 69220",Port Michelleborough,Georgia,34384
A144,"5125 Wilson Valleys
Brandimouth, VA 56526",Aaronborough,Connecticut,37595
A145,"58065 Frazier Fall
East Tracy, CA 76763",South Clarenceshire,New York,16166
A146,"PSC 8285, Box 5008
APO AP 33801",North Mauriceside,Oregon,08546
A147,"USS Warren
FPO AE 33405",West Alishastad,Pennsylvania,23650
A148,"694 Powell Hollow
New Steventown, MD 31145",Margaretshire,Vermont,06870
A149,"1026 Stevens Village
Michellemouth, NE 18190",South Michael,New Mexico,80682
A150,"680 Matthew Cape
New Isaacmouth, NV 44393",Vincentburgh,Maine,05213
A151,"36510 Gomez Fall
Kristabury, NC 13966",Port Patrickstad,North Carolina,42770
A152,"24998 Cynthia Ford Suite 125
West Lisachester, ME 39999",Phillipsfort,Colorado,26062
A153,"500 Anderson Junctions
Andersonfurt, OH 37557",Matthewburgh,New Jersey,93829
A154,"26364 Brenda Circle Apt. 966
Port Paulbury, MO 66788",Jordanchester,Alabama,85513
A155,"38309 William Fall
East Joshuachester, PW 07088",South Tara,Michigan,44240
A156,"69919 Whitney Prairie Suite 632
North Justinside, KS 37974",North Karenshire,Alaska,50928
A157,"10099 Hale Island Suite 601
Robertland, IA 93469",Lindaside,Nevada,77489
A158,"4221 Sheri Court Apt. 565
Phillipsview, MS 81650",Lake Michael,South Dakota,47489
A159,"026 Alan Cape
East Richard, NV 62869",East Sarah,Colorado,60403
A160,"947 Marie Spring
New Matthew, RI 27924",South Michelle,Wisconsin,96638
A161,"4779 Blake Lakes
Freemanside, KY 86655",Alexisville,California,13859
A162,"92001 Quinn Court
Lake Jerry, NY 02003",Englishmouth,Ohio,79363
A163,"USNV Mitchell
FPO AE 47079",Michaelview,Oklahoma,84072
A164,"4392 Ho Ville Suite 312
Lake Julie, NV 96960",North Troy,Alabama,08263
A165,"675 Beth Street Suite 252
South Matthewton, MP 49384",Haleychester,Montana,26474
A166,"38266 Lucero Terrace
Meghanhaven, WV 61760",Dylanshire,New Hampshire,99253
A167,"5720 Page Corner
South Stephanieton, CT 35963",West Nicholas,Wyoming,77070
A168,"38721 Brenda Village
Meyertown, DE 73892",Lake Mike,Pennsylvania,17463
A169,"501 Lowery Burg Apt. 313
Stacychester, OH 29698",East Amandashire,Hawaii,81806
A170,"38741 Parker Forge
Lancechester, KY 12626",Scottborough,North Carolina,53911
A171,"USNV James
FPO AA 95754",Alvaradotown,Minnesota,25283
A172,"4564 Malone Ramp
Port Alexander, PR 68117",Chrismouth,Nebraska,80903
A173,"97274 John Street Apt. 722
Brittanyville, AL 57476",New Scott,North Carolina,46339
A174,"11395 Sarah Manors Suite 877
North Mary, WV 13952",Smithfort,Colorado,99051
A175,"401 Nicole Stravenue
South Justin, NC 26530",Lake Randy,Missouri,76220
A176,"19133 Reed Valleys Apt. 653
Bryanfurt, IL 83943",East Patriciashire,South Dakota,29693
A177,"11977 Hall Orchard Suite 071
Leonardstad, MO 91126",New Daniel,Ohio,61351
A178,"PSC 7691, Box 8707
APO AA 77507",West Paul,Illinois,57194
A179,"91375 Ashley Burg
Lake Connie, CA 72477",New Barbaraview,Wyoming,16141
A180,"53220 Jeffrey Roads
Davilaberg, ND 88676",East Loristad,Pennsylvania,94714
A181,"26997 Robert Falls Suite 939
Jacobberg, DE 34306",New Brookemouth,New Hampshire,49718
A182,"45368 Ricky Island
Devinshire, UT 58017",Samuelhaven,Tennessee,67870
A183,"98912 Vickie Center
Robertchester, GA 45444",Elizabethborough,California,31534
A184,"183 Burnett Burgs
Davisborough, NH 01904",East Julie,Ohio,66915
A185,"229 Jackson Mount Apt. 773
West Karen, NC 39191",Lake Erica,New York,02407
A186,"3012 Johnny Flat
East Michael, MT 59147",East Amy,Idaho,42710
A187,"91504 Watson Station
Charlesborough, WV 16423",Jackview,New Hampshire,62177
A188,"70893 Orr Course
Port Sheryl, PW 37752",Bauerfort,New Mexico,78921
A189,"962 Wilson Circle Suite 161
Caldwellmouth, HI 96492",East Suzanneport,Delaware,17022
A190,"7160 Scott Spur Apt. 765
Barneshaven, GU 59767",Fergusontown,Illinois,10494
A191,"58236 Lopez Shoals Suite 590
Tammyfort, MS 94104",South Ashleyberg,Maryland,21755
A192,"388 John Gardens Suite 395
Robinsonhaven, TN 43008",Kellyhaven,Florida,50224
A193,"PSC 9407, Box 5268
APO AA 19362",Hillborough,Nebraska,27321
A194,"071 Rebecca Plains Apt. 717
Sarahshire, WI 40400",Angelatown,Kansas,63690
A195,"092 Lopez Fields
Jamesville, GU 73821",North Monica,Mississippi,15561
A196,"USNV Stephenson
FPO AE 13282",Port Mckenzieland,Montana,33684
A197,"154 Jordan Circles
Lukeville, KY 42532",Port Jenniferport,Wisconsin,41693
A198,"470 Evan Ways
Kevintown, NC 61865",Perezhaven,Pennsylvania,78317
A199,"04057 Tonya Flat Apt. 462
South Rachelborough, FL 93660",Brianaside,Rhode Island,42056
A200,"USNS Contreras
FPO AA 02011",Lake Ashley,Rhode Island,92195
A201,"86661 Malone Trail
Hillchester, TX 73202",Port Richardton,Utah,55071
A202,"3559 Jarvis Loop
New Kimberlyfort, NC 71168",Sosashire,Michigan,15969
A203,"959 Mccullough Drive Suite 249
Amandaland, ME 94718",Lake Jessicafurt,California,53286
A204,"4211 Guzman Roads
Michaelborough, AL 82355",New Cameron,Missouri,20527
A205,"4141 Robert Loop Suite 802
East Kenneth, WV 57242",Andersonton,Missouri,74249
A206,"488 Brittany Turnpike Apt. 141
North James, ND 25832",Port Patrick,New York,22045
A207,"22419 Berg Burg
Jacksonstad, NY 41611",New Marymouth,Alaska,39877
A208,"749 Molina Parks
Khanmouth, WI 24057",Abbottstad,Kentucky,34662
A209,"673 Scott Mount Apt. 836
Briantown, GA 41375",Lorettastad,Alaska,67520
A210,"99767 Davis Heights Suite 720
South Joseside, ME 37151",Jarvismouth,Ohio,14845
A211,"38272 Jacqueline Forges
South Tracy, NE 86255",West Jamie,New Hampshire,38739
A212,"42208 Amy Flats
West Nicole, GA 42088",Johnsonberg,Washington,33890
A213,"617 Tapia Tunnel
Stoutville, OR 56036",Johnport,Florida,33351
A214,"49980 George Estates Suite 708
North Robertshire, NE 45125",Duncanland,Vermont,63081
A215,"USNS Russell
FPO AP 80908",Youngtown,Iowa,65776
A216,"38097 James Shoals
Port Timothy, IL 34715",West Justinton,Virginia,83304
A217,"79156 Bennett Rest Apt. 617
South Michael, NM 07322",Bennettberg,Mississippi,15467
A218,"782 Jermaine Pines
South Michaeltown, VT 76001",Stephanieburgh,Wyoming,56902
A219,"608 Dorsey Place Suite 791
Brianfurt, MS 84550",West Anthony,Montana,42023
A220,"PSC 6866, Box 2292
APO AA 04504",Kathrynport,Vermont,54723
A221,"7559 Christopher Estate
West Brandon, NV 87039",West Fernando,Indiana,70103
A222,"30882 Alexander Station
Chavezchester, NY 80542",Lynchborough,New Hampshire,75600
A223,"547 Gilbert Islands
West Miguelberg, OK 95465",Anthonyville,Arkansas,71572
A224,"63706 Gina Lake
Alisonton, NC 21742",Mayville,Georgia,51050
A225,"6380 Nathaniel Circle Apt. 532
New Cynthia, NJ 01280",South Jessicaborough,Iowa,88763
A226,"689 Amanda Way Suite 140
Lutzland, RI 77531",Geraldfort,Wyoming,33389
A227,"58814 Salazar Wells Apt. 767
Jacobmouth, GA 96905",Riveraborough,Kentucky,98002
A228,"96722 Peter Spur
Markport, MT 86106",Benjaminborough,Wyoming,34418
A229,"PSC 0545, Box 9046
APO AP 57960",Masonfort,Montana,94082
A230,"410 Hawkins Lock
Port Destinyside, WV 06630",East Leslieview,Florida,67861
A231,"95552 Brian Port
Wigginsland, MT 61113",East Peggy,New York,55557
A232,"19617 Wendy Glen
Lake Theresa, VI 68320",East Carolshire,Utah,44848
A233,"988 Jones Burg
New Brian, AZ 46141",Port Danielville,Hawaii,76465
A234,"4933 Elizabeth Camp Apt. 877
Andrewland, OR 81747",Austinshire,Oregon,49017
A235,"36008 Williams Flats
Leeberg, IA 55153",Hollyport,North Carolina,70213
A236,"7171 Martinez Inlet Apt. 960
Pamelashire, NV 15713",Blakemouth,South Dakota,28466
A237,"PSC 6399, Box 5645
APO AE 43522",South Williamberg,Illinois,97802
A238,"8901 Brian Orchard
West Stacy, MT 35137",Bakerburgh,Missouri,34053
A239,"1369 Singleton Falls Suite 150
New Tylertown, PA 71827",South Kylemouth,Rhode Island,08613
A240,"36995 Skinner Inlet Suite 297
East Jonathan, VA 41942",Allisonland,Utah,96984
A241,"494 Carr Shoals Apt. 368
Petersonchester, MP 40256",East Dianafort,Arizona,89906
A242,"192 Kenneth Dale Apt. 317
North Timothy, MN 72054",Rileyfort,New Jersey,51965
A243,"90613 Laura Lakes
South Dianaland, VT 51883",West Jessica,Colorado,10092
A244,"USCGC Martinez
FPO AP 80916",East Nicole,Iowa,94925
A245,"367 Crystal Ranch Apt. 662
South Mariah, DC 47037",West Patricia,Minnesota,62441
A246,"7980 Lisa Run Apt. 936
North Mark, DE 69129",South Derrick,Washington,56655
A247,"927 Hale Lake Suite 655
Barbarastad, VI 68934",Martinezberg,Arizona,98670
A248,"89259 Stephanie Landing Suite 891
Lambertton, MH 18941",North John,Nebraska,59290
A249,"Unit 0199 Box 8642
DPO AE 84772",Heatherbury,North Dakota,84312
A250,"3409 Eric Parkway
Knappburgh, VA 44064",Simpsonfort,Massachusetts,64804
A251,"77769 April Loaf Suite 338
Mezaburgh, RI 42196",Christopherfort,North Carolina,84083
A252,"652 Jimenez Ports Suite 344
Hughesbury, NV 67367",Tylermouth,Rhode Island,04553
A253,"23029 Barron Alley Apt. 974
Port Denise, ND 10149",Harrismouth,Florida,81307
A254,"8741 Vaughn Rapids Suite 825
South Vanessa, ND 95845",Ashleyside,New Mexico,06927
A255,"957 Kendra Mountain Apt. 516
Amandachester, WA 81768",Waltermouth,New Mexico,35463
A256,"3491 Kathleen Ports Apt. 143
Port Jillian, FM 57790",New Davidton,Wyoming,77956
A257,"5526 Robert Brook
Jennifermouth, CA 97041",Michaelmouth,Arizona,21478
A258,"75941 Johnson Street
West Anthonyton, NM 82076",Millerview,Georgia,63520
A259,"056 Smith Greens
North Ann, PR 52732",New Sean,Maryland,21896
A260,"15966 Velasquez Track
West Alexiston, KS 30028",West Benjamin,Florida,78210
A261,"PSC 0617, Box 3244
APO AP 48470",Ramosbury,Idaho,43514
A262,"3854 Anna Road Apt. 281
East Todd, ME 82941",Christopherstad,Nevada,40785
A263,"663 Elizabeth Overpass
West Johnland, HI 43420",Wardshire,Wisconsin,10272
A264,"PSC 2572, Box 3308
APO AP 44870",Stantonville,Minnesota,47746
A265,"78198 Rivera Mall
Johnside, NE 76089",Port Julie,Idaho,94085
A266,"985 Brandi Row
Michaelland, IA 72534",Noblefort,Hawaii,78349
A267,"261 Shannon Highway Suite 379
Webbstad, MO 06612",Lake Deborah,Maine,79660
A268,"839 Oliver Bridge Suite 521
Port Briannamouth, OR 25932",North Nathanview,North Carolina,64687
A269,"26156 Gary Expressway
Mccoyview, AR 09239",North Ericshire,Minnesota,14551
A270,"95116 Woods Ferry Apt. 607
Lake Trevor, MT 62051",East Angelview,Connecticut,45803
A271,"PSC 6474, Box 5757
APO AP 48397",Doughertyfort,Arkansas,09151
A272,"8216 Terrance Fall
New Michael, NJ 33731",Michaelstad,New Mexico,15014
A273,"887 Simmons Bypass
West Brendachester, FM 43582",Port Coltonmouth,New Hampshire,55425
A274,"002 Kenneth Spur
Fisherborough, VA 17823",South Susanborough,West Virginia,08044
A275,"4592 Mary Prairie
South Marcia, HI 19945",West Jacob,Iowa,45087
A276,"07515 Jones Dale Suite 688
Carolynfurt, NJ 94601",Gibsonhaven,Missouri,84552
A277,"7759 Young Club Suite 346
Port Rachel, MA 94612",East Jenniferborough,Michigan,68910
A278,"2583 Wilkins Springs Apt. 056
South Brent, CA 55076",East Debra,Idaho,41345
A279,"50426 Lozano Grove
West Josephmouth, NV 72375",Michellestad,Massachusetts,83856
A280,"711 Lewis Highway Apt. 054
Garcialand, GA 42419",Victoriafurt,Arizona,49322
A281,"6625 Carol Mall Suite 647
South Kristenport, OK 55456",East Madisonborough,West Virginia,15703
A282,"301 Stephen Lake Apt. 666
Allisonhaven, MN 34993",Whitebury,Texas,30065
A283,"87269 Sloan Crossroad Suite 451
Garciabury, VI 06614",Lake Nancyberg,Pennsylvania,92110
A284,"799 Harvey Rest Suite 935
Brooksshire, MN 44230",Port Christine,Colorado,64970
A285,"60522 Scott Drive
Melissamouth, NC 34715",Snyderfurt,Hawaii,69372
A286,"075 Diane Key Apt. 494
Hawkinsview, NH 40728",Alexanderstad,California,17036
A287,"97126 Garcia Stream Suite 258
Monicaburgh, NJ 15549",Michaelbury,Nebraska,36270
A288,"Unit 0830 Box 9325
DPO AE 16258",Lake Richard,Missouri,42884
A289,"30942 Henry Cliff Apt. 191
Johnsonstad, IL 60763",Lake Heatherburgh,New Mexico,47759
A290,"14590 Greene Courts Suite 748
North Brittany, IA 39479",Parkerstad,Massachusetts,71205
A291,"31158 Alicia Hollow
South Scottland, PR 58116",North Hollyhaven,Connecticut,31102
A292,"25463 Timothy Plaza
Port Michaelshire, MN 46352",Lake Jonathan,Vermont,56747
A293,"396 Sara Drive
Gregoryville, MP 29004",Amyfurt,New York,56374
A294,"USS Clark
FPO AE 97582",Leemouth,Illinois,40914
A295,"862 Jeffrey Forks Apt. 761
North Mathew, IA 01473",South Michelleport,Kentucky,82037
A296,"0944 Watson Orchard Apt. 409
New Krystalshire, DC 19373",Jennaport,Mississippi,60180
A297,"8425 Spencer Parkway
Lake Jessica, MO 82261",Cindyfurt,Arkansas,15446
A298,"PSC 5098, Box 1794
APO AP 92096",Vanessaland,Kentucky,48487
A299,"1382 Kemp Forest Suite 747
Meredithmouth, OK 62388",East Nathanport,Indiana,51864
A300,"42746 Mason Burg
Nelsonmouth, PR 11011",Harrisside,Delaware,33547
A301,"445 Erickson Cove
Dillonbury, AR 98346",New Ryan,Pennsylvania,95455
A302,"3679 David Squares
Seanburgh, IA 86194",East Jack,Idaho,85132
A303,"58559 Salazar Hill Suite 970
South Jodi, PA 48473",Lake Maryville,Iowa,54851
A304,"86770 Kimberly Islands
Karenburgh, NE 55248",New Duane,Arkansas,44223
A305,"64327 Ryan Shoal Apt. 845
Arroyohaven, PA 60835",Westberg,Rhode Island,29475
A306,"3560 Lisa Path Apt. 236
East Mark, AK 19487",North Jennyville,Arizona,07713
A307,"5017 Gonzalez Walks
Markview, MP 70103",Lake Bethany,Hawaii,48346
A308,"69597 Donald Turnpike Suite 596
Jamesfurt, DC 21183",West William,Missouri,36072
A309,"529 Morris Road
Frederickville, FL 56976",East Dawnton,California,27820
A310,"1549 Robert Land
Tylerhaven, PA 39770",Lake Teresa,North Dakota,01289
A311,"62383 Mann Key Apt. 962
Lake Audreyborough, PA 86349",South Bradshire,West Virginia,37705
A312,"4567 Richardson Common Apt. 393
Walkerton, FL 54377",Brandiland,Iowa,84448
A313,"20440 Guzman Stravenue Suite 574
East Michael, CT 47336",Monicaberg,New Mexico,90303
A314,"4017 Henson Mountains Apt. 312
Malikburgh, AL 53572",Port Manuel,South Carolina,99439
A315,"924 Ryan Drives Suite 031
Sarahburgh, CT 94719",Jonathanfurt,Mississippi,28119
A316,"15004 Christina Rapid
Bradleybury, ME 20606",Ferrellburgh,Colorado,33114
A317,"0765 Cory Ranch Apt. 399
Lake Davidhaven, VI 19645",Cobbbury,Rhode Island,93305
A318,"692 Dennis Center Apt. 322
Lake Douglasfurt, IA 10598",West Jamieton,Minnesota,75210
A319,"2119 April Trail
North Paula, LA 34096",West Ronald,Connecticut,91224
A320,"620 Reid Flats
Murraytown, MD 67951",South Lindsaymouth,Alaska,19459
A321,"8554 Robbins Rapid Suite 767
North Jonathon, KY 37181",Mirandashire,Indiana,76908
A322,"9520 Ryan Manors
Mooremouth, MS 25779",Julietown,Maryland,17897
A323,"571 Kaitlin Hill
South Jeffhaven, GU 74204",Cervantesport,New Mexico,97219
A324,"10304 Turner Shores Suite 983
North Zachary, DC 80558",North Eileen,Louisiana,19652
A325,"935 Cherry Station
West Timothy, OK 76344",East Kelseyside,Nebraska,35800
A326,"63622 Carolyn Mall
Port Cheyenne, WY 50337",New Juan,Utah,25578
A327,"796 Myers Passage
Alexanderton, OK 93901",Shawside,Wisconsin,94612
A328,"93309 Casey Radial
Watersview, NH 23986",Thomasmouth,Connecticut,81848
A329,"3065 Phillips Landing Apt. 118
Port Benjaminburgh, KS 89933",North Kirsten,Oklahoma,56955
A330,"5202 Rowland Lakes
North Susanborough, VT 64137",Erikachester,Idaho,07938
A331,"PSC 4352, Box 4364
APO AA 64576",Parkershire,Idaho,84025
A332,"917 Richardson Via Apt. 508
East Beverly, GA 86992",New Jonathanmouth,Montana,36379
A333,"60192 James Fork
Port Christieton, FL 20088",Thomasborough,North Carolina,23918
A334,"0110 Daniel Port Apt. 780
Stephanieville, WY 16371",South Noahhaven,Oregon,17310
A335,"644 Cindy Tunnel Apt. 030
Connieport, NH 97788",Baileyberg,New Hampshire,02412
A336,"289 Fuller Knolls
Port John, TX 11651",East Williamburgh,Arkansas,20343
A337,"386 Jennifer Lodge
South Daniel, VA 69331",East Michellehaven,South Dakota,77729
A338,"Unit 0031 Box 4112
DPO AP 97780",East Allisonfurt,New Mexico,78059
A339,"10985 Williams Inlet
East Daniellefort, NM 39914",East Jasmine,Idaho,53364
A340,"1897 Amber Prairie Apt. 482
Lake Kimberlybury, AR 31364",New Ryan,Maryland,69141
A341,"850 Joseph Center Apt. 098
Port Diane, VT 34533",West Jeffrey,Wisconsin,66439
A342,"255 David Place
West Johnville, DE 74807",Brownland,New York,55584
A343,"13117 Williams Road Suite 470
Andreahaven, PA 84100",Sanderschester,Missouri,57847
A344,"80009 Eric Shore Apt. 953
North Teresa, AS 78553",Warrenstad,Oregon,23552
A345,"240 Cowan Viaduct
Mercerville, VA 50216",Alexandrashire,Virginia,18264
A346,"89038 Gina Light
Lake Kelseyfurt, GA 13098",Lake Teresachester,Connecticut,96640
A347,"409 Lisa Knoll Suite 034
Lisashire, SC 32142",Gomezfort,Washington,37537
A348,"097 David Cliffs Apt. 426
Michellemouth, FM 18653",Colemantown,Michigan,76092
A349,"7072 Michael Manor Suite 845
West Elizabeth, WV 58505",Coleton,Maine,80689
A350,"USCGC Freeman
FPO AA 84734",Briannaland,Vermont,67611
A351,"20352 Abbott Inlet Apt. 542
Port Meredith, OR 90396",East Allisonport,Wyoming,61803
A352,"83300 Pruitt Ridge Suite 204
South James, PW 38440",West Robert,Hawaii,89804
A353,"3861 Amy Estates Apt. 594
West Davidbury, WV 07431",West Jose,Iowa,12311
A354,"035 Young Street Apt. 200
Smithshire, RI 58278",Phillipschester,Maine,96669
A355,"USNS Hanson
FPO AA 93541",Port Angelica,Hawaii,26674
A356,"0852 Stacy Circle
Ericport, VT 30391",Harrisland,South Carolina,81702
A357,"1653 Castaneda Ridges Apt. 435
Dicksonhaven, MH 09636",Port Elizabeth,Kentucky,02087
A358,"55178 Jeffrey Shoals Apt. 372
Oconnorshire, PR 08557",East James,Minnesota,22784
A359,"6426 Washington Skyway
Davisfurt, MD 51467",North Dawnport,Ohio,80408
A360,"4630 Ramirez Highway
South Kevin, PR 65439",East Daniel,Colorado,72297
A361,"589 Charles Harbors Suite 503
North Patriciamouth, AL 61620",Amyland,Maryland,56264
A362,"0418 Butler Village
Terriville, HI 09937",South Eric,Tennessee,10095
A363,"899 Robert Landing Suite 908
Santosstad, VT 08892",Hensleymouth,West Virginia,76551
A364,"559 David Villages Apt. 957
Hillville, AS 67671",Kingside,Colorado,67047
A365,"1937 Jennifer Coves Suite 477
Penaside, OR 79589",Lake Cherylburgh,Minnesota,05180
A366,"2090 Schultz Street Suite 561
Mataville, VA 41409",Williamsonmouth,Vermont,63835
A367,"5218 Jeremy Corner
New Sergioview, MP 14463",North Joshuaside,Rhode Island,93278
A368,"372 Yvette Mountains
Rachelshire, OH 29345",New Alexisberg,Alabama,98068
A369,"USCGC Schmidt
FPO AA 52293",East Tashahaven,South Dakota,42059
A370,"Unit 0438 Box 2937
DPO AP 03379",Snyderbury,Maine,01492
A371,"45024 Rodriguez Shoal Suite 157
South Melissaview, MI 82822",West Robert,New Mexico,24471
A372,"7883 Mitchell Burg
North Lisa, AZ 03303",North Lesliechester,Pennsylvania,72877
A373,"343 Williams Landing Suite 896
Christinaport, WI 65046",New Kelsey,Colorado,69542
A374,"7891 Kevin Mission
Tylerport, NE 78211",Lake Ryanland,New Mexico,07787
A375,"741 Owens Skyway Apt. 724
East Joel, NC 29017",New Laurachester,Kentucky,75631
A376,"3012 Marshall Inlet Apt. 141
Melissaview, MT 27082",East Markbury,Nebraska,75831
A377,"07524 Gregory Branch
Kennedytown, AS 26954",Alanhaven,Mississippi,89146
A378,"582 Smith Ranch Suite 769
South Alicialand, MA 99269",Lake Christophershire,Washington,70623
A379,"213 Walsh Point
South Connie, OH 51331",Fergusonstad,Alabama,20615
A380,"3573 Jessica Trail
Jeffview, GU 06127",Howardberg,Mississippi,76328
A381,"Unit 6933 Box 4328
DPO AE 33033",Port Joseph,South Carolina,53059
A382,"02655 Michael Junction Suite 805
North Natalie, MD 96332",Greenburgh,Utah,88623
A383,"7008 Jeffrey Lodge
South Jamesfort, NE 78582",Shannonburgh,Arkansas,57841
A384,"21570 Mariah Parkways
New Richard, DE 73489",Chadside,Utah,07630
A385,"USNS Odonnell
FPO AE 36615",East Gabriel,Connecticut,26365
A386,"4186 Simmons Stream
Adrianburgh, AZ 55864",Lake Diana,Texas,90744
A387,"768 Sanchez Flat
Choiborough, AZ 63951",Conradberg,Rhode Island,99194
A388,"0612 Elizabeth Hill
West Anna, NV 00911",Lake Gabrielberg,Arizona,22511
A389,"5179 Lindsey Viaduct Apt. 489
Poolefurt, TX 88114",West Debra,Tennessee,19648
A390,"2569 Angela Mountains Suite 481
Marytown, PW 07101",Millsport,Missouri,73200
A391,"766 Michael Plaza Suite 077
Mejiastad, KY 78817",North Cesarborough,Pennsylvania,30106
A392,"270 Robin Alley Suite 454
Kristinmouth, NE 77708",Port Molly,Iowa,11750
A393,"170 Jay Vista Apt. 428
Deborahhaven, GU 32271",Mccannfort,Minnesota,39182
A394,"268 Preston Prairie Apt. 415
Morganfurt, CA 71007",Espinozaport,Rhode Island,30024
A395,"8290 David Walks
Danielchester, RI 93174",Paulmouth,Mississippi,20391
A396,"444 Daugherty Skyway
Myersview, ND 54791",Kellystad,Florida,91372
A397,"86110 Rodriguez Light Suite 907
South Richardview, KY 60954",Tristanton,Hawaii,51411
A398,"68535 Crawford Crossing Apt. 457
West Dennis, GA 77701",Angelastad,Pennsylvania,10306
A399,"USS Hampton
FPO AP 81812",North Loriville,Hawaii,80458
A400,"1439 Warner Union
Martinside, NJ 18214",Jamiefort,Vermont,65180
A401,"44266 William Knoll
Lindahaven, HI 46115",West Sharon,Georgia,65294
A402,"32875 Perez Extensions
North Glenn, NV 05948",Benjaminfort,Nebraska,15289
A403,"6667 Page Causeway Apt. 090
Erikshire, FL 13557",Shelleyfort,Alaska,67459
A404,"PSC 6042, Box 7980
APO AP 36066",Lake Stephanie,Louisiana,90087
A405,"726 Robyn Turnpike Apt. 824
North Alejandro, CT 76598",East Christinatown,New Hampshire,60532
A406,"45592 Perry Springs
Port Shelby, DC 42732",Valeriebury,Missouri,90137
A407,"USS Jackson
FPO AP 43643",West Mark,Minnesota,42302
A408,"84367 Jimenez Via Suite 117
North Eric, MD 22795",West Valeriestad,Illinois,44414
A409,"4020 Cortez Stravenue
Port Adam, HI 44747",Lake Dannyview,Tennessee,17906
A410,"3044 Zimmerman Isle Apt. 791
East Austin, NH 09100",Collierland,Georgia,60897
A411,"32784 Hardin Track
Lake Brookefort, MT 54023",Kimberlyfurt,Rhode Island,08241
A412,"889 Sawyer Place
South Yvette, MI 51396",Heatherfort,Alaska,94930
A413,"987 Wilson Shoals Suite 221
Port Bruceborough, RI 32258",East Annaland,Illinois,14978
A414,"45837 Ryan Court
South Kim, VI 65642",Briggsland,Wyoming,26806
A415,"USNS Evans
FPO AA 69042",Armstrongside,West Virginia,46306
A416,"374 Dale Mews
Johnsonberg, VA 22957",Whitakerton,Massachusetts,42936
A417,"9334 Ramirez Row Apt. 891
West Josefort, WY 89406",Castilloland,Alaska,36330
A418,"659 Mcgee Orchard
Port Amy, DC 70910",Lake Lauren,Wyoming,19223
A419,"837 Thornton Fords Suite 069
Nicoleborough, DE 40282",Dominguezmouth,Oregon,08186
A420,"518 James Plaza Suite 087
New Briana, VT 57583",Lake Aliceburgh,Texas,91910
A421,"864 Miller Alley Suite 340
Port Kathryn, MA 75004",South Charles,Iowa,69597
A422,"373 Zachary Parkways
Fostermouth, DE 76396",Markland,Minnesota,63589
A423,"5015 Katrina Groves
Lake Michelle, LA 46269",East David,Arkansas,54188
A424,"2197 Newman Ranch Apt. 066
East Susan, AZ 28935",Bushburgh,Tennessee,57219
A425,"9844 Elaine Parkways
South Kathyberg, TX 65239",Wilsonmouth,Vermont,68349
A426,"0763 Tiffany Shoal
Riceville, CO 88363",Thomasside,Mississippi,30609
A427,"7863 Judy Highway
Julieborough, NY 41295",Ashleyburgh,West Virginia,76418
A428,"PSC 9603, Box 0557
APO AP 40409",Ramosbury,New York,53011
A429,"59331 Howell Stream Suite 274
East Justinfort, KS 62307",Jorgeview,Virginia,74145
A430,"3847 Harris Plains Suite 476
Lake Lesliefurt, ND 63676",New Sethville,Maine,17159
A431,"807 Mills Ford
Fergusonhaven, ND 88441",South Matthewtown,North Carolina,57381
A432,"6075 Ward Skyway Apt. 023
Gillespietown, VT 22826",West Justin,Texas,60047
A433,"75637 Hernandez Knolls Apt. 805
East Kevin, MH 39200",Anneton,Montana,78907
A434,"712 Edwards Ferry Apt. 093
New Joshuaborough, PW 25270",North Jimmy,New York,21619
A435,"Unit 9103 Box 0276
DPO AA 84273",West Claytonborough,South Dakota,50439
A436,"21559 Navarro Vista Suite 809
Dorseytown, WV 61344",Michaelstad,Ohio,29957
A437,"26652 Taylor Junction
Walterchester, SD 63555",Lake Sierra,New York,93270
A438,"Unit 9749 Box 4021
DPO AP 50518",Washingtonfort,Vermont,77772
A439,"94399 Campbell Port Suite 553
Tommyland, WI 06354",North Alejandrohaven,Georgia,68496
A440,"924 Cassandra Roads
Mahoneyberg, VA 69774",New Stephanieside,Vermont,86510
A441,"004 Amanda Islands
East Robertomouth, AL 80185",Port Hunterbury,Kentucky,61579
A442,"86943 Garcia Land Suite 513
Kristymouth, NY 07580",New Denise,Connecticut,43181
A443,"5755 Nicole Center Suite 062
Gentryville, MN 09505",Woodmouth,Idaho,64955
A444,"46582 Lopez Avenue Apt. 966
Austinside, PW 29301",Sanchezchester,Arkansas,88377
A445,"80518 Matthew Way
Donaldview, PA 30307",Lake Jamesfort,South Carolina,02481
A446,"7753 Heather Station Apt. 210
Jacksonchester, PW 15427",Lake Crystal,Illinois,68070
A447,"898 Harris Mill
Port Christinatown, TN 47604",New Morgan,Texas,10439
A448,"0013 Mary Coves Suite 484
Hawkinsland, NE 93220",Lake Madison,Mississippi,92212
A449,"071 Teresa Ferry Suite 680
Whitehaven, MP 18375",Smithberg,Pennsylvania,44116
A450,"5347 Jeffery Road
Randolphfort, FL 47698",Port Hannah,Maine,26494
A451,"3124 Wilkins Common Suite 022
Jasonshire, VT 22703",Michaelside,North Dakota,44933
A452,"8833 Harper Green
Port Brandon, GA 36443",Garyland,Utah,32176
A453,"082 Wilson Port Suite 174
South Daniel, MA 60109",West Kevin,Washington,70610
A454,"664 Smith Dale Apt. 702
South Jeromeland, VI 19829",Port Lindseyview,Oklahoma,29557
A455,"USCGC Graham
FPO AE 41316",Catherineside,Idaho,35869
A456,"371 Ballard Lodge Suite 340
East Jennifer, IN 37580",New Douglasfurt,Iowa,34922
A457,"40691 Michelle Orchard Suite 349
South Tammy, KY 74306",Martinezport,Maryland,16173
A458,"7022 Bradford Grove
South Jennifertown, MP 40718",North Jenny,Hawaii,97660
A459,"6548 Hanson Common
Port William, MH 10285",Jasonberg,Georgia,59592
A460,"USS Taylor
FPO AP 19759",Sarahport,New York,28379
A461,"67527 Misty Avenue Apt. 405
Lake Justin, OR 42492",New Cathyhaven,Mississippi,81244
A462,"4785 Brown Neck Suite 994
South Darryl, MD 98593",Kathleenborough,Louisiana,63869
A463,"349 Thompson Lock
Mariafort, VI 59222",East Taylor,Georgia,25547
A464,"2196 Thomas Views
East Briantown, NE 12009",South Aaronshire,Utah,84648
A465,"187 Henson Stream Suite 503
Eduardoshire, FM 61362",Lake Rodney,North Dakota,15005
A466,"USCGC Thompson
FPO AE 22639",Lake Jenniferfort,Washington,29601
A467,"620 Morris Mission
North Samanthaburgh, NJ 97933",New Janice,Illinois,13500
A468,"74116 Goodwin Island
New Denisemouth, IN 26675",West Christopherborough,Colorado,88883
A469,"537 Keller Throughway Suite 187
New Isaiahmouth, MH 52314",Zacharyland,Idaho,57366
A470,"53084 Gonzalez Village
Kelliton, CT 04376",East Kristinton,North Carolina,34304
A471,"330 Tyler Rest Suite 344
Lancefort, VA 16782",Michelleville,Wisconsin,46004
A472,"USCGC Gomez
FPO AP 96014",Davidbury,South Dakota,05807
A473,"USS Hernandez
FPO AP 75194",Bethmouth,New Jersey,10902
A474,"2523 Chelsea Corner
Port Jessica, FM 80881",Joneston,Montana,03119
A475,"58408 Cody Roads
South Nancyhaven, CO 08212",New Jillmouth,Texas,71759
A476,"91634 John Forest Suite 513
Glennberg, NE 48930",New Allison,North Carolina,87429
A477,"468 Banks Hill Suite 041
East Johnfort, AZ 30030",East Sarahberg,Minnesota,19062
A478,"88353 Lowe Square
West Amandamouth, WI 83246",Devonhaven,Montana,09481
A479,"8227 Erik Views Apt. 704
Lake Bethmouth, NM 95227",Fordmouth,West Virginia,48045
A480,"PSC 2030, Box 4626
APO AA 69203",Michaelland,Wisconsin,62059
A481,"4639 Smith Gardens
Buckleyside, NV 03542",West Richardbury,Florida,73150
A482,"0926 Johnson Lake Suite 596
Arnoldton, MS 96558",South Teresahaven,Texas,21444
A483,"04325 Robert Circle Suite 384
West James, ID 61603",South Vincenthaven,New Hampshire,37338
A484,"39831 Reginald Villages Apt. 842
North Joseph, WV 24775",Vasquezchester,Maryland,08670
A485,"652 Nelson Extensions
Port Amanda, PA 89240",Charlenetown,Alabama,26485
A486,"98555 Hill Gateway Apt. 961
Port Amyborough, FM 52014",West Diane,Mississippi,49174
A487,"8738 Marquez Burg Apt. 449
Lake Alexshire, OR 00898",Jordanland,New Hampshire,43767
A488,"4525 Stuart Creek
East Dylan, NE 77477",Meganberg,New Mexico,69833
A489,"34418 Danielle Station Apt. 078
Hawkinsstad, AZ 02432",Rojasstad,Kansas,25771
A490,"50725 Lawson Crossroad
East Gregory, NJ 53231",Anthonyville,Utah,50583
A491,"633 Allison Expressway Apt. 182
Marktown, MT 39110",South Chaseburgh,Oklahoma,67162
A492,"13222 Fernandez Land
Williamsfurt, DE 51764",Danielville,Nevada,03268
A493,"8828 Heidi Trail Apt. 251
Judithborough, OH 86955",Port William,Louisiana,75511
A494,"85562 Stuart Loaf Apt. 784
West Edwinshire, NV 83363",Ronaldville,Ohio,62613
A495,"916 Victoria Viaduct
New Andreafort, AS 34340",East Seanfurt,South Carolina,42690
A496,"1016 Jack Trafficway
Fryeland, AS 33855",Burkechester,Minnesota,22293
A497,"054 Howard Lodge Apt. 196
Mooreberg, MS 54205",Christopherberg,Delaware,61174
A498,"61422 Norman Fords
Blackfurt, VA 86655",Robleston,Nevada,61862
A499,"04136 Allen Gateway
Taylorhaven, OK 33604",Humphreyport,Tennessee,84232
A500,"13834 Theodore Burgs
Obrienport, LA 49134",Leeborough,Mississippi,19808
A501,"69494 Phillip Square
East Tonyfort, VI 86990",Parkerhaven,Hawaii,58170
A502,"3069 Jessica Freeway
Nicoleburgh, NY 34288",Kevinshire,Texas,92771
A503,"54213 Jones Mountain Suite 727
Christophertown, NY 96014",Rodneymouth,Nebraska,91139
A504,"798 Cheryl Pike Suite 276
Huntershire, NC 60809",South Angelaton,South Carolina,23239
A505,"017 Taylor Drives Apt. 031
Lake Brianland, CT 11163",East Candace,South Carolina,92508
A506,"663 Thompson Junctions Apt. 451
South Jeffrey, MS 11703",South Alex,Montana,94373
A507,"PSC 2430, Box 0592
APO AA 73889",Davidsonfort,Colorado,35589
A508,"994 Lisa View
Wellsbury, SC 88544",North Melissamouth,North Dakota,99480
A509,"0126 Hubbard Turnpike Apt. 471
Port Anthonyview, ME 11701",Welchburgh,Colorado,71036
A510,"90332 Anderson Springs Suite 501
Alexandriaton, HI 32618",New Rachelburgh,Nebraska,14573
A511,"9471 Briana Neck
Ashleychester, VI 70700",Heatherton,Tennessee,97215
A512,"320 Kelly Key
Lake Alexandriashire, CA 99137",South Michael,Iowa,62714
A513,"3627 Torres Lights Apt. 720
Kennethmouth, IL 78346",Robinsonshire,Oklahoma,81704
A514,"58524 Allison Ways Apt. 878
Port Lisachester, MH 96064",Port Erika,North Carolina,19534
A515,"225 Jerry Points
North Daniel, AK 25784",New Brianborough,Kentucky,03154
A516,"44493 Moss Plaza Suite 864
Owensberg, ME 69573",Fernandezmouth,Connecticut,09171
A517,"19548 Parker Shoals Apt. 972
Port Kathryn, MD 85193",Lake Carol,Connecticut,54012
A518,"7271 Melissa Trace
New Chelseastad, DC 18205",Lynchtown,South Dakota,07868
A519,"6746 Ronald Pike
New Howardborough, MT 28856",Rosariomouth,New Mexico,16174
A520,"3490 Johnson Squares Suite 644
Allenton, SD 24187",Port Andreabury,Oklahoma,44244
A521,"324 Rivera Walks Suite 997
East Sarah, IN 45062",Jacobsburgh,Nevada,59881
A522,"Unit 9180 Box 9230
DPO AE 29099",Port Davidchester,Michigan,86087
A523,"105 Robbins Wells
West Curtisport, PW 63159",East Carlosfort,Indiana,82731
A524,"82430 Andrea Port Apt. 703
Katherineport, SC 94168",Amychester,New York,14920
A525,"47353 Joshua Lodge
Davisbury, FM 11045",West Briannaborough,Connecticut,99382
A526,"4655 Green Inlet
East Lukechester, MH 50862",Johnview,Maine,24204
A527,"41286 Henderson Neck Suite 006
North Franklin, FM 90632",Allenville,Illinois,28709
A528,"2468 Salinas Brooks
New Victoriaburgh, MP 04891",Anthonyborough,Oregon,35315
A529,"2725 Bolton Summit
New Megan, WI 82958",Port Robertland,New Mexico,00948
A530,"794 Mooney Brook Suite 129
East Keith, ND 86757",Romerofurt,Mississippi,40652
A531,"0906 Harvey Islands
Taylortown, KS 19309",Silvabury,New Jersey,36346
A532,"5909 Steven Brook Suite 428
Timstad, AL 11375",Lake Victoria,Illinois,39429
A533,"2906 Lori Keys
South Steven, GA 57921",North Kimberlyborough,Nevada,12543
A534,"5842 James Coves
Hernandezborough, HI 32932",Taylorshire,Oklahoma,90367
A535,"28865 Tucker Prairie
West Maxwellview, ME 36848",North David,Oregon,59612
A536,"801 Ryan Knolls
West Williamfort, NM 51769",Loriport,Florida,84506
A537,"200 Wright Ridge Apt. 451
Port Colleentown, RI 49943",Kristopherside,Massachusetts,03423
A538,"Unit 4630 Box 4311
DPO AE 07577",New Nathanielmouth,Ohio,14540
A539,"1382 Morris Unions Suite 562
Mcleanberg, KY 89460",Kristinabury,Oregon,79009
A540,"171 Jacqueline Rest
New Jamesborough, PA 01435",Escobarshire,Oregon,97916
A541,"0996 Smith Isle Suite 836
Port Jorgefurt, DC 94945",Patelshire,New York,84375
A542,"447 Kelly Mews Suite 843
Vincentside, MP 78854",North Andrew,South Carolina,47164
A543,"76908 Donna Green
South Jennifer, VT 37432",East Margaretville,Alaska,14606
A544,"022 Thomas River Apt. 659
New Jonathanport, MP 65032",East Danielfurt,New Jersey,40263
A545,"007 Caleb Spurs
Burkeberg, WI 75070",New Karen,Arkansas,59878
A546,"053 Matthew Manor Suite 341
New Christopherfort, UT 43041",West Justinfurt,North Carolina,67608
A547,"57032 Oscar Court Suite 310
Port Tony, TX 02550",Port Susanhaven,Alaska,28484
A548,"887 Tammy Ville Suite 458
West Angelaton, MA 53274",Martinezmouth,Georgia,62179
A549,"8766 Robinson Trail
Brownfurt, WA 75772",West Brandyview,Kentucky,42181
A550,"582 Coffey Plains
East Janet, UT 92682",Conradstad,Maine,55332
A551,"677 Sandra Dam Suite 926
Port Daniellehaven, ND 71609",Paulville,North Carolina,78529
A552,"02808 Tim Keys
South Mitchellbury, AS 95405",New Frances,Iowa,45233
A553,"28663 Duarte Rest
Hallport, ID 54180",Lake Susanside,Vermont,85740
A554,"52296 Charles Trafficway
Gutierrezburgh, TX 50432",Hutchinsonmouth,Delaware,42623
A555,"3340 Susan Fork
West Jeremiah, WV 06590",South Julia,Rhode Island,99627
A556,"4019 Harris Station Apt. 628
Thomastown, VA 86578",Andreatown,Kansas,62502
A557,"5467 Mcdonald Burg
Courtneyview, GA 32745",New Christopher,Georgia,77561
A558,"76166 Kaufman Gardens Suite 166
New Carolynshire, NE 72351",West Casey,Michigan,13279
A559,"2868 Renee Plain Apt. 878
Alexanderbury, NV 05082",Faithfort,California,92028
A560,"351 Woods Squares
Ashleyborough, GA 62525",East Hannahland,Maryland,03306
A561,"883 Pamela Park
Hillstad, CO 59965",East Logan,Washington,16282
A562,"27506 Caldwell Meadows Suite 600
Whitefort, SC 35245",Wandaberg,Indiana,41519
A563,"547 Bray Ports
West Vickihaven, DE 85680",Port Michelle,Alabama,60136
A564,"43524 Ronald Harbors Suite 739
North Barbara, NE 13470",Moyerton,Kentucky,82519
A565,"73654 Elizabeth Cove
Michaelberg, NE 63490",Brandonmouth,Delaware,87436
A566,"20190 Bennett Extensions
Katherinefort, AL 79477",South Christinachester,Tennessee,69924
A567,"621 Stephanie Parkways
Lake Dianafort, DC 44386",Michaelmouth,Alabama,03705
A568,"529 Lozano Bypass
East Kristy, MD 43289",Leeport,Pennsylvania,57458
A569,"6449 Katherine Shoals Apt. 702
Andrewhaven, MN 87716",Beltranbury,Colorado,19794
A570,"68125 Espinoza Keys Suite 521
New Debra, NC 05039",Jameshaven,Nevada,97865
A571,"PSC 1112, Box 5548
APO AP 22888",North Sandrabury,Missouri,77054
A572,"8307 Rivera Highway
Lake Danielborough, WA 53840",Port Bradley,Colorado,15696
A573,"3589 Li Spur
East Bradleychester, AS 39798",East Debrachester,Oregon,07765
A574,"76316 Jennifer Expressway Apt. 612
Grahambury, IA 53249",Thomasmouth,South Dakota,52422
A575,"USCGC Barr
FPO AP 23703",Ramosmouth,Arizona,49966
A576,"04954 Williams Lake
Port Jessicaside, MN 79010",Davidfurt,Massachusetts,81589
A577,"68996 White Cape
North Alexanderfurt, LA 48154",West Donna,Florida,91784
A578,"7675 Renee Run
East Laurabury, DC 96079",Rodriguezberg,Indiana,79548
A579,"PSC 4234, Box 9637
APO AA 06687",Thompsonside,North Carolina,71561
A580,"58452 Wesley Crossroad Suite 677
Torresbury, NH 00933",Torresport,Vermont,98786
A581,"USCGC Martin
FPO AP 78290",Lake Christineshire,California,23850
A582,"USCGC Hart
FPO AE 14462",Lake Jose,Arizona,30466
A583,"738 Timothy Terrace
North Paul, VI 49683",North James,Illinois,63652
A584,"7775 Gutierrez Pass
South Regina, NM 28089",Holdermouth,New Hampshire,82509
A585,"7032 Collins Flat Suite 298
Anthonyport, ME 39105",Port Elizabethchester,Wisconsin,53148
A586,"Unit 6069 Box 4408
DPO AE 79593",Tanyashire,Minnesota,88629
A587,"6445 Austin Turnpike Suite 912
South David, SD 58189",New Haley,Texas,62209
A588,"13500 David Neck Suite 421
New Mark, NV 59347",Chavezville,Washington,65755
A589,"8967 Heath Villages Suite 393
New Kathleenville, TX 24355",Lucasburgh,Arkansas,96509
A590,"79291 Powell Rapid Apt. 320
Lake Jenna, DE 17611",Erikaport,Indiana,98304
A591,"557 Holt Way Apt. 026
Lake Lauren, WI 27565",East Debramouth,Colorado,19316
A592,"86691 Michele Flat Suite 364
West Cathyburgh, MA 50278",Jamesport,Texas,90235
A593,"1172 Gabrielle Stravenue
Josephborough, NC 48881",Jacksonfurt,Washington,81254
A594,"25856 Ashley Forest
Frankfurt, NH 07939",Yorkmouth,Minnesota,73619
A595,"82936 Joshua Villages Suite 317
East Kathryn, NY 41273",New Thomasport,Alaska,30950
A596,"460 Justin Cliff Suite 713
Michaelshire, MD 72118",Natalieton,Maine,06021
A597,"157 Mary Freeway
Johnview, MO 19711",Kimberlystad,Montana,89778
A598,"96847 Chavez Square Suite 499
Jennifertown, AK 34733",West Stephanieview,Delaware,03582
A599,"76180 Roberson Lane Suite 089
Jessicamouth, OK 85241",New Benjamin,Louisiana,93968
A600,"92571 Rodriguez Brooks Suite 032
Robinsonmouth, MP 12292",North Madelineville,Oregon,32280
A601,"PSC 1739, Box 9967
APO AE 63336",Jacobburgh,New York,96066
A602,"55430 Moss Mission
Port Nathanside, NJ 38005",Johnsontown,Texas,57795
A603,"0073 Larsen Cape
New Stephenside, PR 07207",South Carlosside,Connecticut,08706
A604,"920 Foley Circles Apt. 287
Madisonburgh, NV 93180",West Wendyview,West Virginia,83083
A605,"1449 James Ways
North Frederick, MP 31648",West Jonathanton,Oregon,68276
A606,"31829 Dustin Glens Apt. 696
Dianeside, MN 44540",South Dennis,Alaska,68874
A607,"156 Eric Grove
Jonathanport, NV 04497",Port Heathershire,Texas,42017
A608,"43760 Michael Groves Apt. 030
Dianafort, NY 62385",North Gregton,Oklahoma,88122
A609,"506 Anderson Stream Suite 631
Erinbury, IN 33171",West Benjaminhaven,New York,58170
A610,"976 David Fords
Port Erica, GA 36582",Port Adamfort,South Carolina,45379
A611,"1191 Newton Locks
South Elizabethbury, OR 85079",Coleside,Maine,94081
A612,"8349 Howard Falls
Christinemouth, AL 76949",Mooreburgh,Hawaii,95665
A613,"2931 Jessica Manors Apt. 826
Nguyenfort, FL 08859",Lake Lauren,Idaho,20269
A614,"4953 Villegas Lodge
Teresaview, MD 56003",East Crystal,Connecticut,86210
A615,"3304 Erika Pike Suite 957
Cooperport, FL 39002",Port Mary,Florida,00954
A616,"6220 Bridges Brook Suite 228
New Heather, WI 25921",Greeneberg,Utah,56210
A617,"788 Richardson Parkways
Johnfurt, AR 89366",Lake Josephchester,Nebraska,70696
A618,"5628 Frank Stravenue Apt. 833
Lake Laura, GA 17473",West Michelle,South Dakota,11616
A619,"8850 Eric Ford
Christopherstad, NE 53254",North Sabrina,North Carolina,84160
A620,"3044 Gregory Extensions Apt. 092
Carolfurt, CT 21599",Jacobsonmouth,Wisconsin,93195
A621,"463 Madden Valleys Apt. 556
Patriciaside, MP 37684",Lake Michelle,Missouri,64732
A622,"617 Johnson Stravenue Suite 892
New Brandonmouth, MN 70922",Lake Benjaminton,Wisconsin,68874
A623,"653 Shane Plaza Suite 093
Johnnymouth, NH 99544",Nicolemouth,Wyoming,69141
A624,"81871 Farrell Common
Pearsonhaven, HI 29435",East Susanhaven,Florida,24650
A625,"70065 Parker Via Apt. 417
Lake Anthonyton, FL 27991",Websterton,Nebraska,43148
A626,"987 Lopez Forge Suite 858
West Anthony, GA 16154",Cynthiaton,Hawaii,70655
A627,"9445 Reyes Ridge
Houstonton, IA 43176",Burgessport,Michigan,78962
A628,"745 Robin Estate
Averyton, KS 96229",Patrickhaven,Pennsylvania,16065
A629,"222 James Plains
Johnmouth, MA 73299",Thompsonbury,Illinois,57962
A630,"PSC 7897, Box 8420
APO AP 24632",Jamesport,Maine,72546
A631,"PSC 8356, Box 0046
APO AP 97917",West Cynthiaton,Ohio,72604
A632,"393 Torres Crossing Apt. 192
Sullivanport, IL 00746",Levinefort,Texas,38874
A633,"6276 Leslie Garden
Lake Mary, OR 76167",West Jessica,Kansas,37209
A634,"50886 Janet Flats Suite 337
Armstrongmouth, MH 70278",East Kevintown,Pennsylvania,78009
A635,"4321 Bates Neck
West Shawn, KS 32147",New Sabrina,Wisconsin,91714
A636,"39154 John Cliff Suite 186
North Amber, PW 64390",Lake Mary,Michigan,25921
A637,"4623 Yates Tunnel Suite 652
Kevinhaven, CO 01051",North Dominiquebury,Idaho,28912
A638,"734 Donald Inlet
Jeromehaven, PW 44796",West Christina,Ohio,69764
A639,"9462 Fuller Row
Port Thomaston, KY 77518",East Coreybury,Washington,79076
A640,"2290 Prince Squares Suite 007
Williamside, AK 39358",Josephberg,Alabama,69436
A641,"1216 Mcdonald Canyon Apt. 567
Simmonsville, VI 20623",Port Tyler,Iowa,28851
A642,"9020 Williams Ports
Lake Miranda, MP 69676",Port Angelicamouth,Connecticut,66720
A643,"3096 Brandon Roads
Port Jeffrey, SC 98728",Holdenmouth,Washington,84287
A644,"323 Barrett Trafficway Apt. 630
Josephburgh, AR 05903",Sharonfort,North Dakota,85056
A645,"8590 Hart Skyway
South Pamela, WA 56894",Port Melindashire,New Hampshire,40754
A646,"19158 Ryan Spur Apt. 722
North Melissaland, CO 36270",Port Melissa,Tennessee,24378
A647,"68736 Jones Run
Williamberg, MA 61187",Stevenview,Pennsylvania,75110
A648,"84973 Sanders Cliff Suite 037
East Dianaland, PW 11977",Villaville,Maryland,62109
A649,"01774 Amber Light Suite 631
Heatherland, DC 55410",Sandovalstad,Arizona,16198
A650,"9765 Justin Course Apt. 465
Wendyborough, SD 67679",Kellyfurt,Illinois,43534
A651,"7732 Kevin Loop
Gordonville, CO 76249",West Lisastad,New Mexico,72707
A652,"534 Burke Shore
New Davidberg, NV 70405",West Tanyabury,Nevada,38781
A653,"7160 Rosario Tunnel
New Pamelahaven, MD 92376",Crystalfort,Minnesota,32693
A654,"1891 Nguyen Inlet Suite 654
Jessicaburgh, NJ 63192",West Tammy,Louisiana,77877
A655,"2757 Jennifer Summit Apt. 447
West Davidstad, CA 35432",North Matthew,Arkansas,44968
A656,"740 Newman Harbor
Kendrafort, MH 18518",South Courtneyshire,New Mexico,76597
A657,"USS Johnson
FPO AA 70141",West Lauren,Rhode Island,73220
A658,"4976 Perez Union Suite 710
Christopherport, WV 61229",Edwardsland,Ohio,94903
A659,"96540 Brown Mountains Suite 115
New Logan, SD 84723",Sharonmouth,New Hampshire,14121
A660,"624 Ronald Plaza
Port Paul, CA 74122",Hunterside,Iowa,59024
A661,"44822 Nelson Shoals
West Matthewside, AS 20798",West Alan,Colorado,67528
A662,"0329 Benjamin Freeway Apt. 149
East Joeland, WY 45344",Edwinhaven,New York,30640
A663,"USNV Sandoval
FPO AP 42843",New Tracey,Arkansas,71399
A664,"099 Murphy Place
West Brandon, MD 60037",Maryborough,Oklahoma,08766
A665,"Unit 9323 Box 4666
DPO AE 38136",West Donald,Nevada,04931
A666,"0802 Smith Track
East Andrewborough, CA 54170",South Ryan,Alaska,91069
A667,"045 Larson Branch
West Zacharyside, ID 53422",Alexandratown,Minnesota,40962
A668,"832 Heather Harbors
Millerland, NM 69375",South Teresaview,New Hampshire,20183
A669,"3142 Fox Ford
East Denisetown, MO 32011",Youngbury,Virginia,63609
A670,"USNS Nelson
FPO AP 85301",South Francisco,Georgia,72671
A671,"20370 Eric Forest
Taylortown, IN 85732",Obrienside,Oregon,32994
A672,"0238 Richardson Throughway
North Jamiehaven, MA 35976",South Elizabeth,Oklahoma,61513
A673,"7997 Sara Trace
Maryside, NM 62594",Torreston,Tennessee,38308
A674,"89036 Moore Mission Apt. 593
Smallport, VI 49015",Jonathanview,Alabama,59537
A675,"581 Amy Unions Apt. 929
West Eric, VI 15566",Leeshire,Arizona,21015
A676,"767 David Circles Apt. 710
Lake Danielchester, VI 23393",East Kyle,New Mexico,22532
A677,"484 Benjamin Pines Suite 106
Rojastown, AZ 45240",West Michelletown,Wisconsin,06624
A678,"Unit 2364 Box 7768
DPO AA 12339",Port Brettfurt,Missouri,58299
A679,"640 Williamson Stravenue
Port Lorichester, ID 07265",Christineside,Delaware,34289
A680,"461 Paul Brook
Lake Vincent, WY 63604",Michaelport,Oklahoma,46458
A681,"13991 Robert Mountains Apt. 570
North Ericaton, MN 79021",New Reneeland,South Carolina,36584
A682,"15946 Durham Estates Suite 040
North Christopher, KS 43588",Mendozaland,Kentucky,76284
A683,"555 Rios Garden Suite 768
East Meghanfurt, WI 95059",Port Melvinside,Alabama,78513
A684,"984 Jon Grove
North Ginaport, VI 47323",New Daisystad,Florida,97547
A685,"6324 Robles Valleys Apt. 172
New Timothyview, NM 09220",Thomasport,Oklahoma,98329
A686,"Unit 8890 Box 9587
DPO AA 31106",Harpermouth,Texas,93545
A687,"17222 Tara Park Apt. 474
South Tammy, DE 02498",New Michael,Kentucky,38350
A688,"187 Matthew Plain Suite 527
Port Christopher, VA 03422",Phillipston,Ohio,10760
A689,"USS Nelson
FPO AA 94217",Angelaview,Oregon,02606
A690,"69698 Michael Row
New Krystalfort, DE 62499",New Terryview,Wyoming,07827
A691,"9465 Richards Drive Apt. 171
Henrybury, ME 91421",Bartonfort,Utah,70967
A692,"Unit 2038 Box 8628
DPO AE 02556",Michaelhaven,Oklahoma,90754
A693,"20943 Sarah Rue Apt. 621
East Victoriaborough, NJ 42675",Richardland,North Carolina,57272
A694,"09236 Glen Island Suite 749
Johnstonville, KY 38823",Port Deborahfurt,Pennsylvania,47631
A695,"242 Joshua Court
East Carlstad, TN 42308",Brandonfurt,Maine,72537
A696,"191 Shane Union Apt. 999
Williamburgh, WV 81638",Christophermouth,South Carolina,40370
A697,"65992 Bennett Mills Apt. 405
Samuelchester, FM 65076",East Jacob,Oklahoma,75745
A698,"992 Lisa Points Apt. 251
Thorntonfurt, RI 66307",Port Justinstad,Delaware,35477
A699,"808 Shawn Way Suite 417
Weissside, SC 44461",South Joshua,Hawaii,74635
A700,"37783 Johnson Creek
North David, MP 93385",South Juan,Nebraska,76664
A701,"026 Alexander Lakes Suite 671
East Rachelbury, PA 19795",Ferrellmouth,South Carolina,49969
A702,"2253 Butler Groves Apt. 094
Jamesfurt, OR 97076",Jeffreyview,Mississippi,77058
A703,"Unit 6119 Box 2322
DPO AP 33056",Garciamouth,California,07886
A704,"1602 Henderson Mount
Patriciaview, IA 63408",Batesstad,Pennsylvania,05980
A705,"0728 Sydney Walks Apt. 446
Alanside, DE 08760",Gloriaside,Kentucky,88024
A706,"699 Michael Throughway Apt. 570
Ritaborough, AZ 93793",South Joshua,Alabama,42182
A707,"28292 Green Fort
Kennethfort, FL 28361",Cookmouth,Hawaii,24691
A708,"7925 Hopkins Tunnel
Port Mackenzie, IL 37057",Hamiltonchester,Maine,05941
A709,"49542 Robertson Drive Apt. 746
Kevinborough, TX 79998",Maryfort,Kentucky,32388
A710,"008 Li Common Suite 201
North Sherri, TN 63138",Stonebury,Colorado,42385
A711,"651 Jamie Courts Apt. 826
Daniellemouth, MD 43760",New Cassie,Ohio,34841
A712,"578 King Lodge
Alisonstad, DE 38151",East Charles,Oregon,82815
A713,"7978 Heather Overpass Apt. 161
Hoffmanton, TN 53863",Wadeberg,Missouri,16531
A714,"15756 Howell Walk Apt. 076
Collinsbury, IN 43026",Saundershaven,Wisconsin,36347
A715,"57372 Mark Plaza Apt. 062
Longhaven, NE 96988",Morganfort,Vermont,31387
A716,"68257 Janet Causeway
East Mistyland, NM 53253",North Diane,New York,92267
A717,"9516 Larry Court
South Sarahview, RI 13330",Meghanfurt,North Dakota,44508
A718,"1987 Young Mews Suite 115
Hernandezberg, RI 63125",East Justin,California,79644
A719,"9712 Ian Groves
North Kimberly, IN 15201",New Laura,Kansas,26799
A720,"3931 Rice Lock
Gonzaleztown, MD 15844",East Heather,Oklahoma,17119
A721,"PSC 8359, Box 6036
APO AP 05780",New Eric,Alaska,12620
A722,"USNV Thomas
FPO AE 37614",Rachelborough,West Virginia,87699
A723,"9756 Smith Summit Apt. 682
Jessicaland, GU 38309",Danielhaven,California,83077
A724,"006 John Knolls Suite 483
Richardberg, UT 96436",Heatherfort,Alabama,20981
A725,"505 Kathryn Springs
Brewerport, DE 75828",South Shannon,Kansas,30258
A726,"735 Hernandez Burg
Tinastad, WA 36203",Lake Janet,South Dakota,66681
A727,"2297 Atkins Roads
North Michaelberg, GU 82403",Dylanfurt,New York,68026
A728,"987 Chelsea Place Suite 450
Matthewton, WV 71618",Butlerland,Idaho,13840
A729,"032 Richard Village Apt. 313
Lake Ashley, TX 02947",South Alexandermouth,Utah,89257
A730,"022 Miller Ferry
Hudsontown, VI 95038",Freemanview,Oklahoma,24768
A731,"8429 Greer Ranch
Carterhaven, FM 28770",North Tanya,Mississippi,40750
A732,"5604 Parker Loaf
North Barbara, NM 08832",Amybury,Maryland,46768
A733,"9630 Meghan Orchard Suite 086
North Kevinstad, AL 13554",North Morganbury,North Dakota,45081
A734,"864 Robert Fall
Wagnerfort, TN 51717",Colemanport,Georgia,86319
A735,"4356 Bradley Loop Suite 467
Richardfurt, IA 81438",North Jeremyburgh,South Dakota,11601
A736,"919 Scott Isle
Lake Mary, MN 41727",Christinefurt,New Hampshire,94724
A737,"05641 Carroll Plain Apt. 949
East Richard, CT 60921",New Rachelburgh,New Hampshire,53709
A738,"95962 Austin Heights
Nguyenshire, LA 58341",Kelseyhaven,Mississippi,84589
A739,"PSC 1252, Box 3409
APO AP 98676",Moralesstad,Idaho,03771
A740,"5956 Stanley Points
North Samuelmouth, VA 93032",Marthamouth,Wyoming,29987
A741,"817 Heather Plaza Suite 803
Port Michael, AR 18255",Bookerhaven,Michigan,15311
A742,"Unit 8412 Box 8800
DPO AP 83154",Smithshire,Nebraska,32213
A743,"632 Frank Trail
Boltonstad, WY 91978",Sotoport,Utah,37819
A744,"9789 Isabella Villages Apt. 814
New Shawnside, GU 25824",Robinberg,Nebraska,77986
A745,"8422 Sean Ports Apt. 866
Allenfurt, WI 07304",Ryanberg,Oregon,38015
A746,"157 Dennis Haven
Collinston, NY 93765",Craigborough,Maryland,22834
A747,"641 Courtney Estate
Michaelhaven, AZ 27355",Thomasview,Missouri,20491
A748,"032 Cuevas Walks
Powellborough, NM 89069",Port Allisontown,Kansas,22242
A749,"8799 Samuel Causeway
Larabury, DC 97922",South Joshua,Florida,71699
A750,"0230 Deborah Radial Suite 692
Danielborough, VT 57785",New Kristenfort,Mississippi,58206
A751,"337 Lewis Mill
Port Johnside, IA 08394",North Lawrence,Arkansas,06738
A752,"700 Michelle Divide
East Michaelchester, CO 29740",Jillville,Delaware,23793
A753,"290 John Land Suite 256
Rosshaven, WV 01469",Berryfurt,New Mexico,08502
A754,"2267 David Shoals Suite 331
Roberthaven, VT 50743",Leemouth,Virginia,15907
A755,"082 Tina Loop
Russellfort, KS 00510",Onealton,Texas,98999
A756,"9443 Howe Roads Suite 922
West Dominiqueside, MP 92898",Jamesburgh,Florida,89964
A757,"6431 Stephanie Parkway
Lindamouth, PA 36353",Port Christina,Colorado,68624
A758,"Unit 3926 Box 3317
DPO AA 49430",Davistown,Connecticut,76981
A759,"6245 Kane Shores Apt. 900
Jordanhaven, AL 58557",Lake Bonnie,Delaware,31620
A760,"2852 Dunn Motorway
West Michael, MI 67448",Jacobshire,New Mexico,76746
A761,"8852 Perry Divide
West Melissa, KS 55642",South Nancy,Rhode Island,34984
A762,"708 Tiffany View Suite 401
South Mathewstad, CA 17382",Garzashire,Wisconsin,18392
A763,"206 Davis Shoals
Port Patriciaview, VA 87880",West Joestad,Iowa,96586
A764,"364 Sydney Curve Suite 306
West Timothyview, AS 74574",Davisborough,Indiana,47740
A765,"52502 Blackburn Station
Tinahaven, OK 90360",North Daltontown,Alabama,63287
A766,"465 Gerald Landing
Cruzchester, HI 96541",West Beverly,Louisiana,06327
A767,"220 Blackburn Gardens Apt. 214
East Kristen, AK 56103",Bradychester,Idaho,07301
A768,"90404 Victor Dale Suite 854
West Michele, OR 09634",East Anthonyport,North Dakota,94021
A769,"07433 Lisa Landing Apt. 022
Michaelhaven, DC 85938",Lake Lorichester,Pennsylvania,86106
A770,"67608 Breanna Burgs
Port Kimberly, UT 63858",Karenchester,Massachusetts,28475
A771,"00505 Love Ville Suite 067
West Tonya, DC 94546",Port Angela,Florida,37877
A772,"PSC 9596, Box 1503
APO AA 22775",New Anna,Indiana,69380
A773,"589 Bell Cliffs
Hollyton, PW 54357",West Angela,Vermont,95446
A774,"2748 Joseph Trafficway
Robertfurt, WY 56716",Janiceland,Indiana,60745
A775,"00339 Lewis Parkway
West Jamesfurt, CO 05769",Royside,Pennsylvania,84690
A776,"300 Williams Roads
West Mary, MO 38564",East Michaelchester,Hawaii,49353
A777,"18609 Patel Mission Suite 303
North Jonathan, MD 76392",Tonyaborough,Arizona,07984
A778,"36507 Smith Courts
Deannaville, MD 41828",Lake Johnville,Indiana,40970
A779,"370 Randall Stream
South Paulview, MO 97686",New Melissa,Kansas,27898
A780,"4698 Mark Village
Lake Joel, MH 31525",Gillfort,South Carolina,64393
A781,"029 James Overpass Apt. 747
East Vanessa, DE 59190",Jaredmouth,Alabama,22882
A782,"936 Sandra Extensions
Jessicaville, ME 49172",Wilsonfurt,New York,08341
A783,"57454 Melissa Lake
Hillton, IN 09186",North Jamesborough,New Hampshire,50016
A784,"3416 Combs Lock Suite 484
Matthewburgh, OK 15917",West Jimmy,Hawaii,45985
A785,"3825 Warren Pass
South Elizabeth, MH 38706",Michaelview,Wisconsin,70860
A786,"05469 Lee Inlet
Brianland, NC 15711",Port Vanessa,Minnesota,68350
A787,"2708 Michelle Common Suite 057
North Taylor, VA 60013",Deannamouth,Kentucky,97643
A788,"0623 Helen Causeway Suite 428
Franktown, DE 74549",North Victoriatown,South Carolina,97668
A789,"6149 Floyd Walks Apt. 485
South Debra, PR 64318",South Kimberly,South Dakota,83495
A790,"1016 Molina Ferry
Lake Norma, VI 14405",Frankchester,Louisiana,79079
A791,"Unit 4223 Box 4603
DPO AP 40953",Martinfort,Georgia,11490
A792,"USS Craig
FPO AA 83517",Moralesberg,Maine,47318
A793,"471 George Springs
East Rachelmouth, NY 81826",Thompsonchester,Rhode Island,76457
A794,"495 Carol Summit Apt. 959
Markview, GA 50945",Devinfurt,Michigan,55296
A795,"6211 Jones Ports
East Cynthia, NV 06099",North Thomas,Texas,75607
A796,"0185 Barber Haven Apt. 397
North Stephanie, AS 29887",Raystad,Tennessee,02284
A797,"1007 Navarro Prairie
Rosalesside, NH 93247",New Carolinebury,Pennsylvania,27075
A798,"085 Kristy Knolls
Houseville, DC 34178",Ginaport,Utah,00580
A799,"594 Briana Trace
West Sandraville, NC 94843",Perryshire,Hawaii,03274
A800,"6164 Joshua Glens
Cathyhaven, SD 96183",West Mariaborough,Kentucky,04191
A801,"7658 Brown Burg
Baldwinview, VI 85407",Port Lorettaville,Mississippi,29331
A802,"8210 Erin Streets
New Donaldbury, WV 14302",New Meghan,Idaho,69030
A803,"841 Jay Oval Suite 344
North William, ME 08327",Estesbury,Iowa,21185
A804,"Unit 1822 Box 0786
DPO AP 97868",West Margaretbury,Wisconsin,02040
A805,"520 Patricia Inlet
North Joshuamouth, NC 07181",East Donna,New Hampshire,50125
A806,"0628 Sabrina Motorway
Lake Davidshire, WI 84812",Elizabethstad,Texas,27214
A807,"7074 Peck Forge
Amberton, MO 26304",Beasleyhaven,Alaska,75950
A808,"4671 Mary Locks Apt. 779
Mcdanielberg, PR 19266",West Anastad,Idaho,80428
A809,"40914 Black Ramp Suite 137
Parsonsport, KS 19771",West Tracy,Delaware,37765
A810,"01310 Michelle Wells
Buchananfort, ME 97806",Port Gregoryfurt,Virginia,21747
A811,"5138 Scott Terrace
Moodyville, OK 50620",South Edwardstad,Alaska,23598
A812,"94381 Brown Lane Suite 530
Espinozabury, GU 59708",New Saraburgh,Alaska,07972
A813,"070 Lopez Courts
Cherylborough, WA 83054",New Janet,Georgia,79272
A814,"4017 Harrell Extension
Samanthashire, MI 16748",Johnburgh,Florida,87658
A815,"2923 Travis Ridges Apt. 547
Travisborough, NY 41275",West Erin,Louisiana,86808
A816,"027 Kelly Islands
Serranomouth, HI 10373",South Linda,Virginia,27947
A817,"463 Diaz Cliffs
Henryshire, HI 83234",West Danny,Alaska,22460
A818,"5416 Ralph Point Apt. 004
West Wendyshire, RI 32529",Eatonside,Nebraska,16469
A819,"8892 Wallace Plaza
New Alyssaland, VT 25113",Marquezmouth,Georgia,68284
A820,"10324 Dale Mills
Bullockton, TX 71636",Port Kimberlyhaven,New Jersey,01176
A821,"5152 Mary Stravenue
Lake Joseborough, AS 16555",Victoriamouth,South Carolina,39151
A822,"1585 Daniel Knoll Apt. 321
Lake Georgefurt, MO 14146",West Kevin,Kentucky,62517
A823,"612 Shannon Plains
New Jill, KS 73370",East Lesliebury,South Carolina,64307
A824,"5742 Garcia Park
Port Lisaborough, PA 56175",South Ashley,Oregon,70366
A825,"08645 Jordan Hill Suite 866
Karenton, MO 84048",Smithborough,Louisiana,16218
A826,"77125 Bryan Heights Apt. 313
North Amber, AK 76304",East Ann,New Jersey,78861
A827,"286 Faith Harbor Suite 097
West Tyrone, WY 67251",Scottmouth,Minnesota,77381
A828,"1053 Wood Field
Lopezville, NC 60854",Lake Rebeccafurt,Maine,35174
A829,"7836 Allen Centers Suite 696
Michelleville, NJ 72273",Raymondport,Illinois,10790
A830,"8895 Hart Plains Apt. 964
East Deborahmouth, NH 09131",South Kayla,Ohio,97454
A831,"PSC 8166, Box 8003
APO AP 01551",Stephanietown,New Hampshire,28839
A832,"92854 Thompson Branch
Lake Brian, OK 27763",Silvafurt,Louisiana,57534
A833,"8693 Manning Terrace Suite 414
Brittanytown, GA 38386",West Lisamouth,Minnesota,84127
A834,"3404 Steven Hill Apt. 719
Tracyside, OH 30707",Billyland,Louisiana,55946
A835,"1146 Alejandra Mountain Suite 777
North Patriciafort, GA 10938",New Mariah,Tennessee,97898
A836,"39750 Jones Club Apt. 375
New David, DE 83935",West Kylebury,Alabama,19866
A837,"5256 Gonzalez Port
Hernandeztown, NM 56770",West Dannymouth,New Mexico,60599
A838,"342 Torres Ferry
South Seth, MS 02604",New Jennifer,Illinois,29947
A839,"7018 Paula Terrace
Roseshire, FM 70818",Amyland,Indiana,16642
A840,"593 Ferguson Street Apt. 897
Michaelton, MA 37214",Davismouth,Nebraska,13028
A841,"16782 Carson Forge
Cobbberg, KS 66645",East Zoeburgh,Alabama,35180
A842,"5870 Kevin Pine Apt. 974
Melissaside, VI 53122",Anthonymouth,Colorado,27309
A843,"81238 James Via
Tonyaberg, SC 23903",Wareside,New Jersey,27463
A844,"657 Perez Summit
Jennifermouth, MD 15638",North Nicoleshire,West Virginia,72648
A845,"595 Jackson Loop
Raymondtown, IL 85572",Sarahfort,Montana,28349
A846,"34919 Gentry Islands Apt. 412
West Diane, SD 57477",Kristieshire,Pennsylvania,99359
A847,"0529 Chavez Orchard
Elliston, PA 30664",Lake James,Maryland,66997
A848,"0603 Ian Canyon
Tinaland, NE 92864",Katiechester,Massachusetts,47339
A849,"5019 Larry Road Suite 258
New Brenda, MP 45276",Port Cheryltown,Arizona,55581
A850,"628 Patricia Keys
East Roger, CA 62863",Shannonfurt,Michigan,81460
A851,"830 Daniel Springs Apt. 102
East Marcusberg, PA 85043",South Stephenburgh,Maine,73762
A852,"533 Gonzalez Plain Apt. 268
Port Gregory, MH 75221",North Scott,North Carolina,68938
A853,"53131 Bradley Row Suite 129
Port Ralph, TX 23085",Martineztown,Maine,87579
A854,"92094 Robert Landing
Danielton, MS 61512",Lake Angela,New York,99063
A855,"6957 Ashley Coves Suite 044
Aguilarfurt, FL 75427",North Dylanstad,California,95191
A856,"8670 Christopher Square
Bethtown, OK 08882",East Alex,Washington,83623
A857,"39273 Oconnor Rue
Crystalborough, AL 26374",North Jamesmouth,Nebraska,41569
A858,"99345 Murray Expressway Apt. 107
Martinport, NC 44444",Nancymouth,South Dakota,37952
A859,"63293 Kemp Orchard
New Brian, CT 58737",North Douglas,New York,07985
A860,"47193 Garrett Keys Suite 662
East Megan, MD 73635",Arellanoton,Georgia,08940
A861,"952 Lopez Gardens Suite 571
East Jadeville, FL 71838",West Thomasville,Pennsylvania,24012
A862,"3835 Weaver Plain Apt. 750
Kennethside, MN 55126",Bushborough,Kentucky,67465
A863,"2269 Colleen Turnpike
New Rebekahchester, MI 14708",Lake Kimberly,Nevada,06751
A864,"384 Townsend Cove
Tracyton, OK 53295",Omarton,Kentucky,73480
A865,"45472 Reed Viaduct
Johnsonview, WY 13944",Debbieside,New Jersey,14902
A866,"1042 Timothy Spring Suite 339
Aarontown, NH 71555",West Jerome,Rhode Island,69493
A867,"77569 Cannon Fort Suite 815
Jamesmouth, MT 40974",Hughesport,West Virginia,49824
A868,"4375 Steven Ramp
New Kellyfort, NY 02570",Port Jennifer,Hawaii,43307
A869,"147 Robin Motorway
Lopezland, NH 32681",Williamsfort,Washington,97767
A870,"4121 Rogers Lodge
New Frankborough, GA 00933",New Jason,Pennsylvania,61371
A871,"863 Torres Mountain
Danafurt, OH 60805",East Brandon,New Hampshire,61336
A872,"6769 Oliver Alley
East Johnhaven, ID 28582",Monicafurt,Nevada,38997
A873,"01114 Crawford Motorway
North Markburgh, NJ 10954",Barkermouth,New York,06397
A874,"81215 Michael Common
Port Brandyland, PA 50143",Martintown,New Hampshire,01004
A875,"38747 Barnes Rapids
Thomashaven, WY 93562",East Robert,Massachusetts,84915
A876,"7924 Vasquez Summit Apt. 981
Garzastad, WI 66505",West Stevenville,Oregon,06232
A877,"1101 Long Lakes Suite 717
Elliottmouth, SD 04311",Jenniferside,Arkansas,42202
A878,"709 Pollard Wells
West Heather, WI 88566",East Taylorview,Wyoming,30076
A879,"0575 Lewis Extensions
Danielsberg, VA 60614",Lake Jasmin,Delaware,41026
A880,"4136 Peterson Cove
Greenberg, GU 72498",Port Erinton,Indiana,98700
A881,"Unit 0130 Box 4785
DPO AE 68321",East Joshua,Kentucky,57794
A882,"568 Cathy Plaza Suite 915
Lauraport, FL 27639",West Jenniferton,South Dakota,10017
A883,"284 William Mission Suite 859
Katherinetown, MH 98811",East Jonathanburgh,South Carolina,43041
A884,"1152 Cynthia Tunnel Suite 919
North Stephanieton, OH 91240",West Debbie,Oregon,36171
A885,"36073 Lopez Junction Suite 559
Sarahtown, MD 18642",Bryanchester,Virginia,25998
A886,"3361 Kenneth Alley
South Kennethport, PR 85183",North Jennifershire,Nebraska,94860
A887,"93826 Timothy Orchard Apt. 113
Perezview, WY 14733",Wandaport,Arkansas,08843
A888,"4405 Tamara Points
Lake Garrettshire, VI 67258",Lake Christina,Alaska,79370
A889,"94873 Davis Plains
Houstonville, OK 27716",North Melissafort,Pennsylvania,79967
A890,"574 Teresa Streets
Penamouth, IL 40993",Ortizville,Pennsylvania,84910
A891,"USS Anderson
FPO AE 32757",Jamesmouth,Wyoming,22474
A892,"5781 Stephen Row Suite 772
Amyport, OH 40715",Scotttown,Delaware,21170
A893,"04004 Jenna Forks Apt. 995
Kennethmouth, WA 87529",Hudsonland,Hawaii,37673
A894,"5507 Camacho Squares
West Karlborough, PR 77594",Smithmouth,Texas,13265
A895,"PSC 5453, Box 3484
APO AP 98005",Elizabethborough,Missouri,18811
A896,"00617 Wendy Summit Suite 085
Coopermouth, UT 87319",Ashleybury,Kentucky,15844
A897,"9161 Claire Road Suite 210
Port Sandy, VA 48339",Nicoleland,West Virginia,95628
A898,"457 Lee Motorway Suite 729
North Alexandertown, KY 29852",Lake Laura,North Dakota,51363
A899,"277 Linda Meadows Apt. 940
Benjaminland, NV 83204",Sullivantown,Iowa,39669
A900,"89101 Matthew Centers Apt. 082
Georgeburgh, CT 07208",Cynthiabury,Oregon,33946
A901,"246 Anna Squares Suite 873
Lake Tanyachester, MI 85973",Holtfort,Pennsylvania,08013
A902,"46931 Hardin Shores
Dennisfurt, FM 13901",Henryville,Nevada,66638
A903,"45123 Jerry Gardens Apt. 186
Stephenfort, KS 98821",North Rebecca,New Hampshire,76378
A904,"90189 Laura Neck
Shannonshire, PA 81859",New Cindychester,Missouri,17933
A905,"59545 Autumn Parks
Lake Melissaland, MN 75773",Mckinneychester,Vermont,47912
A906,"1201 Eric Throughway
New Corey, IN 48351",Butlerbury,Tennessee,23017
A907,"784 Jackson Throughway
West Alexander, ID 13528",Santoschester,Minnesota,12653
A908,"867 Woods Forge
New Jasonmouth, TX 89574",Port David,Kentucky,60438
A909,"Unit 3710 Box 7301
DPO AA 71013",North Nancybury,Maryland,63775
A910,"28366 Kidd Highway
Teresafurt, GA 29000",Lake Alexis,Florida,59194
A911,"9270 Andrea Springs
Johnsonborough, RI 65045",North Andrewfurt,New Mexico,26059
A912,"45572 Maynard Road
South Anthonyhaven, GU 76403",South Joshua,New York,38096
A913,"PSC 2025, Box 3914
APO AP 56320",Port John,Pennsylvania,84715
A914,"946 Newman Crossroad Suite 692
Port Zoe, CT 17144",Keyberg,South Carolina,11587
A915,"639 Taylor Crossroad
North Jennifer, VA 30457",Daltontown,Mississippi,17316
A916,"90229 Williams Streets
Cohenport, VI 27288",Ashleymouth,Nevada,66150
A917,"93677 John Mill
Richchester, AL 58647",Beanville,Illinois,98963
A918,"95570 Erik Forge Suite 300
Wrightville, RI 42557",Port Bradleystad,Maryland,38758
A919,"90382 Clark Via Apt. 167
East Brandon, AZ 17640",West Kyleside,Connecticut,96457
A920,"0816 Joshua Walk
Wendyburgh, RI 48174",Port Kimberly,North Dakota,89660
A921,"40147 Jamie Expressway Suite 254
Danielton, AZ 48279",Katherinetown,Oregon,10011
A922,"76278 Christopher Grove
Ronaldberg, NV 41481",Brownside,Michigan,74362
A923,"6393 Jose Rest Apt. 312
Alvaradohaven, AR 86581",Solismouth,New York,32635
A924,"Unit 2822 Box 5175
DPO AE 15503",Seanshire,Wisconsin,72158
A925,"3523 Noah Ranch
Lake Brianview, CO 10067",Royborough,Alaska,27964
A926,"0372 Teresa Isle
East Sherryberg, WA 85284",South Carol,Arkansas,82145
A927,"330 Lee Lodge Suite 603
West Paul, KS 83297",Nathanville,Minnesota,91105
A928,"5335 Diana Inlet Apt. 475
Jimmyhaven, FL 96541",Garciafurt,Illinois,35915
A929,"55086 Knight Extensions
East Kellyside, WI 03972",Taylorport,Oregon,70235
A930,"45232 Curry Via
Port Michaelbury, NV 96616",Port Kaylee,Kansas,37107
A931,"04107 Ferguson Brooks Apt. 099
Chapmanport, RI 15985",Lake Jamesshire,Iowa,52296
A932,"76025 Barbara Parkway Apt. 292
Lake Shawnburgh, MI 78926",Wilsonbury,Indiana,75473
A933,"9934 Joyce Field Suite 779
Lake Norman, AK 09703",Baileyberg,Delaware,84484
A934,"4570 Taylor Burg
New Matthew, SC 66815",Port Robert,New Mexico,29708
A935,"924 Robert Run Apt. 756
West Sandraborough, SC 19651",West Kristinaville,Virginia,76633
A936,"99294 Steven Trail Apt. 347
West Reginaton, DC 15537",Youngside,Georgia,30229
A937,"3148 Smith Island
Port Jaclyn, PW 93681",Brianbury,Georgia,97068
A938,"8262 Nelson Causeway Apt. 587
Smithton, KY 69016",North Robert,Hawaii,60152
A939,"8626 Horton Villages Suite 627
Port Denise, VT 07964",Brownport,Georgia,66825
A940,"7578 Hughes Stravenue Apt. 794
East Matthewmouth, KY 16958",Danielfurt,Delaware,07117
A941,"292 Dean Curve Suite 576
Kyleside, NM 08967",Port Jackson,Kentucky,61595
A942,"367 Dakota Path
Michaelmouth, TN 11763",Wilsonshire,Texas,11863
A943,"0029 Tammy Loaf
Ellenbury, MO 08147",Rodriguezville,Minnesota,85849
A944,"0341 Gary Oval
Lake Danielmouth, KS 55809",Sydneyland,Louisiana,04899
A945,"868 Rodriguez Crossroad
Simpsonport, DE 21103",Davidberg,New York,94351
A946,"9195 Hernandez Islands Suite 848
North Shannonhaven, FM 18237",Lake Michael,Alaska,26145
A947,"91255 Theresa Trail
South Brandonside, PW 18031",Fordmouth,Iowa,83318
A948,"298 Raymond Junctions
Donaldsonfurt, RI 18493",East Jessica,Kentucky,08346
A949,"246 Stephanie Inlet Suite 474
Pattonbury, MD 85535",Lake Sarashire,New York,28942
A950,"280 Santiago Hollow
East Curtis, FL 73205",Hillstad,Kentucky,24195
A951,"083 Thomas Fall
Rodriguezshire, IA 10418",Brandonborough,Iowa,33513
A952,"0512 William Gateway Apt. 593
West Jessica, RI 39507",Hayschester,Tennessee,77124
A953,"PSC 9455, Box 5472
APO AE 94952",Timothychester,Louisiana,89982
A954,"17173 Timothy Viaduct
Novakton, AL 06729",Lake Nataliebury,Virginia,52405
A955,"129 Bradley Place
Perezside, MH 58541",New Michelle,Pennsylvania,14192
A956,"6507 Gray Pine Suite 914
Jeffreytown, TN 29462",North Jeanettefurt,Alabama,48681
A957,"81942 Blair Burgs Apt. 005
Brendaland, CT 68049",Barronfort,Kansas,60846
A958,"17734 Michael Street Apt. 907
Port Nicholasmouth, ND 67848",Reedside,Tennessee,23104
A959,"12203 Koch Junction
South Cliffordtown, NY 25822",Port Jeffrey,Montana,77332
A960,"1866 Katie Expressway Suite 713
Lake Kevin, VT 02370",East Nicolasside,Arizona,64939
A961,"7623 Sarah Pines Apt. 857
Lake Julie, LA 85812",East Tina,Nebraska,43628
A962,"576 Calvin Harbor Suite 715
East Annaberg, WY 39572",Davisstad,Connecticut,80979
A963,"USNV Rogers
FPO AA 03018",Hornview,Illinois,79566
A964,"035 Stanley Station
New Cynthiamouth, TN 84709",South Kevin,Vermont,03697
A965,"4839 Glover Tunnel Apt. 503
Anthonybury, MD 02919",Port Tammy,Connecticut,91765
A966,"450 Williams Lane
West Mitchellside, AK 71945",Delacruzhaven,New Hampshire,55313
A967,"551 Rogers Extension Suite 185
Wadeshire, IA 38305",Brentchester,West Virginia,93763
A968,"USNS Powers
FPO AE 53825",Davidside,Tennessee,69420
A969,"040 Underwood Orchard
Port Michele, ME 14425",West Jeanetteview,Pennsylvania,95030
A970,"9540 Valencia Burgs Apt. 343
East Joseph, VA 49196",Morganberg,Missouri,93342
A971,"409 Hernandez Mountain Suite 037
Miguelstad, HI 29101",South Michelletown,Alaska,17379
A972,"92079 Kayla Overpass Suite 306
Davisborough, SC 07063",Morganborough,South Dakota,49343
A973,"54530 Erickson Land
North Susanchester, VA 16535",West Kathleenview,Idaho,74509
A974,"00838 Reed Motorway Suite 434
Griffinmouth, MS 74173",Robertstad,West Virginia,31451
A975,"402 Elizabeth Viaduct Apt. 212
West Valerie, MS 83170",West Joshua,Utah,88723
A976,"807 Mary Plains
Popeport, AS 05729",Joshuaton,Indiana,52868
A977,"677 Kimberly Lane Apt. 722
Allenchester, MO 14981",East Timothyhaven,Colorado,46956
A978,"185 Price Trace
South Alyssa, NH 26183",Bennettberg,Missouri,40285
A979,"3862 Smith Mountains Apt. 969
Robertsonfort, AS 40522",Josephfurt,Kentucky,77423
A980,"6645 Miles Islands
Laurenborough, CO 34634",Claytonhaven,South Dakota,27549
A981,"5264 Kathleen Hollow
West Deborah, MI 26801",South Michelemouth,Georgia,84182
A982,"6862 Charles Mountains Apt. 327
North Thomasfurt, TN 75364",Griffinfort,Wyoming,05909
A983,"617 Megan Walk
Gibbshaven, MT 81597",Matthewland,North Carolina,75495
A984,"2648 Cynthia Extension Suite 584
East Joshuaburgh, GU 08881",West Sean,Nevada,35585
A985,"72890 Valdez Branch
South Timothyton, AL 17215",Cartertown,Massachusetts,17107
A986,"0600 Cole Dam
East Elizabethport, NC 29150",Carrside,Connecticut,64619
A987,"73194 Sanchez Rapids Apt. 887
Dianaville, IA 13623",Mooreport,Virginia,97561
A988,"0628 Murray Prairie
East Ericamouth, IN 48323",East Courtney,Connecticut,02929
A989,"447 Jennifer Unions Suite 197
New Bonnieland, NH 29370",South Sarahfurt,North Carolina,55088
A990,"64210 Wallace Views
Leahfort, FL 46654",Jameschester,South Carolina,89651
A991,"USNS Martin
FPO AE 61036",Port Joshua,Washington,09195
A992,"8379 Shaw Cliff
South William, AZ 07428",Parkershire,Ohio,06032
A993,"0009 Laura Landing Apt. 962
New David, NH 34931",East Leebury,Arkansas,67286
A994,"492 Hood Street Apt. 172
South Janiceside, DE 28278",Kevinberg,Alabama,20263
A995,"093 Vanessa Knolls
Johnmouth, MA 94279",New Michelletown,Pennsylvania,89559
A996,"951 Melanie Lodge
New Hectorbury, WA 64338",Kristyhaven,West Virginia,05168
A997,"35687 Susan Locks Apt. 264
Melissamouth, TX 75349",Lake Erin,Montana,91398
A998,"7363 Fuller Springs
Perrytown, DE 06195",Port Erin,Montana,74035
A999,"77588 Mcfarland Drive Suite 456
West Matthewberg, UT 13193",Priceport,North Dakota,59735
A1000,"3170 Ariana Shoals
Lake Rachelfort, ND 84919",Griffithland,South Carolina,19452
