AddressID,Address,City,State,ZipCode
1,"42237 Linda Mission Suite 010
Barnesberg, LA 46650",Keithberg,South Dakota,29153
2,"44279 Dana Oval
Port Jeffreyview, LA 15715",Port Jeremy,Pennsylvania,12529
3,"213 West Cliffs
Port Judith, VI 09749",Johnsonmouth,New Mexico,82325
4,"36913 Morales Burgs Apt. 508
Davisfort, NC 98164",West Jessica,Pennsylvania,62139
5,"246 Garcia Shoal Suite 826
North Jeffreyton, AL 85783",Dixonville,Maine,38373
6,"71344 Odonnell Ranch
Kennethburgh, WI 76442",New Steven,Illinois,40872
7,"229 Simon Skyway Apt. 085
Thomasshire, UT 50090",North Kristopher,New Mexico,16270
8,"349 Deleon Corner
West Kevinbury, ND 11156",New Kentfurt,New Jersey,29651
9,"75271 Newman Via
Port Brittney, CT 17050",West Christopherport,New Mexico,29639
10,"38749 Jefferson Underpass Suite 130
Danielleland, GU 65343",Hernandezland,Delaware,39700
11,"165 Steven Trail
Lake Connor, RI 88471",Melissaport,Virginia,16649
12,"5851 Stephen Plaza
South Debra, AR 48651",Bellburgh,Tennessee,44662
13,"Unit 0492 Box 2814
DPO AE 60098",Navarroside,Utah,43261
14,"23217 Lisa Station Apt. 984
Huntbury, NE 71081",Melissabury,Missouri,54294
15,"PSC 4621, Box 6033
APO AP 11389",Christopherberg,Kansas,14659
16,"USNS Estrada
FPO AP 92800",Dyershire,New Mexico,42929
17,"300 Malone Hills Suite 919
South Derek, ID 26310",Michaelfurt,Idaho,64061
18,"Unit 4449 Box 2927
DPO AE 42470",New Robinport,Kentucky,78482
19,"477 Kim Overpass Suite 301
Hunterchester, MT 52603",Kennethport,New York,21918
20,"05526 Johnson Route
East Robert, GA 77432",South Rebeccaland,Kentucky,96204
21,"28091 Walker Green
Reneemouth, OK 57800",Johnfort,Alaska,94767
22,"994 Jacqueline Shoal
New Emilyburgh, GU 57454",South Stevenmouth,Arkansas,75790
23,"2077 Snow Village Suite 782
Port Katherinebury, VT 42399",West Christopher,New Hampshire,51540
24,"5785 Lauren Springs Apt. 985
New Mary, PW 97005",Port Richardshire,Texas,81288
25,"9139 Francis Station Suite 294
West Dylanstad, MH 89223",Port Stephanie,Ohio,52190
26,"7602 Barbara Lights Apt. 248
Griffithburgh, TN 90201",Santosbury,Hawaii,12072
27,"7097 Sarah Freeway
South Matthewstad, NM 99417",Davidmouth,New Jersey,64901
28,"2901 Perkins Walks Suite 995
Randolphfort, KS 50437",West Mike,Connecticut,26968
29,"369 Willis Grove Apt. 482
North Adamfort, AK 75102",Lake Philiphaven,Arizona,34411
30,"9178 Campbell Extensions Suite 075
South Lisa, OR 27656",Lake Katie,Montana,30769
31,"2005 Joel Forest
Fullerborough, SD 94995",Hannahville,West Virginia,67772
32,"Unit 5550 Box 1607
DPO AE 84135",West Kaylashire,North Dakota,52552
33,"4984 Richards Creek
North Angelborough, DC 42216",Bushfurt,Vermont,75135
34,"857 Miranda Villages Apt. 431
North Christinafurt, AK 27603",New Alexander,Virginia,88924
35,"654 Freeman Rue
East Frankmouth, AK 18685",Millermouth,Wisconsin,44446
36,"259 Garcia Lake Apt. 052
West Joshuaberg, CT 63105",Laurabury,New Hampshire,73173
37,"174 Duane Crescent Apt. 087
Port David, MH 24176",Port Allison,Nebraska,75738
38,"14697 Christina Extensions Suite 360
Ginafort, AK 45732",Woodwardville,Maine,81643
39,"9327 William Camp Suite 675
South David, AS 86527",South Moniqueton,Kentucky,46843
40,"77130 Charles Islands
Turnerhaven, PA 28243",North Walterville,Rhode Island,58311
41,"6658 Nicholas Unions
Simpsonchester, SD 63226",Colemanshire,Massachusetts,39552
42,"261 Green Forge Suite 565
Tinafort, KS 09606",Halltown,Wyoming,19050
43,"027 Jorge Isle
Pamelaton, AL 68036",Lake Joshuaberg,Georgia,33185
44,"050 Andrea Ford Suite 785
Guzmanburgh, AL 55552",New Colleenshire,Delaware,26069
45,"229 Karen Causeway Suite 568
North Yvetteborough, MI 05561",Port Terri,Vermont,18620
46,"4926 Goodwin Tunnel
Dianaside, OH 68144",Owensland,West Virginia,36263
47,"7187 Mason Plaza Apt. 551
Markfort, CO 57009",Crawfordmouth,Kansas,74879
48,"2032 Goodman Island
Lake Tim, MD 48344",Walterbury,New Jersey,46201
49,"USNV Savage
FPO AA 11036",Amberstad,Ohio,81399
50,"46811 Sanchez Stravenue Apt. 884
Port Elizabeth, CA 40480",New Coreyside,Michigan,66146
51,"8459 Frank Orchard Apt. 119
South Rachel, SD 69821",East Mariefort,New Jersey,80562
52,"394 Salazar Trail Apt. 660
Andrechester, AZ 59396",Padillaton,Illinois,89508
53,"41706 Heather Ports
South Josephview, IN 93897",Andersontown,Georgia,27920
54,"68117 Kyle Union Suite 846
Alejandroview, MO 07573",Port Josephbury,Nevada,94474
55,"6992 Jessica Land Suite 349
North Beverlyville, NH 82606",Pollardfort,Maryland,69545
56,"12704 Raymond Mountains
South Michaelborough, IA 93933",New Angieshire,Texas,41098
57,"63401 Sullivan Trail
East Patriciaborough, NV 19689",New Kellyshire,Alabama,98196
58,"06339 Malik Neck
Lake Mariaborough, MA 16831",New Ivanshire,Alaska,93779
59,"48867 Hamilton Orchard
Wilkersonstad, NJ 36222",New Tammy,Wyoming,09758
60,"531 Palmer Key
Lake Christina, NV 21248",Rebeccaberg,South Dakota,11915
61,"03926 Michael Circle Apt. 874
Natashafurt, IA 02203",East Shawn,Pennsylvania,29738
62,"96363 James Flats
Jacobhaven, MD 24983",North Brian,Virginia,32696
63,"864 Christopher Route
Davistown, GA 33899",Annborough,Arkansas,29502
64,"812 James Hollow Suite 657
Lake David, GA 69723",Lake William,Delaware,49441
65,"68924 Chavez Fort
Lake Josephview, MI 50930",South Cathy,North Dakota,79816
66,"930 Gay Canyon
Thomasfort, OH 27227",Heatherberg,Georgia,22975
67,"989 Wayne Tunnel Apt. 771
West Kirsten, PA 75989",Williamview,Georgia,41945
68,"03337 Megan Track
New Darrell, CA 92463",Jasontown,California,93493
69,"674 Diane Gardens Suite 783
Kirbyberg, AZ 02035",East Sergioshire,Minnesota,25654
70,"0273 Danny Circles Suite 499
Port David, NJ 74167",Brucestad,Georgia,77109
71,"3619 Stephanie Route
New Scott, MI 54374",Penaberg,Louisiana,79521
72,"52386 Sullivan Glens
Sherristad, WY 17976",Kimberlyland,Missouri,04294
73,"382 Felicia Parkway Apt. 482
East Parkermouth, DC 24331",Lake Paulmouth,Alaska,46801
74,"16941 Gray Station
Cervanteston, GA 03514",New Aliciamouth,Utah,25306
75,"PSC 4356, Box 4907
APO AE 02239",Donaldton,Missouri,95560
76,"10685 Krystal Walks Apt. 775
Jeremyfort, AK 51545",Bradymouth,Massachusetts,98010
77,"69161 Brown Stravenue Apt. 918
Andreatown, IN 96853",North Katherine,New York,31869
78,"656 Joshua Island Apt. 046
Deborahshire, MP 63892",Johnbury,Alaska,50845
79,"044 Stephens Unions Apt. 629
North Aprilberg, VI 38517",North Andrewberg,Kentucky,83718
80,"935 Hendricks Haven
Lake Brentborough, SD 66272",Lake Melissaton,Florida,94647
81,"52692 Holmes Ferry
North Susan, DC 37954",Roberthaven,Oregon,07822
82,"PSC 9634, Box 7443
APO AA 34664",Sotoport,Michigan,31000
83,"56638 Medina Village Suite 691
Brownview, SD 07182",Lake Tonya,Georgia,04248
84,"34272 Gardner Spurs Apt. 785
Lyonsview, NE 38074",East Brycemouth,Idaho,57838
85,"42056 Acosta Plains
Lake Allison, OK 16215",Meganchester,Wyoming,70095
86,"51894 Craig Branch
Colinhaven, MP 47978",North Juliebury,Louisiana,68380
87,"742 Hall Gardens
Veronicabury, NJ 75688",Baileyview,California,52979
88,"957 Andrea Ford Suite 224
North Tonybury, PR 09883",South Stephanie,Indiana,26007
89,"632 Nichols Harbors Apt. 182
Brittanyside, MS 62786",Randallberg,Connecticut,28932
90,"6655 Kenneth Plaza
Port Arthurside, FL 84380",South Jerome,Utah,10013
91,"25298 John Plaza Suite 361
New Vanessa, NH 63159",Lisachester,Illinois,37236
92,"376 Williamson Throughway
Port Brett, NM 75418",Debraville,South Carolina,38545
93,"0301 Daniels Islands
Port Becky, TX 27879",North Scotthaven,Delaware,82171
94,"847 Adkins Flat
Port George, OH 70326",Pachecoton,New Hampshire,44170
95,"51458 Cody Radial Suite 316
Lake Sarah, PW 74829",East Daniellechester,Florida,86830
96,"82032 Maria Prairie
Hayesmouth, MH 78216",Mitchellchester,New Jersey,16795
97,"3727 Barry Neck Suite 856
Starkton, MT 61962",Lake Bradleyfort,Wyoming,64517
98,"322 Payne Shore
New Dale, MO 59118",Martinshire,Rhode Island,35112
99,"6540 Daniel Haven Suite 183
Taylorhaven, GU 14826",Port Kristina,Maine,38335
100,"Unit 4023 Box 8066
DPO AP 49185",Roberttown,Kansas,38488
101,"Unit 8930 Box 5346
DPO AA 64051",Pricefurt,Minnesota,22761
102,"703 Cynthia Bridge
South Emmastad, NJ 83511",New Robert,Oregon,53071
103,"4122 Kennedy Club Suite 079
North Jodyshire, MO 95733",Davidborough,Montana,26087
104,"7510 Katherine Locks
Waltonfort, OR 20862",Lake Andrew,Texas,72231
105,"69728 Kathleen Lock Apt. 986
Melaniefurt, VA 02425",Zavalafurt,Nevada,59040
106,"Unit 7370 Box 4381
DPO AE 52273",Nguyenburgh,Arkansas,85774
107,"6498 Julie Park Suite 131
East William, IA 16478",South Jessica,Florida,75963
108,"127 Jenny Curve
Port Karlland, MD 73163",Loganstad,North Carolina,70979
109,"2503 Rodney Passage
East Eduardoshire, WA 57084",North Karenbury,Alaska,13731
110,"1252 Kelsey Walk Suite 435
New Michael, NC 14583",West Kristiborough,New Mexico,00599
111,"8030 Kevin Falls Apt. 030
New Rodney, LA 93088",South Zacharyside,North Carolina,42001
112,"22174 Collins Courts Suite 541
New Ashley, LA 78715",Jonathanshire,New Jersey,16185
113,"Unit 2116 Box 0155
DPO AP 43456",Port Shirley,Ohio,94459
114,"129 Sonya Spurs
Port Baileyburgh, LA 77143",Johnsonbury,Colorado,42638
115,"9494 John Camp Apt. 018
Pattersonshire, MP 44658",Annaberg,Wisconsin,53314
116,"45338 Brian Cliffs
Lake Erik, MI 94487",Fitzgeraldbury,Virginia,37957
117,"USS Coleman
FPO AA 71702",South Tiffanyview,North Dakota,48165
118,"399 Paige Islands
West Bryan, SC 08988",New Scott,Alabama,95761
119,"481 Joseph Crest Apt. 513
West Ashley, UT 88681",West Michael,California,73851
120,"715 Dale Union Apt. 023
New Adamborough, PW 71805",Guerreroberg,Connecticut,15413
121,"5640 Ortiz Roads Apt. 456
Jasonshire, NH 26468",Teresaberg,Vermont,05412
122,"31720 Hoffman Station
New Davidmouth, AL 58840",Lake Ronald,Ohio,05423
123,"02262 Cox Trail
Dawnville, WY 12150",North Aaron,Massachusetts,72082
124,"USNS Miller
FPO AP 06857",Fryside,North Dakota,27272
125,"481 Gilbert Causeway Suite 856
Smithland, ND 73227",East Charles,Wyoming,50432
126,"2297 Shannon Trail Apt. 280
Jeffreyview, DE 52272",Edwardstad,Oklahoma,14916
127,"Unit 1730 Box 3392
DPO AA 53429",Sellersview,Georgia,68365
128,"Unit 5586 Box 2547
DPO AE 31877",New Katrinaland,Indiana,52022
129,"Unit 2362 Box 6437
DPO AA 90436",Whitefort,Delaware,52417
130,"86508 Justin Plaza Suite 432
Lake Barbaratown, DE 19934",Sellersberg,Nevada,65650
131,"1234 Nicole Keys
New Todd, FM 45734",Escobarburgh,Alaska,82896
132,"7746 Jacqueline Prairie
New Joy, MP 70290",North Sharon,New Mexico,38006
133,"654 Huber Mountain
North Tyronechester, SD 72376",Robinsonshire,New York,36042
134,"4862 Molina Mountains
New Jessicaville, CA 93312",New Cynthia,Tennessee,43913
135,"42318 Mark Mills
North Erica, NC 13181",West Robertfurt,Idaho,46058
136,"41869 Stewart Fall Suite 605
Wrightton, PW 54308",Port Joseph,South Carolina,71169
137,"Unit 6253 Box 8800
DPO AA 82325",Lake Melissa,Maryland,31285
138,"974 Kimberly Streets
Hoganstad, KY 95560",Port Madison,Vermont,36178
139,"465 Rivera Ridge Suite 235
West Sara, UT 55747",New John,New Mexico,43328
140,"2337 Hill River
Yorkside, TN 02917",West Allisonview,California,22919
141,"3506 Daniel Fork
Stephensonmouth, PR 92558",Port Jessicaburgh,California,36013
142,"916 Thompson Loaf
East Traceyfurt, PA 97482",Port Jody,Montana,11360
143,"4081 Flores Mall Apt. 978
Jessicaberg, OK 59850",Lake Darlene,Missouri,11095
144,"9619 Ruiz Cape
East Lindseystad, MD 06238",Justinview,Maryland,96596
145,"48179 Whitney Mission
New Kelseyborough, MA 10101",East Vanessamouth,New York,68530
146,"4249 Stevens Throughway
North Juan, MT 93130",Rachelside,New Hampshire,73094
147,"97865 Derrick Motorway
Lake Joseph, OH 01412",North Nicholas,Maryland,08837
148,"178 Smith Lights Suite 254
South Sandrabury, AZ 62688",Hillview,Indiana,69795
149,"6528 Susan Fords
South Christina, NJ 65706",South Sara,Kansas,76532
150,"876 Green Turnpike Apt. 035
North Catherine, AR 74380",Muellerburgh,Tennessee,06309
151,"USS Matthews
FPO AE 83015",Maddoxstad,New Jersey,96044
152,"Unit 1304 Box 4204
DPO AA 75829",Keithmouth,Tennessee,15548
153,"73388 Robert Ports Apt. 420
New Alexandra, LA 53955",Jamesmouth,California,09793
154,"74588 Ball Tunnel
Davisview, AZ 87627",Angelamouth,New Hampshire,75825
155,"93282 George Garden Apt. 036
Annefurt, MT 27445",Smithside,Pennsylvania,71956
156,"9115 Rush Inlet
Austinfort, CT 54370",East Whitneyland,Illinois,66397
157,"879 Erik Keys
North Cassandrahaven, IA 37444",Brianshire,Mississippi,33333
158,"7375 Cline Haven Apt. 642
Theresaside, KS 39381",Baldwinside,West Virginia,89274
159,"256 Sarah Views
North Brian, NC 57707",Port Sharon,Connecticut,56316
160,"372 Sosa Valleys Apt. 676
Duranton, GA 77888",Blevinsborough,Tennessee,01818
161,"982 Campbell Square Suite 003
West Ericchester, NV 82794",Lake Sandra,Virginia,58677
162,"52825 Gallegos View Suite 493
Kellytown, NC 59829",New Stacy,Kansas,32386
163,"504 William Court
Michaelfort, CT 27038",New Cassandra,Illinois,12546
164,"132 Jennifer Burg Suite 959
West Arthurport, ME 22229",Lake Paulfurt,Wisconsin,07290
165,"8582 Joseph Cape Apt. 997
North Josephhaven, AS 75630",East Christopherland,Georgia,30555
166,"25034 Jackson Plains Apt. 372
Woodschester, TN 79588",Christopherberg,Illinois,78103
167,"55779 Abigail Pass
Port Peterhaven, KS 47291",Lake Kenneth,Michigan,91250
168,"231 Sutton Estates Suite 590
Lake Raymondchester, IN 68697",Wintersmouth,Montana,08937
169,"82727 Caitlin Keys Apt. 341
Fowlerborough, MI 77718",Lake Keithton,Georgia,55364
170,"608 John Fords Suite 194
Rosarioville, NY 35205",Tinabury,North Carolina,88168
171,"USCGC Rogers
FPO AE 63550",Gonzalezport,New Hampshire,84765
172,"981 Stephanie Knolls Apt. 934
Collinsfort, CT 52797",New Brooke,Utah,43396
173,"58402 Garrison Causeway Apt. 415
Johnsonport, UT 51234",North Jason,Delaware,61100
174,"9856 Wendy Expressway
Johnsonmouth, DC 24558",Danieltown,Vermont,82500
175,"0616 James Crescent Suite 772
West Richard, WA 26752",Luisfurt,West Virginia,03648
176,"566 James Falls
New Anthonyfurt, RI 92757",New Randy,Maryland,60929
177,"19337 Devin Ports
Lake Jeanville, ND 91580",North Paul,Wisconsin,85391
178,"4679 Nicholas Shores Apt. 912
Samanthastad, HI 84538",Jonathanberg,Michigan,60464
179,"830 Felicia Fork
Charlesland, GA 62894",Colemanborough,Arkansas,25037
180,"8697 Kirk Heights
North Carrieberg, MT 66901",Port Michelleton,Michigan,30128
181,"0581 Thomas Keys Apt. 111
Thompsonshire, PR 71473",Dianestad,Colorado,13868
182,"4802 Melissa Skyway
Fergusonchester, DC 63159",Milesburgh,Kentucky,20380
183,"4172 John Course
Jacobschester, AL 36405",Port Kimberlystad,Ohio,07296
184,"6355 Smith Road Apt. 597
Christophermouth, NM 93760",Robinland,Maryland,96284
185,"2931 Kramer Junctions Apt. 465
South Geraldbury, MA 02061",Peterberg,Hawaii,31979
186,"1146 Sandoval Extensions
North Hannahport, AZ 05377",East Patrickhaven,Texas,45708
187,"131 Eric Trail Suite 227
Gomezhaven, CA 11840",Whiteville,Kansas,47723
188,"37918 Porter Stream
Lake Rachel, MI 73656",Pierceville,Louisiana,35667
189,"PSC 1753, Box 1140
APO AA 36686",New Alanfurt,Arkansas,21357
190,"7088 Katherine Extensions
Williambury, VT 31902",North Jameschester,Alabama,82012
191,"Unit 7130 Box 8584
DPO AE 33467",West Jamesshire,Maryland,20867
192,"794 Peterson Park
Port Nancyton, OR 10247",South Matthew,Nebraska,45558
193,"6157 Hannah Mission Suite 780
West Billymouth, MD 89684",Stewartville,Kentucky,90443
194,"1485 Ortiz Lodge
Lake Donald, MH 49107",Melissahaven,Wyoming,40051
195,"633 Jeffrey Forks
Sarahborough, SC 62237",Edwardfort,Kentucky,91684
196,"2599 Linda Streets Apt. 544
Nelsontown, NV 80832",Lake Heatherside,Pennsylvania,94528
197,"7595 Johnson Flat Apt. 713
North Thomastown, MN 76241",New Thomaston,New York,74640
198,"52973 Jenkins Terrace Apt. 661
West Erin, OK 05499",West Josephton,North Dakota,69466
199,"7778 Diaz Pass Apt. 846
Lake Richardview, FL 95041",East Samantha,Florida,40551
200,"8111 Stacy Dale
Kristimouth, SD 91889",South Meghan,Louisiana,31117
201,"46403 Jennifer Shoal
Johnborough, ME 18431",Contrerasview,North Carolina,66825
202,"209 Regina Streets Apt. 806
New Stevenberg, MI 80152",Alecview,Rhode Island,67197
203,"076 Woods Harbor Suite 115
Lake Jenna, NJ 54456",Christensenview,Illinois,26938
204,"53593 Tyler Isle
New John, AK 31117",Elizabethview,Massachusetts,95067
205,"5194 Joseph Orchard
Holdertown, GU 90911",Port Michelleberg,North Carolina,08096
206,"530 Turner Shoal
Rodriguezport, AZ 85899",East Blake,Ohio,39603
207,"4513 Kennedy Ville
Yolandaville, NM 19266",Donton,South Carolina,75666
208,"9964 Powers Rapids
Nolanchester, CT 65831",West Patricia,New York,18257
209,"Unit 7211 Box 5397
DPO AE 81043",Henryport,Texas,64471
210,"35420 Michelle Lake Apt. 760
North Carolland, DC 30461",Lestertown,Utah,59724
211,"Unit 0676 Box 6756
DPO AP 25837",Wallaceburgh,Vermont,91008
212,"20710 Hays Spring
Port Elizabeth, WI 13230",New Colinville,Delaware,63364
213,"Unit 9542 Box 5035
DPO AE 77101",Amytown,Utah,14905
214,"USS Ramsey
FPO AA 90218",Bakerhaven,Tennessee,20188
215,"302 Jesus Bridge Apt. 721
South Marytown, NH 69490",Wheelertown,Idaho,83434
216,"229 Schmidt Village Suite 459
Christinestad, DC 99698",West Biancabury,Nevada,25305
217,"095 Miller Creek
South Adrianland, RI 71259",North Williamview,Connecticut,51731
218,"PSC 1396, Box 0204
APO AP 04529",Port Melissamouth,Indiana,46541
219,"306 Macdonald Forest
Bobbyfort, PA 05893",Amandashire,Colorado,78938
220,"1726 Beverly Branch
Christyland, GU 49139",North Jeffreyport,Washington,20057
221,"3853 Summer Underpass Apt. 466
South William, MA 15360",Lake Tony,New Hampshire,35027
222,"2047 James Fort
West Brandonmouth, NJ 72112",Michaelshire,Missouri,26372
223,"076 Ryan Wall Apt. 326
Smithside, MD 08707",Port Laura,Arizona,10343
224,"PSC 9529, Box 4821
APO AE 58479",Mcclureton,North Dakota,64495
225,"629 Smith Turnpike Suite 736
Morrisbury, VT 67510",Reidberg,Idaho,70431
226,"51069 Duran Spring Apt. 635
North Carriemouth, KY 82404",Lindamouth,Georgia,46657
227,"101 Stewart Route
Charlesport, WV 03192",West Carolineberg,Louisiana,15461
228,"71826 Jenkins Manors Apt. 208
Smithfurt, DC 43609",West Michael,Wyoming,96627
229,"22515 Ashley Parkways Suite 344
East Jacob, GU 33651",Lauriemouth,Alaska,30364
230,"38314 Gonzalez Parkway
Port Taylorchester, TN 19912",Whiteville,Louisiana,76844
231,"Unit 1382 Box 1356
DPO AA 40445",Vegahaven,Oregon,81903
232,"98299 Paul Islands
Lake Edgarview, MH 77664",Lake Hayley,Louisiana,42433
233,"49965 Cynthia Spur
Susanstad, ME 41376",South Michael,Oklahoma,77455
234,"16892 Solis Mountains Suite 712
East Haleyport, KS 25543",Simsfurt,North Dakota,43578
235,"0098 Sean Points
Jonburgh, NE 05534",North Rickyhaven,Utah,81104
236,"3311 Matthews Grove
East Maryborough, GA 38418",South Kevin,Washington,52710
237,"0179 Patricia Groves
Port Paul, NM 41981",North Antoniomouth,Kansas,62845
238,"773 Kathryn Skyway Apt. 743
Kelseyfurt, PA 01307",Lake Tiffany,Minnesota,67941
239,"91838 Bryan Mountains Apt. 961
New Taylorfort, NC 99141",Macdonaldborough,North Dakota,62592
240,"42966 Bennett Terrace
West Jameschester, MP 85353",West Heather,Delaware,72154
241,"1039 Kim Club Suite 488
Lake Theodoremouth, MH 54891",Martinview,Florida,01973
242,"Unit 0935 Box 0456
DPO AE 08567",Hatfieldfort,Massachusetts,06004
243,"388 Caitlyn Greens
Lake Melanie, AK 32569",Dunlapstad,South Carolina,32115
244,"USS Cox
FPO AA 73632",Bradychester,Utah,79150
245,"216 Kayla Ports Apt. 656
New Tiffanyfort, PR 01311",Mooreside,Vermont,14569
246,"0511 Daniel Green Apt. 926
Bellfurt, CT 43264",South Lori,Minnesota,23864
247,"36858 Sharon Turnpike
Port Williammouth, MA 61004",South Meaganchester,Arkansas,38654
248,"695 Alvarado Junctions
Millstown, GU 92490",Nicolemouth,Michigan,07814
249,"00929 Foster Port
New Rachelstad, VI 97242",Brianahaven,Massachusetts,25973
250,"55555 White Center Apt. 504
Martinborough, VI 60805",Christopherport,Rhode Island,94993
251,"4437 Gomez Knolls
Strongchester, VT 51593",South Deborah,Illinois,90971
252,"26328 Page Station Suite 588
Robertsland, NH 64005",South Jillian,Nevada,28903
253,"2247 Eric Fords
Alvintown, WY 45009",Rebeccahaven,Connecticut,37999
254,"26731 Rhonda Viaduct Apt. 807
Bryanttown, NV 04096",Kingville,Nebraska,99165
255,"73760 Douglas Path Apt. 575
Jasonmouth, FM 65585",Stephanieberg,Nevada,25519
256,"58463 Rush Hills
Ernestview, AR 97568",Franciscoland,Nevada,96987
257,"07789 Fitzpatrick Loop
New Ianside, FL 36420",New Kerrymouth,Oklahoma,71574
258,"01194 Farley Centers
West Susanmouth, PA 25473",Annview,Kansas,64988
259,"85231 Lisa Prairie
South Cindytown, TX 51263",East Williamburgh,New Jersey,92719
260,"26381 Eaton Throughway
Lake Sandra, CT 07368",Davidview,North Carolina,99368
261,"3790 Becker Villages Suite 421
East Aaron, MD 21722",Mcconnellville,Nebraska,11543
262,"1036 Warner Tunnel
Jenniferland, NJ 04766",Chasehaven,Colorado,70070
263,"91582 Garcia Coves Suite 547
Riverashire, MH 69161",Hartchester,Illinois,44144
264,"096 Franklin Pass Apt. 084
Moorefort, NV 11476",Fordshire,Arizona,01892
265,"486 Kerry Skyway
Lake Danielstad, MP 53285",Scottview,South Dakota,50350
266,"3513 Regina Shore
New Sabrina, TX 59706",Walkermouth,New Jersey,99210
267,"PSC 4592, Box 6952
APO AA 15912",Hernandezchester,Hawaii,08125
268,"13000 Lauren Square
Port Donnaton, MA 81327",East Amy,New Jersey,01076
269,"7317 Adams Canyon Suite 863
South Kimberlyland, RI 72646",East Shannonchester,South Dakota,83782
270,"34594 Swanson Extensions
West Alyssa, VT 21346",Tylerland,Arkansas,12672
271,"5394 Robin Crescent
South Melissaville, ID 18416",Jamesstad,Delaware,38703
272,"38023 Carroll Gardens
Lake David, NJ 85668",Port Edwardburgh,New Jersey,32339
273,"44463 Williams Light Apt. 519
Port Amy, NV 07571",Ryanbury,Montana,68548
274,"61864 Walter Islands
Rebeccastad, SD 32222",Lake Charlotteburgh,Pennsylvania,30999
275,"06066 Brown Overpass Apt. 467
New Johnborough, MS 70642",East Tonyafurt,Maryland,34094
276,"645 Janet Parkway Apt. 099
East David, FM 97129",Hernandezchester,Louisiana,04232
277,"377 Sanders Mission Apt. 701
West Jodiport, UT 01485",South Ruthmouth,Connecticut,73652
278,"262 Barbara Junctions Apt. 054
Murrayhaven, SD 87863",Nicholaston,Nebraska,29075
279,"2476 Thomas Crescent
North Omarside, NC 78313",Hubbardborough,Massachusetts,62519
280,"53744 Evans Mission Apt. 038
Bethberg, HI 06596",Port Melissa,Iowa,13519
281,"957 Harrison Summit
Carltown, NM 45277",Stephaniebury,Illinois,51200
282,"1374 Brewer Light Apt. 147
West Richard, WA 71699",Port Davidton,Ohio,66675
283,"7344 Andrew Bypass
Jaimeberg, VI 06698",Chambersport,North Dakota,15807
284,"4398 Jeremiah Highway
Jessicaton, FL 27834",New Catherine,Oklahoma,37678
285,"89807 Emily Mews Suite 111
Robertfurt, TX 14908",West Maria,Utah,04571
286,"Unit 3810 Box 7793
DPO AP 38082",Jonesview,Ohio,63242
287,"86176 Catherine Throughway Apt. 552
Edwardsside, UT 33590",West Travis,Colorado,81886
288,"94884 Kimberly Rapid
New Dawnview, MS 80297",Monicachester,Rhode Island,09842
289,"1573 Ortiz Ports Apt. 480
South Sandyfort, NY 89247",Paulbury,Pennsylvania,24462
290,"4801 Baldwin Mountain
Larsonbury, OR 46601",Leeberg,Arkansas,43360
291,"5396 Brandon Lake
South Jennaview, ME 84368",West Zacharyfurt,Washington,87353
292,"95521 William Vista
South Ryanstad, AZ 25016",Marilynfurt,South Dakota,39311
293,"506 Holden Court
Tannerchester, MD 06839",Joeport,Colorado,65787
294,"619 Janice Circles
Browntown, OK 11174",Justinside,North Dakota,51242
295,"03375 Jamie Stream
Victoriastad, RI 05259",Lake Patricia,Montana,49652
296,"6940 Robert Keys Apt. 714
East Stephen, VI 57153",Anthonyburgh,North Dakota,64130
297,"3817 Eric Haven
North Sethside, TN 73575",Lake Monica,South Carolina,99746
298,"0306 Odonnell Unions
Lake Jason, WV 97465",West Seanberg,South Carolina,47354
299,"88237 Smith Roads
Staceyland, PA 47245",South Sara,Massachusetts,61200
300,"83647 Christina View
South Brandonberg, PA 30360",Brianmouth,Wisconsin,74374
301,"807 Kim Ports Suite 097
Jeffreyfort, TN 49954",Yangview,Maine,90025
302,"5631 Michael Turnpike Suite 191
East James, SC 18800",Downsport,Nevada,01491
303,"691 Reeves Mills
East Morganton, PR 37060",East Wendyhaven,Colorado,76375
304,"7725 Antonio Shoal
Lake Staceyland, MN 46866",Roberttown,Montana,51324
305,"535 Zachary Spur Suite 549
East Ronald, OR 72904",North Jim,Indiana,67295
306,"Unit 5911 Box 0466
DPO AE 11663",New Crystalstad,Wisconsin,80816
307,"88683 Lisa Islands Apt. 105
Lake Charlesmouth, OR 41513",West Maryview,Wisconsin,33717
308,"338 Cook Mission Suite 499
Wellsborough, VT 17318",North Justin,Mississippi,87501
309,"1923 Tracy Prairie
Patrickbury, WI 55338",Amandaborough,South Carolina,13884
310,"20968 Pope Mall
Sloanview, AR 17904",Duffyside,Nevada,24739
311,"438 Lopez Haven Apt. 706
West Amy, AS 95319",East Angela,Louisiana,40966
312,"Unit 3274 Box 9592
DPO AE 63801",South Breannaburgh,Missouri,60389
313,"5837 Harvey Pike Apt. 870
Robertchester, MN 35188",Joefort,Arizona,20180
314,"6038 Fox Street
Crystalchester, AR 06023",East Tylerborough,Idaho,56659
315,"242 Brown Freeway
South Jordan, OR 39355",East Saraberg,Nebraska,82165
316,"5680 Renee Mountains Apt. 501
Port Patrick, NE 16301",Port Amandahaven,West Virginia,75051
317,"233 Howard Plain
Lake David, FL 29860",Salinasshire,North Dakota,57637
318,"184 John Mountains Apt. 685
Dunnhaven, IL 23876",Hawkinsview,Louisiana,14171
319,"2298 Thomas Squares Suite 950
Anthonymouth, SC 21950",Bakerville,New Jersey,43526
320,"43404 Kristopher Lights Suite 399
West Heidi, VI 46227",Lake Sandrashire,Arkansas,37071
321,"7699 King Underpass
Allenmouth, GA 12496",Lake Michael,Vermont,19661
322,"419 Mitchell Fort Apt. 431
Heidiborough, KY 06291",Sarabury,Washington,92188
323,"7454 Paul Rapids Suite 562
East Kristyfurt, VA 37661",West Danielfurt,South Carolina,70750
324,"33772 Anthony Villages Apt. 224
Andersonberg, ND 16207",Churchstad,Ohio,90597
325,"492 Jones Isle Suite 330
Josephfurt, FL 74632",Allisonfurt,West Virginia,53926
326,"194 Cummings Locks
Amberburgh, VT 25364",Lake Tyler,North Dakota,38548
327,"69912 Allison Plaza
Port Stephanie, VI 71697",Johnshire,Maryland,06434
328,"60231 Hill Roads Suite 809
Rickyborough, PR 22796",Pearsonmouth,Iowa,45722
329,"32497 Weber Lodge
Coxview, VI 29030",Martinezburgh,Connecticut,98403
330,"08631 Morales Corner
Markville, VT 19063",Charlesmouth,Indiana,74858
331,"8532 James Lodge
Randyfurt, LA 05171",South Jonathanshire,Nevada,50772
332,"33600 Shirley Rest
Sandraberg, ID 53196",West Jamietown,South Dakota,88039
333,"020 Brandon Knoll Suite 120
Arthurbury, AK 98892",Port Nicholas,Alabama,77308
334,"8786 Miranda Cliffs Apt. 295
Stokesfurt, ND 53046",West Sandrastad,Louisiana,91569
335,"1201 Stone Freeway Apt. 039
South Phyllis, MH 43859",Perkinsstad,South Dakota,95919
336,"8222 Bean Curve
Troyport, OR 17612",New Lorraine,Nevada,48646
337,"724 Fitzgerald Parkways
Danielchester, PA 99933",Hansonland,Ohio,48070
338,"020 Mitchell Plains
Hallton, MP 33403",Port Charlesfurt,Utah,80576
339,"395 Lynch Harbors
West Corey, ID 05250",Lake Michelle,Alaska,47583
340,"PSC 6298, Box 3787
APO AP 98526",East Kathryn,California,21597
341,"545 Rebecca Brook
Lake Kellystad, TN 81131",Dawnville,New York,43543
342,"6537 Christina Course Apt. 162
Wilkersonhaven, IA 93543",East Thomas,Hawaii,29234
343,"8037 Jeffery Stravenue
New Brett, MP 89161",West Brandonberg,Wisconsin,89816
344,"048 Katherine Court
Brownchester, IN 98354",Port Craig,Virginia,91245
345,"4616 Gray Ramp Apt. 562
Foleychester, MO 09821",Curryborough,Arizona,43276
346,"126 Gaines Tunnel Apt. 952
North Brenttown, PR 78727",Fisherville,California,63461
347,"USNV Wilson
FPO AA 37747",North Robert,Wisconsin,19917
348,"734 Warner Lodge Suite 387
Jessicastad, AL 62128",Henrytown,Connecticut,67481
349,"744 Garrett Inlet
North Michael, NC 89901",Aliciahaven,New Hampshire,32421
350,"00383 Pierce Expressway
South Elizabethhaven, AK 45374",North Johnfort,Wisconsin,10545
351,"65999 Heather Manor
East Davidberg, WY 29825",Johnbury,New Jersey,57418
352,"164 Suzanne Gateway
Sarahville, KY 91459",North Williamstad,North Dakota,79436
353,"20545 Charles Port
North Kristenberg, GU 58769",East Jessica,Nevada,57240
354,"PSC 0796, Box 4914
APO AP 89026",Russellchester,Alabama,09757
355,"8128 Nathaniel Hollow Suite 094
East Sean, NC 81784",Nguyenmouth,Missouri,75562
356,"29885 Roberts Springs
West Timothystad, AZ 67689",West Richardchester,South Dakota,87290
357,"279 Alexandra Squares
South Davidmouth, NM 92796",Edgarborough,Iowa,83899
358,"638 Buck Manor Suite 172
Jonesmouth, ME 21274",Lake Kathyborough,Rhode Island,24101
359,"8914 Andrew Extensions
Millerburgh, AL 39576",Port Rachelbury,Kansas,74368
360,"2733 Hopkins Drives
East Ashleyfurt, TN 93813",North Desiree,Montana,43858
361,"7598 Ellis Divide Suite 490
New Paulton, ID 98759",Andreaside,Rhode Island,68025
362,"3257 Perry Square Apt. 463
Alvarezland, TN 86854",Jamesview,New Jersey,83556
363,"1521 Steven Port Apt. 755
South Sarahaven, KY 15659",Troymouth,Illinois,41882
364,"963 Henderson Spring
Rebeccatown, AS 19710",Seanfurt,Oklahoma,90542
365,"6297 Elaine View
New Amy, VA 73762",East Monica,Oklahoma,21853
366,"89370 Sanchez Park
Calderonmouth, TN 40704",Oscarberg,Colorado,87322
367,"652 Garner Light Suite 187
Williamsonfurt, NV 06651",South Emilyhaven,Hawaii,87237
368,"374 Philip Knolls
West Nicholas, NV 83691",New Nancy,Delaware,59193
369,"827 Lopez Mall Suite 363
Clarkside, IA 45460",Rebeccastad,Alaska,09115
370,"452 John Stream Suite 577
Crystalborough, VI 93986",Beltranchester,Massachusetts,66852
371,"5690 Robin Valleys Suite 571
Lake Nicoleland, KS 63522",New Conniehaven,Maine,02779
372,"74487 Christopher Fields Apt. 800
Bryanburgh, AR 49903",Pearsonchester,California,37576
373,"2218 Horton Port
West Matthew, HI 97909",Zunigaville,Nebraska,90639
374,"51879 Weaver Burgs
North Thomas, OK 88367",Danielshire,Utah,65644
375,"PSC 5578, Box 3744
APO AP 75282",Douglasfurt,Arkansas,74171
376,"89248 Morales Grove
North Nicole, ND 91308",Shawport,Tennessee,71084
377,"35784 Prince Pike Apt. 329
Lake Todd, NJ 42111",New Ashleyfurt,Idaho,99443
378,"0146 Ford Harbor
New Gary, MT 31392",Jenniferborough,Arkansas,90119
379,"847 Frazier Stravenue
Kathleenmouth, MP 60470",West Parkertown,Utah,62451
380,"531 Robert Flat
Robertmouth, MA 01317",Port Wendyfort,Alaska,35554
381,"4744 Gonzalez Plain Apt. 102
Port Tylerchester, NE 41391",Lake David,Kansas,91809
382,"573 Reed Stravenue Apt. 844
New Brendan, CT 93654",Port Lisaton,Georgia,58648
383,"31061 Anne Drive Apt. 819
Kellyfurt, VI 34352",Brownton,Iowa,36719
384,"02037 Weaver Estate Apt. 166
Kimberlyborough, FM 90906",North Tiffanymouth,Ohio,62487
385,"47061 Smith Roads
New Douglas, IA 20514",Watsonton,Idaho,58643
386,"77160 Shannon Manor Suite 892
West Clifford, PW 03755",West Jose,Nevada,07336
387,"37953 Michelle Curve
South Christina, FM 24995",Port Markmouth,Kentucky,78009
388,"USNS Duran
FPO AA 72844",Alexanderview,Michigan,35477
389,"1103 Cruz Spur
Frankchester, AZ 84517",Berryside,Michigan,59803
390,"698 Murray Curve
Meyerfort, GU 34313",Victoriaburgh,Nebraska,15541
391,"599 James Ports Apt. 401
Stacymouth, NM 15112",Davidshire,Vermont,44348
392,"19814 Mark Ridge Suite 410
South Davidchester, MO 76464",Victorhaven,Mississippi,71110
393,"3156 Jennifer Ridges
Hawkinstown, MI 54757",East Williammouth,Tennessee,02989
394,"USCGC Garcia
FPO AE 42491",Lake Sierra,Alaska,08618
395,"5548 Johnson Groves
East Jasmineside, PA 93004",Allenstad,Delaware,82459
396,"68276 Joseph Wall
Kevinberg, GA 87739",Lake Robertside,Texas,57786
397,"Unit 7971 Box 3966
DPO AE 32357",West Maria,Massachusetts,78687
398,"390 Perez Brooks Apt. 079
Troyton, WY 29324",Nicoleside,New Jersey,42551
399,"8981 Grant Turnpike Suite 267
Port Denniston, MS 81554",North Michael,Utah,63679
400,"74745 Anthony Avenue
West Andrea, KS 91923",Ashleychester,Massachusetts,49923
401,"4578 Renee Mission
New Jamiebury, VT 15767",Port Michaelborough,Kansas,11764
402,"20396 Gillespie Centers
Lyonsmouth, AL 65416",Port Barbara,Arizona,36732
403,"929 William Underpass
New Linda, GU 26575",Lake Luis,Florida,84449
404,"678 Robert Run
Joshualand, KY 34687",Hernandezburgh,Nevada,37676
405,"60741 Tammy Centers Apt. 969
New Ryanbury, IA 26199",Kristinaside,Hawaii,28928
406,"17652 Vega Walk
Johnsonborough, WI 16846",Lake John,Idaho,33114
407,"48019 Mark Motorway
South Joel, NY 71061",North John,Indiana,16264
408,"630 Reginald Corners Apt. 822
Joshuamouth, WV 83152",Spencerside,Colorado,92151
409,"84796 Peterson Union
Richardside, SC 35544",Kennedyburgh,California,01914
410,"2749 Singleton Dam Apt. 276
Suechester, WA 97443",Taylormouth,Minnesota,71366
411,"949 Antonio Mountains
New Eric, WV 07290",Hardyland,North Carolina,03901
412,"7217 Fleming Track
Schultzbury, LA 45729",East Pamela,California,72028
413,"9929 Carlos Greens
Christinebury, DE 92924",Rebeccaborough,Iowa,10173
414,"543 Garrett Island Apt. 477
East Emily, PR 08040",Port Justinchester,New Mexico,95513
415,"6565 Antonio Crescent
Johnside, HI 45763",Edwardmouth,Georgia,29460
416,"0003 Derek Land
Nelsonburgh, NY 45116",Hallfurt,Rhode Island,42275
417,"9868 Holmes Landing Suite 439
South Jaredmouth, UT 53202",New Cassandra,Louisiana,54825
418,"PSC 1009, Box 2954
APO AE 66567",Carlville,Hawaii,38920
419,"7707 Tina Walks
South Brian, PW 04606",Bettybury,Washington,92392
420,"9698 Deborah Greens
Lake Breanna, WV 57149",Lake William,New York,12473
421,"74532 Black Crest
Rosechester, CA 67854",Alexland,Wyoming,17355
422,"405 Ramirez Squares
Moranshire, PR 87587",Colestad,Alabama,53494
423,"Unit 4987 Box 7760
DPO AE 55267",North Olivia,Louisiana,60939
424,"652 Warner Corner
West Rachel, MH 59428",Lake Jill,Utah,95669
425,"Unit 1165 Box 6716
DPO AE 69982",Jasminefurt,Illinois,05436
426,"90849 Compton Terrace Suite 462
West Erikberg, RI 58458",Port Marcus,Rhode Island,82275
427,"524 Andrew Isle Apt. 929
Jenniferfurt, VT 49461",East Markbury,Utah,97955
428,"3118 Linda Brooks Suite 949
Mendozaview, DE 85756",North Robert,South Carolina,77427
429,"137 Adam Burgs
Petermouth, MN 36548",Kennethfurt,Alaska,97359
430,"15275 Eric Crossroad
Port Robertborough, FL 70087",Lake Joshua,Arkansas,26952
431,"9517 Steven Stream
Cookland, NE 32454",Lake Brian,Michigan,14336
432,"5081 Green Pass Suite 587
East Andrew, SC 69888",East Danielborough,Minnesota,67483
433,"37171 Morales Path Suite 736
Port Tammyshire, VA 37619",Veronicaberg,Idaho,68399
434,"51262 Darrell Skyway
North Debramouth, NH 44449",Anitafurt,Texas,98055
435,"4563 Davis Terrace
New Teresafort, PW 09410",Port Stephanie,Ohio,93180
436,"7759 Stephanie Glens
Jacobstad, OR 18706",Malloryport,Tennessee,25570
437,"86081 Steven Point Suite 633
Mendozaborough, GU 22293",Leonardton,New Mexico,34786
438,"8018 Virginia Wall Apt. 190
Laurenton, CO 20447",Shepardtown,Indiana,22039
439,"PSC 9330, Box 7674
APO AE 65300",Paulbury,Delaware,48452
440,"73622 Garrett Landing
New Paul, CO 71377",Marcusfurt,Oregon,72991
441,"02198 Carlos Pines
West James, NH 20133",Nathanport,Missouri,34740
442,"40657 Love Road
Martinberg, OK 02054",New Laurashire,North Dakota,05297
443,"0276 Peter Track
Davisburgh, KS 34394",Port Jamestown,Vermont,53920
444,"70200 Kayla Inlet
Christopherberg, AS 06478",Ramirezton,Arkansas,45355
445,"3764 Eric Route
East Jimmystad, MP 92113",Webbburgh,Nebraska,61663
446,"6005 Kelly Mount
New Brenda, OR 79217",West Devinfurt,New Mexico,97010
447,"86765 Cox Via
Nicolechester, DE 47081",Joneston,Idaho,55671
448,"USCGC Gutierrez
FPO AE 16791",Dorothymouth,Connecticut,11715
449,"5860 Smith Spring
Randallhaven, WV 60223",Danielland,Maine,50659
450,"801 King Mount
Jessicachester, SD 34682",South Jason,Florida,25359
451,"73959 Alexis Mountain Suite 454
Chambersfort, MN 14111",East Heather,Vermont,26912
452,"6468 Rojas Throughway
Morrisborough, PA 46464",East Connor,Alaska,01902
453,"724 Davis Square
West Zacharychester, MH 58892",New Richard,Idaho,54266
454,"061 Breanna Forest
Gomezstad, AL 95209",South Jennifermouth,New Jersey,74063
455,"514 Johnson Shoals
Patriciahaven, OR 75810",South Chris,Alabama,90217
456,"0902 Christopher Gateway Suite 497
Gregoryfurt, LA 44970",Adamschester,Idaho,65697
457,"510 Megan Mountain
South Seanburgh, GU 04008",Lake Karenbury,South Dakota,30176
458,"1086 Travis Road Apt. 084
Christineborough, MI 04235",Danielfurt,Connecticut,21407
459,"86335 James Vista
Gilbertchester, ID 89127",Ashleyshire,Texas,54171
460,"18072 Vargas Spur Apt. 584
New Josephfurt, AS 36542",Reedland,South Dakota,83743
461,"2072 Lucas Tunnel Suite 827
South Amystad, WY 18043",North Justinchester,Oregon,04946
462,"147 Paul Curve Apt. 680
Ericbury, IL 46365",Schwartzton,Wyoming,24079
463,"87612 Mack Terrace Suite 913
Port Michaelton, AL 24492",Huntfort,Maine,30500
464,"623 Adam Skyway
South Maryhaven, PW 76827",Spencemouth,Oregon,96462
465,"86432 Erika Lodge Apt. 385
Walterport, OH 37330",North Luismouth,Alabama,22151
466,"Unit 6922 Box 4963
DPO AP 16482",New Joannehaven,Louisiana,48552
467,"5495 Cody Stravenue
North John, DC 84496",Montgomeryberg,Tennessee,70499
468,"Unit 4249 Box 5389
DPO AE 67906",Allisontown,Connecticut,15223
469,"4853 Roberts Course
Kimberlymouth, PW 73312",South Melissachester,Maryland,77613
470,"378 Monica Points
Jasonport, IA 87950",North Randymouth,Iowa,92685
471,"176 Ramos Fields Suite 849
New Kimberly, MP 92024",Ellisville,Colorado,64907
472,"90439 David Cliff
West Catherinemouth, SC 91760",West Scott,North Carolina,61778
473,"4056 Lisa Mills
Jessicabury, IL 19444",Ortizland,Hawaii,20387
474,"5518 Bobby Square Suite 267
Sandraville, RI 13843",North Michelleland,Michigan,09319
475,"7006 Barry Parkways Suite 353
Cantrellville, MP 48062",Joshuahaven,Kentucky,48222
476,"21393 Jasmine Terrace
North Stacey, OH 41164",Staceyfurt,New York,72574
477,"969 Hernandez Court
Olsentown, MO 29125",Port Jerry,New York,12026
478,"457 Porter Island Apt. 565
Brandtmouth, UT 55969",Courtneyport,Arizona,81719
479,"583 Jennifer Trail Suite 261
Wadeberg, CO 16188",Colemanfurt,Massachusetts,83530
480,"8068 Weaver Shores
Jenniferside, MD 74826",New Kellyhaven,North Dakota,76824
481,"672 Reyes Meadow
East Tracy, OR 06241",Lake Davidmouth,Georgia,76718
482,"Unit 1272 Box 3727
DPO AP 66083",Ryanmouth,Arizona,44585
483,"USCGC Martin
FPO AE 88086",Chandlerton,Pennsylvania,67532
484,"178 Rachel Neck Suite 192
Port Robertberg, HI 68934",Alexandrabury,South Dakota,62003
485,"309 Gutierrez Wells
Brittanyview, WY 31609",Bonillafort,North Dakota,99265
486,"693 Mary Station
Kiaraton, WY 98667",Kellitown,Minnesota,71826
487,"USS Phelps
FPO AA 84497",Bradleyville,Connecticut,13667
488,"571 Anthony Camp
Russellton, UT 22546",Kellyburgh,Mississippi,46403
489,"72217 Kelly Street Apt. 007
Shaneborough, MD 97156",Coleborough,Indiana,56107
490,"68567 Brian Union Suite 694
Lake Derekhaven, MN 16173",New Barry,New Hampshire,56560
491,"445 Watts Road
Suarezborough, KS 98002",North Samantha,Louisiana,81203
492,"21363 Long Motorway
Mckenziefurt, IA 80505",Marciabury,Indiana,10002
493,"099 Evans Ways
Annfort, PR 96193",North Alexandria,Indiana,90844
494,"36852 Robert Ranch Apt. 101
Kathrynfurt, TX 15894",Pearsonfort,California,76168
495,"359 Michael Keys Suite 968
Angelicafurt, NH 81035",Josephtown,Arkansas,69003
496,"6253 Gregory Expressway Apt. 993
Marcustown, MD 96345",Lake Miranda,Delaware,60227
497,"USS Jenkins
FPO AA 00670",South Jeremy,Connecticut,94137
498,"42325 Tyler Center
Kaylaton, AL 83918",South Sherry,Alabama,09370
499,"Unit 6147 Box 1924
DPO AE 16322",Sanchezhaven,North Dakota,35832
500,"20473 Tina Crescent
Smithtown, WY 54969",South Laura,Arkansas,69420
501,"137 Michael Shore Suite 392
West Elizabethview, MA 95489",Johnsontown,Hawaii,30142
502,"094 Alexa Lodge
Sparksfurt, MI 35736",Jimenezberg,Mississippi,98223
503,"16855 Steven Club
Sandrafurt, IL 35654",New Brenda,Minnesota,85816
504,"4900 Amanda Avenue
Eileenside, CT 15132",West Patricia,Arkansas,85472
505,"69073 Eric Ramp
Rodriguezstad, TN 82139",Mendezshire,Maryland,78110
506,"89999 Haley Islands Apt. 295
New Christian, MI 73534",North Ashley,Oregon,10345
507,"244 Jason Forks Suite 075
West Deannaberg, IL 76373",Andrewtown,Wyoming,35228
508,"0920 Kaylee Wall
Jennaview, MN 43595",South Lisa,West Virginia,06833
509,"553 Walker Mountain Apt. 477
North Susan, MT 08029",Ewingchester,Nevada,72529
510,"78937 Cook Terrace
Royport, DC 17380",South Ericburgh,Kentucky,25985
511,"Unit 0747 Box 0810
DPO AP 98578",Sheilamouth,Wisconsin,75304
512,"4554 Richard Bypass Suite 492
Lake John, CO 83357",Kristinamouth,Pennsylvania,97129
513,"42979 William Dam
Kristinborough, NM 73517",East Keithberg,Hawaii,78107
514,"7965 Yolanda Well Apt. 175
Dannyville, PR 94357",Michaelberg,Massachusetts,21962
515,"882 Michael Ville
Lake Ryanhaven, IA 89678",South Ericahaven,Florida,39946
516,"3021 Wolf Courts Suite 291
South Tiffany, ID 44463",North Rhondaview,Michigan,64992
517,"003 Emily Prairie Apt. 935
West Michael, VT 82484",New Julie,Tennessee,71830
518,"59331 Danielle Knoll Suite 457
Port Tiffanystad, RI 12429",Westshire,California,22949
519,"53600 Hannah Fields
New Chadville, VT 45418",Scottborough,South Carolina,23058
520,"4920 Kaitlyn Pines Suite 909
West Adam, GA 66960",New Joseph,Kentucky,60068
521,"77324 Murray Isle Suite 972
Lisamouth, NC 34305",Johnberg,Massachusetts,67775
522,"3685 Trevor Curve
Hartborough, NE 24951",Trujillohaven,South Carolina,54649
523,"PSC 8477, Box 9591
APO AA 69839",South Alyssa,Delaware,16561
524,"6228 Jennifer Squares Suite 992
New Kentmouth, MA 15237",North Adriana,Connecticut,11700
525,"415 Wilson Lock
South Brittanymouth, AL 54262",Baileyside,Arizona,87147
526,"3943 Williams Views
West Tiffanyton, MP 48945",Smithside,Idaho,63837
527,"2599 Kelly Ferry
Smithville, AZ 16216",Dennisshire,New Hampshire,85594
528,"43547 Ruben Ferry Suite 337
South Jennifer, GU 05478",Alexisburgh,Pennsylvania,00740
529,"10431 Walsh Rapids Apt. 974
Adrianside, WY 95449",Smithburgh,Alabama,31279
530,"PSC 0978, Box 8398
APO AP 33204",Harveymouth,Louisiana,90220
531,"474 Christopher Branch
Lake Raymondhaven, AS 99285",West Jeffery,Arkansas,14357
532,"6145 Robinson Estate Apt. 895
West Pamelachester, PA 34707",Robertville,Oklahoma,50705
533,"0703 Jordan Key Suite 341
West John, MS 64725",Jenniferborough,Mississippi,98202
534,"199 Buchanan Mountain
Justintown, HI 07661",Lake Rachael,Colorado,07818
535,"78863 Sara Causeway Suite 980
Angelaton, LA 21192",Lake Traci,North Dakota,10232
536,"6478 Ayers Roads
New Annestad, VT 77770",Lake Frankshire,Nebraska,59245
537,"679 Andrea Burg Apt. 640
West Robinberg, VI 10847",North Susan,Wyoming,82574
538,"71041 Stephanie Circle
Saraside, WY 36233",New Feliciaside,Montana,37196
539,"315 Teresa Harbor
West Matthew, PA 82396",Kennethside,South Carolina,43936
540,"9244 Roberts Fields Apt. 065
Jenkinsberg, KS 16874",Burnshaven,New York,86874
541,"172 Vargas Mills
Benjaminberg, DE 65496",Karenbury,Louisiana,88748
542,"241 Mackenzie Garden Apt. 355
Stanleyville, WI 44269",Lake Christopherstad,Michigan,66805
543,"011 Fields Brooks
West Luis, VI 90760",Lake Christinestad,North Dakota,54013
544,"104 Joseph Tunnel Apt. 819
Austinmouth, RI 99025",Joelside,New Hampshire,03724
545,"898 Anthony Plain
Evanport, IL 60201",East Randyburgh,Massachusetts,40087
546,"36613 Kristie Lane Apt. 577
Woodshire, RI 89181",West Danielmouth,South Carolina,87781
547,"0477 Horne Plains Suite 988
Latashaside, FM 27416",Port Debraport,Arizona,22871
548,"336 Odonnell Fords
North Samanthahaven, AZ 28410",South Matthew,Montana,65689
549,"153 Erin Manors Suite 853
Porterstad, WY 44632",Lake Rickeyfurt,California,19575
550,"8854 Mark Circles
Dawnfurt, GA 18747",Reedbury,Massachusetts,73860
551,"361 Mark Divide Apt. 834
North Tasha, OK 82389",South Paulfort,Kentucky,49897
552,"36057 Natalie Ferry Apt. 300
Timothyfurt, VI 89269",West Zachary,Utah,85688
553,"006 Hill Estate Apt. 945
North Joshua, RI 30618",Brittanyport,Connecticut,01215
554,"97123 Church Tunnel Apt. 734
Walkerhaven, VI 12448",Manningberg,Utah,32110
555,"1504 Andrew Gardens
North Richardmouth, KS 66196",East Katherinebury,Arizona,48012
556,"4527 Denise Hill
Shawnberg, VT 99211",Jenniferchester,Kentucky,54695
557,"499 Wilson Row
South Yolandaville, UT 39296",South Kyle,Ohio,09489
558,"56976 Jason Gardens
Port Bradfort, MN 48905",Hartfort,North Dakota,46355
559,"868 Allen Ways
Nancytown, VT 31772",Antonioside,Texas,91970
560,"90581 Knapp Camp Suite 272
Fischerton, KS 94306",Douglasbury,Iowa,59557
561,"PSC 0517, Box 8134
APO AE 41690",North Stephenton,Georgia,44968
562,"564 Soto Gateway
Donnaburgh, AZ 18600",South Charles,New York,60856
563,"09313 Clark Mission
Maldonadofurt, SD 47738",Duarteshire,Maine,41524
564,"0482 Bender Trafficway
Frederickview, TX 17742",Lake Justintown,Virginia,09775
565,"526 Jennifer Forge
South Jenniferside, VI 79146",West John,Oklahoma,79026
566,"1544 Martinez View Apt. 588
New Loristad, AL 59377",North Davidshire,Hawaii,81122
567,"643 Roy Walk Suite 122
Castilloberg, ND 81629",West Lynnport,South Carolina,48141
568,"30108 Wheeler Spring
West Andrea, MO 14531",West Cassie,Kentucky,76221
569,"USS Marsh
FPO AA 11610",New William,Missouri,31042
570,"57159 Morgan Squares
Baileyport, DC 50672",Aaronhaven,Virginia,74312
571,"687 Thomas Port Apt. 702
Brownborough, KS 59254",Lake Zachary,Oklahoma,80127
572,"23686 Melinda Crest
North Jessicaton, AL 68686",Dianefurt,Georgia,65092
573,"0769 Andersen Knoll
New Paula, TN 16808",Matthewburgh,Montana,57937
574,"PSC 8254, Box 2245
APO AP 10909",Shawstad,New Mexico,33091
575,"6505 Ibarra Plains
Martinport, RI 56240",Lake Valeriefurt,North Carolina,46291
576,"0746 Martinez Path
East Michael, CT 93077",New Lindsey,Delaware,55831
577,"852 Jones Avenue Suite 907
Josestad, SD 37536",West Kelseyburgh,New York,34820
578,"Unit 0290 Box 9864
DPO AA 82565",North Nicole,Arkansas,78309
579,"USNV Fitzgerald
FPO AA 95357",Lake Sherribury,New Jersey,49743
580,"47369 Jensen Stravenue
Suarezberg, SD 30074",Lake Tanyaton,Ohio,71940
581,"PSC 7526, Box 4535
APO AA 26064",Seantown,Kentucky,87906
582,"69790 Lewis Manors Suite 907
New Sarahberg, VA 36814",Collinstown,Hawaii,94567
583,"400 Julie Tunnel
Chavezbury, AK 85557",Cunninghamfort,Wyoming,05066
584,"8944 Elizabeth Mews
New Juanburgh, CT 24713",West Markhaven,Mississippi,65039
585,"6345 Joshua Park
West Loganhaven, TX 38607",Ryanstad,Wisconsin,08330
586,"0975 Peterson Corner
Cooktown, UT 76221",Garciaburgh,Maryland,69819
587,"360 Wilson Rue Apt. 396
Port Frank, OR 55898",Port John,Kentucky,71133
588,"8570 April Village Suite 631
South Dawn, CT 28206",Caitlinfurt,Arizona,10006
589,"201 Murphy Highway Suite 282
East Brandonstad, PW 84134",Lake Richardborough,North Dakota,83812
590,"09073 Miller Harbor
Martintown, KY 55567",Taylorchester,Delaware,01010
591,"15995 Colton Light
Lake Frances, AZ 95363",Lynchbury,California,41236
592,"Unit 4467 Box 8199
DPO AE 87050",Beckertown,Virginia,94424
593,"88665 Blake Plains Suite 223
Hughesshire, PR 29059",Stacytown,Arkansas,57499
594,"661 Friedman Green Suite 139
East Chelseamouth, DE 97620",New Anthonyborough,Florida,34392
595,"USS Gardner
FPO AP 85803",Lake Michael,Connecticut,06687
596,"759 Garcia Villages
Port Jonfurt, AL 66566",Jamesfort,Kansas,85136
597,"4236 Alexandria Road Suite 513
South Beth, DC 86371",Katelynberg,Nevada,95869
598,"88348 Williams Square Suite 313
Hayesfort, MI 41209",West Richard,Arizona,88933
599,"097 Ashley Roads
Gentryport, VI 68000",Chelseaside,Kentucky,14817
600,"93775 Braun Orchard Suite 277
Lake Eric, IA 26205",Rodgersstad,Kansas,88135
601,"857 Connor Isle
Katrinamouth, SC 71651",North Charlesborough,Oklahoma,20611
602,"934 Santana Fork Apt. 118
Greeneport, NC 01471",West Vanessa,Kansas,59012
603,"19300 Jones Heights
Landryville, IN 61777",Port Anthony,Maine,22112
604,"8998 Jackson Junction Suite 061
West Laura, PA 19318",Phillipsside,Oregon,13996
605,"0311 Lisa Corner
Gouldtown, MO 76989",Powellborough,Oregon,04915
606,"2383 Nash Place Suite 145
Carlosland, LA 60067",North Johnport,Alaska,80559
607,"10559 Cooper Mall Apt. 665
Powellborough, PW 93052",North Rebeccatown,Illinois,83980
608,"07354 Bates Creek Suite 433
Phillipshaven, VA 03784",Timothyview,Minnesota,41829
609,"PSC 1583, Box 1984
APO AE 07351",Martinezberg,New Jersey,79920
610,"7352 Carolyn Circle
Brandichester, UT 55204",South Mark,Georgia,52466
611,"7989 Kimberly Points Apt. 927
Port Matthew, AS 60334",New Amandafort,Kentucky,07449
612,"47311 Lee Plaza
South Mark, NY 36553",Lake David,Arkansas,92578
613,"927 Williams Fork Apt. 825
Suetown, MS 90674",New Robertmouth,South Dakota,43191
614,"254 Price Wells Suite 328
New Debraport, AZ 47437",Port Diana,Kentucky,74061
615,"1206 Whitney Tunnel Suite 931
Mccormickland, MT 24154",Port Clarencetown,Minnesota,77354
616,"USNV Richards
FPO AA 37511",Tonyaton,Minnesota,85408
617,"17678 Vazquez Plains Apt. 787
West Danielport, WY 32093",Lesterton,Maine,02143
618,"7296 King Wall
Fordshire, SD 40063",Port Shirleyburgh,Oklahoma,06708
619,"080 Mata Court
Tylerberg, MP 13100",Haleystad,Washington,76248
620,"198 Lee Stravenue Suite 836
North Brent, IL 03278",Port Shelbytown,Alaska,63350
621,"784 Rita Stravenue
Heidistad, VT 40423",West Brianmouth,Missouri,46534
622,"8464 James Junctions
West Tamara, KY 96429",Simstown,New Jersey,77938
623,"PSC 7754, Box 2153
APO AP 06275",Chrisberg,Oregon,88819
624,"7453 Sherman Grove Apt. 865
Amandafort, MS 97445",East Veronica,Vermont,68813
625,"27410 Thomas Stravenue
Chandlerborough, OK 01054",Lukeville,Nebraska,39900
626,"3392 Mendoza Springs
Port Kathy, TX 82433",Sherryland,Colorado,15342
627,"08409 Stacy Underpass
Nathanshire, NC 22410",West Brianna,Kansas,45720
628,"094 Young Underpass
North Alicia, IN 85916",East Christineton,South Carolina,44227
629,"9966 Andrew Keys
Gabriellemouth, VA 47502",Georgeville,Wisconsin,27215
630,"50441 Brian Heights Apt. 526
North Jacob, MT 55576",New Tammyfurt,New Hampshire,85614
631,"9411 Daniel Rue
East Blakefurt, CT 55119",Dustinfort,Ohio,79803
632,"386 Lori Viaduct Suite 378
Palmertown, KY 25936",Allenberg,Montana,50803
633,"05670 Bray Meadow
West Andrew, MH 87846",New April,Missouri,78608
634,"56324 Hill Parkway
Lake Erikstad, MT 39407",Port Kristen,South Carolina,59030
635,"6341 Nicole Locks
Timothybury, GU 43573",West Catherineton,Oklahoma,78925
636,"83222 Sherry Lights
New Gregorytown, WV 27189",Ruizstad,Virginia,59257
637,"500 White Curve Apt. 493
Melanieview, IA 43542",Justinburgh,North Dakota,34304
638,"USCGC Watts
FPO AE 76114",Crystalhaven,Hawaii,41524
639,"3154 Eric Springs Apt. 328
North Jasonborough, NJ 59805",Lake James,Rhode Island,73641
640,"16985 Sonya Throughway
North Tinaport, NV 49683",Keithberg,Washington,23142
641,"594 William Port
Teresahaven, ND 08204",Matthewton,Georgia,75261
642,"236 Kaylee Highway Suite 271
East Jeffrey, MI 99218",West Michaelshire,Oklahoma,89527
643,"3004 Davis Ramp
Nicholasbury, LA 83386",Jenniferborough,Hawaii,48868
644,"9312 Perkins Locks
South Katelynville, PR 70641",North Deborahstad,Montana,69123
645,"08572 Hernandez Spur
West Jessicafort, PR 35073",East Bridget,South Carolina,95244
646,"23992 Stephen Spurs
Lake Scottmouth, AL 43712",Port Jennifer,Nevada,19020
647,"Unit 2853 Box 3867
DPO AA 21584",Port Eric,Wisconsin,01851
648,"32864 Brown Meadows
Port Danielshire, MH 76031",North Tanner,Arizona,62898
649,"USNS Ballard
FPO AA 17389",East Christophertown,West Virginia,67441
650,"193 Moore Parks Apt. 741
Port Ericabury, VT 97873",Port Brittany,South Carolina,03052
651,"00348 Robert Skyway Apt. 344
Lake Dominicview, MD 33067",New Jamie,Wyoming,80891
652,"488 Moore Mews
East Emily, OK 88283",Scottburgh,California,64309
653,"441 David Light
Lake Anthonyfort, UT 57271",South Austinside,Alaska,89596
654,"68995 Jesus Branch Suite 334
Howardland, NJ 35267",Marytown,Hawaii,78918
655,"66597 Warner Garden Apt. 860
Tiffanyview, TX 90464",South Nicoleburgh,Louisiana,12105
656,"699 Warren Curve Apt. 881
Staffordfurt, MS 77907",South Melaniemouth,Nevada,61984
657,"4017 Cohen Vista Suite 582
Port Michaelstad, NC 67209",Williamsberg,Florida,81122
658,"78731 Madeline Estate
Lake Brianstad, AR 79282",Port Carlos,Nevada,03974
659,"4707 Neal Well Apt. 112
Port Virginia, NJ 84032",Port Maurice,Delaware,71622
660,"0691 Gina Ports Apt. 758
Jefferybury, CT 50331",Kellyview,North Dakota,23277
661,"9601 Richard Place Suite 085
Port Christina, NY 72003",Port Raven,South Carolina,79092
662,"149 Travis Meadows
Port Amandastad, AS 35468",New Matthewstad,California,72729
663,"Unit 7406 Box 0387
DPO AP 48252",South Lisaburgh,Florida,91529
664,"5166 Chase Expressway
Caldwellton, VT 29913",South Brittany,Wyoming,77876
665,"81415 Hughes Manors
North Chad, WY 01285",Andreachester,New Hampshire,13024
666,"4973 Dennis Tunnel
Lynchmouth, IN 06796",Lake Andrew,Arizona,93883
667,"582 Valdez Springs Apt. 747
Lake Kristystad, NM 94567",East Stephanie,Vermont,29004
668,"0441 Nash Wall Apt. 252
North Amber, OR 16477",Port Derekhaven,Missouri,89925
669,"031 Tanya Curve Apt. 593
New Kevinmouth, OR 44178",Reneeland,Illinois,19443
670,"3532 Munoz Ways Suite 326
Smithhaven, NC 02491",New Joseph,North Dakota,53531
671,"339 Cory Burg
Williamsborough, MS 39734",Donaldchester,North Carolina,64899
672,"USS Carter
FPO AE 56763",Mendozastad,Ohio,72252
673,"727 Megan Mission Apt. 657
Hillborough, SD 75768",Faithberg,Washington,16461
674,"836 Andrew Mountain
North Kathryn, HI 10942",South Sean,Iowa,87483
675,"32750 Alvarez Forge
Markfurt, SC 22627",South Anthony,West Virginia,96823
676,"286 Gutierrez Ford Apt. 844
Lake Kimberly, DC 93197",Lake Austin,Maine,27208
677,"752 Ryan Mountains
Lake Danielshire, VA 60086",Brittanyview,Texas,17412
678,"8049 Olson Divide
Lake Johnside, CT 37024",South Bethbury,Hawaii,98528
679,"9071 Gloria Parkways
Clarkshire, NE 18926",North George,Utah,78898
680,"Unit 6695 Box 0262
DPO AP 20375",West Andrew,Montana,22629
681,"899 Randall Port Suite 948
Hoodtown, ME 57298",Arthurtown,Utah,30516
682,"USS Arnold
FPO AP 06261",Andrewborough,Hawaii,73371
683,"292 John Circle
Tranport, KY 95042",East Lisa,Kentucky,79132
684,"009 Melanie Valleys
Delgadoburgh, ME 58120",Port Katie,Indiana,99133
685,"432 Heather Vista Apt. 838
West Richardland, DE 80832",South Ronaldville,New York,45080
686,"97274 Tate Estate Suite 517
Port Katherine, SD 18693",Lake Jacquelineburgh,Kentucky,79463
687,"5629 Evan Rue
Ochoaport, NV 92672",West Alexandra,Louisiana,37174
688,"Unit 8795 Box 2500
DPO AE 22691",Masonburgh,Indiana,62086
689,"24343 Laura Springs
East Miranda, IL 03609",East Jeffreytown,Illinois,05737
690,"PSC 1377, Box 1799
APO AP 96590",Codybury,Tennessee,08873
691,"661 David Walks
Port Teresa, ID 71240",West Monica,Oregon,30408
692,"0508 Mcdonald Path
Sandovaltown, AS 17826",Danielbury,Delaware,49937
693,"75369 Dawn Route
Jamesbury, WI 44904",Hansenchester,Louisiana,90326
694,"470 Cooper Brook Suite 136
North Stephanieville, MH 07807",South Andrewport,Minnesota,16667
695,"242 Dorothy Lights Apt. 505
Port Ronald, KS 70064",Lucasburgh,Texas,90267
696,"00595 Howard Square
Port Angela, RI 28877",Powersport,Alaska,82611
697,"28874 Cardenas Plains Apt. 151
West Juliaville, AL 22493",Perezborough,South Dakota,55473
698,"PSC 2353, Box 2292
APO AA 31881",West Michaelhaven,Georgia,47861
699,"961 Lori Corners
Josephbury, CT 06813",Lopezshire,South Carolina,71349
700,"037 Jones Cliff
East Sandra, NV 67179",Clarkview,Kansas,48982
701,"802 Joshua Cove Suite 575
South Shawnton, MT 76873",Kristachester,Minnesota,76735
702,"7358 Salas Well Apt. 345
Anthonymouth, VA 69879",Karenshire,Arizona,65910
703,"USCGC Novak
FPO AP 06419",Meganbury,Maryland,07760
704,"405 Sanders Ports Suite 537
East Matthew, PW 00577",Murraymouth,Illinois,22504
705,"645 Christopher Plain
South Tinamouth, SD 68520",Bakerhaven,Louisiana,89698
706,"5463 Mendez Stream Suite 279
Russellland, AL 56222",Adrianshire,Virginia,62007
707,"5202 James Stravenue Suite 835
South Mathew, MS 90525",Matthewberg,Colorado,73687
708,"27219 Richard Crossing Suite 942
Jameston, WY 22051",Jesseborough,Colorado,86997
709,"5116 Amber Junction
Floresland, MD 59641",Floydland,Wyoming,72161
710,"65941 Andrew Inlet
South Philip, SC 72244",New Briannamouth,Connecticut,70197
711,"53831 Shawn Plains Apt. 897
Stevenmouth, IA 13394",East Johnshire,Illinois,05175
712,"01835 Donald Extension Suite 636
Lake Cathy, FM 04222",Tracifurt,New York,10801
713,"5304 Lindsey Dam
South Derrickstad, TN 28265",South Jamie,Illinois,50612
714,"41424 Jill Trace Apt. 699
New Aprilland, AS 21341",Cindyside,Georgia,85905
715,"60245 Ward Squares
East Pennyport, MO 60746",New Tracyfort,Ohio,19371
716,"8705 Collins Spurs Apt. 607
Stevenbury, WY 39944",West Sean,Alaska,56526
717,"17051 Mary Inlet
Lake Nicoleburgh, OK 31397",Evanside,Arkansas,54602
718,"95942 Ryan Crossroad
Molinashire, MP 93710",South Mary,Nevada,76746
719,"468 Porter Cove Suite 000
Marvinville, WA 84776",Dayshire,Illinois,29012
720,"2033 Schmitt Unions Apt. 618
Lake James, LA 31785",New Johnville,Connecticut,49693
721,"442 Baker Brooks Apt. 967
Ashleyberg, FL 47754",Morenoton,Nevada,48349
722,"09813 Thomas Manor Suite 708
Lake Jennifer, OK 71025",Davieston,Rhode Island,04839
723,"442 Brandi Drive
New Josephmouth, ND 45164",Lake Tara,Alabama,07776
724,"0363 Diana Key Suite 415
West Christineside, VT 09104",Barajasmouth,Indiana,79701
725,"58159 Thomas Cliffs
Thomasview, WA 70776",Clarencemouth,Wyoming,14327
726,"395 Coleman Station
Dillonside, NJ 91290",West Michaelburgh,Connecticut,51791
727,"38689 Golden Junctions Apt. 931
West Hannahside, VA 97647",Jacobmouth,Arkansas,47062
728,"138 Rodriguez Land Apt. 729
East Jeffrey, MO 72078",Port Danielstad,Florida,62984
729,"2917 Perez Creek
Robertfurt, DE 22250",East David,Utah,30852
730,"9680 Allen Falls
Stevenville, AZ 79334",Hutchinsonberg,South Carolina,99255
731,"349 Martin Roads
Dawnberg, GU 09486",North Annaville,Tennessee,59021
732,"5377 Smith Land Apt. 604
Smithfort, ND 84880",Port Sierrashire,California,39464
733,"243 Michael Expressway Suite 404
South Edward, AK 42041",Tinachester,Louisiana,13180
734,"USNS Campbell
FPO AE 59331",Jessicatown,Arizona,55151
735,"2658 Lisa Green
Robertmouth, FL 51501",Lake Melissa,Alabama,87629
736,"744 Richard Ramp
Carlosburgh, VT 30671",Reedhaven,South Carolina,51952
737,"201 Walker Run Apt. 356
West Cathy, KY 28871",Larryshire,Illinois,72190
738,"6212 Woods Loop Apt. 554
New Chelseaview, IL 38216",Andrewstad,Maryland,20242
739,"82270 Gonzalez Cape
Lake Andrew, VI 19181",Jordanchester,Georgia,48215
740,"03362 Nicole Mission
West Susan, LA 11098",Emilyton,North Carolina,97401
741,"9221 James Hollow Apt. 074
North Aaron, VT 17604",West Carlosside,New Hampshire,82270
742,"5661 Theresa Highway Suite 605
Robertchester, MD 14617",Thomasbury,Virginia,17928
743,"7455 Williams Burgs
Michaelbury, PW 72838",Christophershire,Texas,99424
744,"2950 Watson Rest
West Allison, OH 67659",East Jamesland,Maryland,32568
745,"98434 Victoria Square
New Russellberg, NY 23725",South Bradleyview,Minnesota,83283
746,"1650 Jacobs Stream Apt. 217
Davidstad, AK 04126",Lake Debbie,Virginia,21710
747,"638 Sandra Rapid
South Kristine, IL 26409",New John,Kansas,26439
748,"4735 Myers Creek
Anthonytown, IN 50540",Howardland,Arkansas,13743
749,"7738 Cole Meadow
South Carolyn, MN 31040",West Meganborough,Louisiana,67331
750,"2468 Abigail Fall Apt. 180
South Seanview, NH 29540",East Jamesland,Wyoming,51350
751,"618 Montgomery Village
Port William, TX 36713",Lake Peter,Delaware,66319
752,"7226 Anderson Village Apt. 947
East Nancyview, OK 70917",Lake Billychester,Montana,25695
753,"224 Smith Shoals Apt. 968
New Timothy, MH 82194",Francoton,California,74918
754,"21000 William Corner Apt. 244
Collierland, TX 74424",New Mark,Minnesota,82115
755,"51497 Barker Stream Suite 799
Jefferyview, OR 05632",North Ryan,Washington,46028
756,"5916 Ramirez Corner Apt. 782
Brittanybury, TN 13491",Clarkstad,Florida,61464
757,"2252 Robert Squares Apt. 302
Millerborough, FL 05897",South Brandy,North Carolina,86782
758,"29491 Smith Ville
Leeberg, TX 64560",Lake Michaelport,Minnesota,60052
759,"9996 Thompson Skyway Apt. 090
Robinsontown, NE 72652",Katherinemouth,Utah,60825
760,"69415 Anthony Haven Suite 300
New Michael, GA 07877",Shawmouth,South Dakota,37938
761,"97980 Rodriguez Alley
South Davidville, UT 75439",Princefurt,New Mexico,07777
762,"91893 Barajas Squares Apt. 455
New Meganburgh, PR 64615",Skinnerhaven,South Dakota,37862
763,"32485 Richard Mountain
Jacksonfort, MA 32958",East Stephenmouth,Oregon,20565
764,"1555 Steven Estates
Anthonyborough, TX 86802",West Ashley,Kansas,63350
765,"92190 Santiago Greens
Harrisonside, MN 20471",West Ellenville,Louisiana,06468
766,"3940 Porter Mills
East Patricia, CA 68130",Hopkinsview,Washington,80438
767,"3453 Gregory Gateway Suite 041
Sandraton, PR 75925",South Gary,Wisconsin,58963
768,"7955 Shawn Stream Suite 875
Brownburgh, KY 05727",Nicholaston,Connecticut,29821
769,"043 Kristin Meadows Suite 665
West Jordan, WI 98288",East Tammy,Maine,42644
770,"90169 Mckenzie Points
Rodriguezfurt, MD 90850",Wardside,New Jersey,49937
771,"48829 Freeman Hollow Apt. 052
Port Allison, HI 95014",New Stephaniestad,Alaska,71449
772,"2705 William Station Apt. 039
Alexhaven, SC 78692",East Daniel,Oklahoma,32456
773,"98319 Nicole Ports Apt. 050
Lake Timothy, CA 76368",East Dan,Wisconsin,04160
774,"6096 Weiss Expressway Suite 366
Lake Frankstad, NY 28939",Port Brad,Texas,92407
775,"1280 Hamilton Plains Suite 493
Lake Charlesborough, ND 36461",New Elizabeth,New Hampshire,96656
776,"988 Marie Fall
Lopezside, ME 64537",East Jordan,New York,14348
777,"PSC 0849, Box 6235
APO AE 80469",Georgetown,Arkansas,17970
778,"33770 Mason Parkways Suite 112
New Cameron, VT 73012",Johnport,Mississippi,88928
779,"9536 Wilson Ranch
Davidburgh, DE 90190",Grayton,North Dakota,39642
780,"67196 Alison Spring
Scottbury, GA 60801",Johnstad,Nebraska,77408
781,"2709 Kimberly Cliff Suite 299
New Michaelhaven, OR 75306",Kellyfort,New Hampshire,07954
782,"18310 Mcclain Road
South Stephen, IN 38785",Rosstown,Missouri,06496
783,"PSC 4665, Box 2841
APO AE 75409",Thompsonchester,Rhode Island,11283
784,"72892 Lawrence Viaduct
Martinbury, NM 17232",Lake Laurenview,Louisiana,60530
785,"1343 Ruiz Garden
East Charles, VT 67769",Coxberg,Ohio,96139
786,"93040 John Manors
North Gerald, SD 82362",East John,Virginia,60574
787,"841 Beth Ferry
Jeremymouth, WA 68047",Lake Laura,Virginia,24121
788,"807 Kevin Plains Suite 806
Robersonside, SC 68854",South Sarahland,Tennessee,95382
789,"USCGC Davis
FPO AA 20822",Lake Donaldstad,Rhode Island,39293
790,"6444 Jean Center Suite 061
Miafurt, ME 78864",Newtonhaven,Kansas,30979
791,"0630 Aaron Dale Suite 969
Seanborough, HI 74673",West Sandrafurt,Texas,69811
792,"9732 Timothy Oval
Lake Pamelamouth, NJ 42829",Romerofort,Alabama,16518
793,"351 Matthew Ramp Apt. 146
Jesseshire, OH 56799",Alvinmouth,Missouri,72541
794,"91534 Jeffrey Parkway
South Dawn, IL 86504",South Mark,Connecticut,08117
795,"609 Sosa Street Apt. 074
Rodriguezville, WV 61500",Marilynbury,Nevada,74077
796,"0147 Rose Falls Apt. 764
Wilsonport, ME 55934",North Gavinside,North Dakota,51361
797,"455 Jo Court
Ericview, MT 46122",Johnhaven,Ohio,49753
798,"0101 Cannon Parkways Suite 515
East Greg, ME 97382",Cherrymouth,Louisiana,48248
799,"5096 Harris Fall
Bernardmouth, NE 92522",Christopherton,Rhode Island,41047
800,"02284 Rich Ways
Knightstad, DE 59758",West Christina,Montana,52915
801,"66615 Nicholas Glen Suite 109
Curryton, HI 64299",West Tylershire,Wyoming,64128
802,"6961 Michael Glen Apt. 707
Lake Margaretfort, FM 52114",East Zachary,Montana,56990
803,"573 Sharon Loop
Kellyview, WY 82241",Lake Rhondachester,Minnesota,61266
804,"2920 Williamson Rue Apt. 508
South Sergio, PW 63406",East Anthonyview,South Dakota,56827
805,"572 Hayes Ports Suite 799
North Ralphburgh, IL 96112",East Maryburgh,Colorado,94245
806,"6725 Ryan Neck Suite 608
Lake Jacobfurt, VT 61655",Lake Eddietown,South Carolina,48190
807,"8912 Katherine Branch
West Shari, DC 83206",Port Kimberly,Wisconsin,63489
808,"56703 Thomas Cape Apt. 149
Davidfort, IA 40578",Michaelberg,Nebraska,45895
809,"804 Fisher Cliff Apt. 831
South Brianside, LA 74716",North Nataliefort,Louisiana,61795
810,"89928 Shawn Glen
Davilashire, TN 98068",New Edwardport,New Jersey,28871
811,"4940 John Port
Whiteberg, FL 58275",Jakeville,Maine,94675
812,"1792 Jeffrey Falls
South Heatherchester, TX 04852",West Mario,Delaware,37282
813,"Unit 3602 Box 9728
DPO AA 06601",East Sierramouth,Vermont,41803
814,"845 Chapman Islands Suite 167
South Paulaton, GU 99731",North Jessica,Louisiana,35451
815,"167 Anthony Spurs
Tashafurt, WY 63341",Collinsberg,Kansas,41147
816,"826 Mercedes Springs
Josefort, MA 24905",Chenstad,West Virginia,50702
817,"863 Jones Oval
South Tyler, MT 80676",Dustinfort,North Carolina,97997
818,"8336 Carr Extension
Jenniferbury, MO 35629",Johnmouth,Nebraska,81009
819,"38984 Lynn Skyway
Carolynmouth, AL 24402",South Michelleview,Arizona,40921
820,"654 Catherine Trace
New Eric, PA 98454",Lake Antonio,Montana,89068
821,"056 Smith Drives
Nguyenland, VA 29914",South Teresaland,Indiana,65779
822,"6855 Zachary Circle Suite 775
East Ricardo, OH 38252",Randallland,Michigan,64793
823,"751 Rodriguez Extension
North Douglas, WV 90008",Larrystad,Indiana,19924
824,"71971 Patterson Valley
East Theodoreview, AK 96624",South Jessica,Nevada,23613
825,"281 Jessica Parkway
Richtown, AS 47770",Jeffreytown,Maine,29877
826,"41192 Garcia Mount
Dylanburgh, MA 64998",North Kathleen,Arizona,44691
827,"288 Daniel Crescent
Gilbertland, VT 48577",Christinabury,Michigan,88999
828,"23073 Jessica Spring
Frankberg, IA 41291",Davidport,Nebraska,15549
829,"370 Brandon Walks
South Shelby, ND 30353",New Jennamouth,Michigan,21627
830,"0174 Miguel Prairie
Port Lynnburgh, AL 39616",Bellburgh,Michigan,59272
831,"034 Marcus Shores Suite 810
West Jennifer, GU 25430",South James,Michigan,77774
832,"6251 Ross Village
Lake Brentmouth, MO 35709",Marcusfurt,Georgia,78216
833,"517 Juan Roads Apt. 161
Jonesburgh, DC 35090",Port Benjaminfort,New Mexico,01030
834,"1701 Ashley Summit Suite 746
Kristinton, GA 17238",Fosterport,Maryland,35250
835,"08097 Brown Groves Suite 713
Cynthiashire, PA 60128",East Michele,Georgia,86922
836,"80982 Angela Drive
Tristanville, SC 65846",East Tracy,Colorado,10784
837,"806 Katelyn Crescent
Davidstad, VI 02432",Andersonshire,Louisiana,81597
838,"1754 Tiffany Ville
Laurenfort, NC 14456",Williamton,Wisconsin,95858
839,"750 Joshua Parkway
East Ericborough, AR 70614",Port Paulport,New York,22867
840,"8761 Timothy Ports Apt. 335
Hoborough, VT 13573",Lake Sherri,North Dakota,06125
841,"899 Chapman Shores Apt. 964
Krystaltown, FL 45876",Wrightburgh,Louisiana,90457
842,"78583 Amanda Plaza Suite 962
Albertshire, MH 97962",Petersonburgh,Nebraska,54343
843,"871 Cynthia Forges Apt. 445
Lake Jenny, NY 69266",Byrdview,California,65941
844,"Unit 0337 Box 9855
DPO AE 72488",Michaelhaven,Kentucky,85982
845,"418 Robert Course
Melissashire, NM 51144",East Kristinaport,Texas,41378
846,"9660 Elizabeth Village
Thompsonchester, SD 95663",North Feliciahaven,Minnesota,19016
847,"68782 Underwood Loaf
Johnland, MS 58803",Lake Melissa,Virginia,13643
848,"86584 Danny Burgs
Nelsonfurt, HI 80590",Lake Kelly,Arizona,37454
849,"USCGC Stout
FPO AP 02504",North Amber,Colorado,28791
850,"6727 Miller Center Suite 672
East Benjamin, LA 22504",Contreraston,Massachusetts,57702
851,"950 Bradley Brook
East Jeffstad, WI 91381",Clarkberg,Louisiana,73190
852,"6780 Daniel Plains Suite 355
Romeroborough, MT 12719",Smithside,Wisconsin,81800
853,"260 Stark Ville Suite 348
South Jennifer, RI 16233",Myersport,Florida,52475
854,"620 Smith Lock Apt. 798
Meganside, CT 20672",Thomashaven,Nevada,81433
855,"748 Scott Drives Apt. 188
Port Michaelville, WV 13985",North Amanda,Idaho,93269
856,"750 Gray Ports
Maldonadofurt, NC 86712",Samuelfurt,Colorado,98413
857,"40037 Kelly Street
Jackville, ND 11173",West Amanda,Arizona,49501
858,"25177 Teresa Ports Suite 120
Jimenezfort, NM 66093",South Angela,Florida,51279
859,"50603 Stephens Mount Suite 556
South Teresa, UT 54905",West Billyfort,Colorado,89764
860,"94895 Silva Freeway Apt. 353
Martinezmouth, SD 43357",Gallagherville,Kansas,87626
861,"69614 Angela Springs Suite 069
Christopherburgh, IA 98516",Anthonychester,North Carolina,63200
862,"633 Hunter Knolls Apt. 724
South Shelby, WV 06420",Newtonchester,California,34437
863,"18860 Harris Neck Apt. 758
Jorgemouth, SD 22327",Jeremymouth,Rhode Island,39317
864,"26286 April Ports
Reginachester, PW 76996",South Kathleen,West Virginia,17435
865,"26675 Thomas Mountain
New Renee, MP 08297",East Craigshire,Delaware,61781
866,"798 Mary Corners
North Nicole, AK 17585",East Megan,Kansas,53759
867,"11235 Amanda Fall Apt. 081
North Alexander, MP 57981",Reedton,Texas,46486
868,"1400 Amanda Coves Suite 714
North Debraland, CT 62896",Catherinemouth,Iowa,84671
869,"653 Adkins Pines Apt. 461
Fostershire, PA 87844",North Marytown,Arizona,01039
870,"3865 Devon Loaf Suite 119
Smithtown, NM 36972",Lake Charleschester,California,75976
871,"9017 Swanson Keys
Port James, AZ 40658",North Robertville,New York,17163
872,"1614 Gina Knolls Suite 020
East Timothy, ND 82970",Harrisport,Alabama,47621
873,"823 Johnson Islands
Barneston, UT 46531",Hancockstad,Pennsylvania,57877
874,"8329 Stephanie Prairie Apt. 749
North Brenda, NE 93940",Mariahport,Minnesota,37873
875,"9568 Joseph Parkways
New Christopherside, RI 64587",East Jacqueline,Missouri,57441
876,"Unit 1012 Box 3887
DPO AE 98726",New Jeremybury,Arizona,29655
877,"57778 Suzanne Viaduct Suite 427
Cassandraport, MH 37423",North Melissa,Georgia,13698
878,"843 Brown Well
Nelsonbury, KY 60847",Brianafurt,Kentucky,37613
879,"9453 Daniels Fall
Lake Teresaborough, ME 58405",West Davidstad,Texas,25338
880,"9889 Wood Cove
East Ericborough, FM 29713",Maysmouth,Utah,67463
881,"6126 Allen Forest
Diazhaven, IN 39262",Gardnerside,Montana,56438
882,"9465 Boyle Views
East Michelleland, MD 64027",Medinahaven,Kentucky,21083
883,"09475 Dylan Avenue Suite 942
West Jermaine, FM 18975",North Tracy,Alaska,13485
884,"0374 Dawn Circle Apt. 280
New Aaron, LA 28514",West Nathaniel,Tennessee,37887
885,"6403 Donald Unions
Lake Michael, KY 23831",Deborahhaven,Indiana,01064
886,"348 English Ramp Suite 067
Reyesstad, SC 50184",South Ronniefurt,Kentucky,42887
887,"797 Taylor Mission Apt. 153
Stephanieville, ID 49441",Jacobland,Colorado,17521
888,"924 Margaret Gateway
Danielstad, AS 36997",West Ariana,Colorado,04677
889,"321 Hensley Union
Johnstonshire, OH 81213",East Jerry,Vermont,81615
890,"PSC 0847, Box 2487
APO AP 30723",Bennettmouth,Michigan,35446
891,"USNV Ferguson
FPO AP 91707",West Katherine,California,72604
892,"00537 Dean Knoll Suite 358
Meyershaven, PR 99768",New Michaelborough,Florida,55913
893,"34388 Gregory Loaf
New Melissa, NE 63486",East Williamchester,Florida,27058
894,"5932 Bryan Parkways
Whitemouth, AR 23593",West Jameston,Pennsylvania,96220
895,"82662 Daniel Cliffs
Kyleborough, IN 92785",North William,Maine,59618
896,"96394 Thomas Heights
New Adrianport, IA 23076",Whiteshire,Washington,87335
897,"5711 Bryan Fields Apt. 953
Amandaland, OH 98925",Kristenland,Florida,59506
898,"44798 Diane Wells
Port Christina, WY 47615",Lutzview,New Jersey,30391
899,"92999 Jennifer Locks Apt. 339
Kelleytown, MH 56171",Johnsonport,Nebraska,84343
900,"672 Richard Station
East John, VT 98663",Brianburgh,Arkansas,71715
901,"627 Thomas Fields Suite 453
Aliciahaven, MP 25732",Winterstown,Michigan,27089
902,"30340 Kathleen Fall
Teresamouth, DE 64842",Cynthiaside,New Mexico,75929
903,"281 Cynthia Summit
North Susan, WA 01878",Donovantown,Missouri,61410
904,"25007 Rogers Centers
Carlfurt, TN 30855",Ochoaborough,New York,92629
905,"PSC 7624, Box 8510
APO AA 63956",South Christinechester,Florida,72409
906,"30260 William Oval
Lake Mark, AR 88708",South Johnfort,Iowa,90513
907,"3243 Cummings Villages
Lake Laura, WA 64510",Ronaldport,Oklahoma,53404
908,"3185 Steven Expressway Apt. 696
Hollandborough, MS 94897",Huntview,Oklahoma,75884
909,"231 Kyle Views Apt. 011
East Adamburgh, GA 23273",Port Nathanstad,New Jersey,99500
910,"05644 Medina Plaza Suite 983
North Amanda, PW 58611",North Victoria,Rhode Island,58559
911,"13827 Ross Causeway Apt. 820
Lake Tamara, VI 46223",Lake Pamelaberg,California,35180
912,"5672 Munoz Motorway
Brookebury, MD 83863",Lake Shannonfurt,Michigan,92631
913,"0583 Ann Ports Suite 104
North Brittanyhaven, MP 22411",Virginiastad,New Mexico,05138
914,"479 Ingram Cove
Timothyland, UT 16289",West Tina,Texas,06515
915,"54754 Matthew Expressway
Nicholsmouth, GU 17683",New Samantha,New Mexico,48267
916,"013 David Branch Apt. 188
Lowetown, WA 19535",Port Brendafurt,New Jersey,96860
917,"910 Steven Corner Suite 521
Lake Rhondaburgh, GU 17416",South Christina,Kentucky,82885
918,"33356 Jeffery Mews Suite 958
Melaniehaven, ID 10465",New Sarahchester,Nevada,87145
919,"13849 Ponce Forest
West Jamesborough, IN 32097",Howardberg,Hawaii,39090
920,"328 Bowman Bridge
Martinmouth, IN 13726",Williamsbury,Washington,82775
921,"4687 Holly Turnpike Suite 039
Port Todd, KY 03003",Port Carlberg,Arkansas,49909
922,"471 Larry Land Suite 131
Johnborough, AL 62593",Hendersonhaven,Maryland,46097
923,"20773 Hamilton Port Suite 673
South Jasmineton, SC 26632",West Jessica,Michigan,16845
924,"33518 Lee Groves Suite 349
Port Alejandroland, ND 07287",Karaport,New York,57889
925,"Unit 3069 Box 2996
DPO AE 96992",Jamesport,Kentucky,21888
926,"4259 Lee Forge
Kristinmouth, FL 66073",Watersburgh,Colorado,03464
927,"02837 Burnett Pines
Alexisstad, MI 54875",Millerburgh,Florida,90815
928,"173 Malone Forges
New Carmen, UT 23143",Bonnieport,Alabama,37230
929,"4604 Nicole Drive Suite 003
Josemouth, KS 52497",Amandaside,Tennessee,43593
930,"87947 Price Hills Apt. 005
Port Robertmouth, VA 50619",East Tiffanyton,Mississippi,02787
931,"9568 Dean Lodge
West Stevenburgh, HI 64954",North Jenniferstad,Pennsylvania,87069
932,"241 Shannon Locks
South Michaelfurt, NV 01507",Port Carolynburgh,Nebraska,81858
933,"141 Barnes Road Apt. 954
Bensonside, CA 11017",Pattersonton,Louisiana,58192
934,"638 Melissa Fields Suite 022
New Michelleland, MD 69766",East Douglas,Wyoming,47939
935,"8878 Walker Point
Port Catherine, TX 50724",Beckville,Nevada,11895
936,"91823 Parrish Hill
Jenniferburgh, WV 92229",Zamorastad,Idaho,37737
937,"2727 Coleman Prairie Apt. 145
Lake Timothyside, NC 80288",Port Charlestown,California,94771
938,"PSC 5723, Box 8560
APO AP 32333",Stephenview,Oregon,31990
939,"9697 Boyd Meadow Apt. 777
Perryside, WV 96534",Jonesfort,South Carolina,95945
940,"21675 Mcfarland Coves Suite 915
Port Tammyhaven, MP 30242",North Zacharyshire,Minnesota,97398
941,"4430 Courtney Drive
East Nathanmouth, MO 24872",Rebeccaville,Utah,95262
942,"951 Williams Hills Apt. 864
Port Robertville, NY 44695",New Brittneyton,Oklahoma,93897
943,"3587 Marshall Haven Apt. 542
New Tinabury, VI 04583",South Kristinburgh,Nebraska,59705
944,"747 Hinton Forks
West Jonathonside, IN 34782",Pittsshire,Louisiana,51417
945,"PSC 8439, Box 5081
APO AA 23829",Smithborough,Indiana,51218
946,"0801 Benjamin Squares
West Linda, IN 37054",New Josephburgh,Florida,11862
947,"35203 Williams Well
Johnview, UT 13929",South Teresamouth,Iowa,98350
948,"837 Barry Row
Jimmyborough, NY 28507",Donaldborough,California,80077
949,"74108 Chase Plaza Apt. 903
North Matthewfurt, NM 18513",Shannonberg,Wisconsin,41227
950,"4532 Mcdaniel Mill
Barbaraville, OK 00948",Ricardoborough,Michigan,28407
951,"18748 Tate Mill
Cynthiahaven, ID 68069",Lake Jessicamouth,Arizona,83631
952,"2410 Elizabeth Crossroad Suite 800
Mayland, CA 07370",Mcfarlandfurt,Michigan,99548
953,"10121 Berry Turnpike Suite 496
West Mitchell, WA 02682",New Crystalmouth,Oklahoma,55228
954,"USCGC Orr
FPO AA 50841",Port Louisview,Maryland,30339
955,"557 Lisa Lodge
Robinsonport, MP 04083",Ericaport,Rhode Island,97201
956,"661 Perez Shoals
Paulview, OR 92077",Alexchester,Illinois,81484
957,"30826 Julia Union Suite 039
Randallside, MP 46913",Richardburgh,South Carolina,95058
958,"94984 Amanda Vista Apt. 040
Port Shannonberg, GU 49125",Rachelton,Georgia,29322
959,"153 Mccarty Ville
North Georgeborough, AL 54428",Torresland,Indiana,60080
960,"714 Savage Neck
New Manuelchester, MT 54351",New Jeremy,Missouri,59050
961,"6562 Michelle Valley
North Oliviafurt, MD 60863",Brownmouth,New York,68637
962,"099 Thomas Ways Suite 233
Matthewsburgh, PR 87346",Josemouth,West Virginia,08482
963,"963 Chen Isle Apt. 701
East Mark, IN 46008",South Megan,New Jersey,31283
964,"016 Jerry Parkways Apt. 034
Carterland, MN 48801",Annmouth,Missouri,13561
965,"540 Tonya Vista
East Shane, AK 06049",Port Joshua,South Carolina,93216
966,"866 Perez Village
North Jenniferburgh, GU 78460",Lindseyhaven,North Carolina,90109
967,"02559 Dylan Crossroad
New Cindyhaven, LA 26420",West Michaelberg,North Carolina,43670
968,"117 Miller Overpass Apt. 876
New Michelle, MH 03043",Brandonhaven,Alabama,29246
969,"40294 Smith Mountain
Joshuaville, IL 56919",Ralphstad,Hawaii,47530
970,"48689 Johnston Pike Apt. 363
Oliviaview, VA 25176",South Christopherside,Mississippi,00970
971,"088 Heather Circle
Lake Amandaburgh, MD 99311",Lake Herbertton,Colorado,14952
972,"95956 Rebecca Mews
Kellybury, SD 09310",Michaelport,Maryland,39956
973,"588 Taylor Parks
Port Patricia, NJ 68491",Lake Jameshaven,South Carolina,61339
974,"27218 Patterson Skyway
Fryetown, SC 12568",Longmouth,Georgia,88184
975,"08809 Hannah Cliff
Clarkmouth, GA 70961",Edwardchester,Iowa,77853
976,"Unit 5615 Box 3923
DPO AP 77603",Danielton,Hawaii,46682
977,"8081 Angela Knolls
Gonzalezmouth, DC 03624",East Jacob,Iowa,05805
978,"6923 Thomas Neck
Yorkland, CT 69063",West Kristina,New Hampshire,91526
979,"61731 Oneill Viaduct Suite 541
Vargasfort, WI 64524",Brucefurt,Texas,49318
980,"Unit 2405 Box 5228
DPO AE 83918",Lindaview,Oregon,88338
981,"Unit 5246 Box 7575
DPO AE 14136",East Jesse,Kentucky,60911
982,"416 Trevino Fork
East Craigburgh, NC 92449",East Jessica,Pennsylvania,67291
983,"826 Jessica Walks
Jonesmouth, MT 35692",South Stacy,Massachusetts,24883
984,"579 Ralph Wall
Marshallfurt, OH 29265",Port Danielchester,Vermont,37983
985,"Unit 6556 Box 9124
DPO AE 50968",West Diane,Minnesota,89863
986,"26836 Diana Lodge Apt. 628
Turnerville, NM 49549",North Lindseyside,Kentucky,18133
987,"988 Sparks Ramp Apt. 925
Rayburgh, SD 46323",West Tonyville,Kansas,93166
988,"1398 Victor Crossroad Apt. 153
Bradleyland, VI 72618",Wagnerfort,Kansas,54006
989,"91001 Gordon Forge Suite 240
South Stephenland, PA 09533",North Angelaland,Arizona,45802
990,"07151 Dominguez Crescent Apt. 960
South Chad, ID 78141",Sarafort,North Carolina,13577
991,"42259 Jennifer Crossroad
Lake Anthonyberg, MP 42663",Susanfurt,Texas,71942
992,"37978 Ruiz Corners
North Christopherview, VT 59061",Lake Kelly,Kansas,69782
993,"USNS Dorsey
FPO AA 25912",South Nancy,Kentucky,68470
994,"93938 Campbell Fields
North Davidville, NC 03794",Skinnerside,Ohio,70696
995,"2860 Walker Fork Apt. 829
Christianfurt, GU 33856",Schneiderchester,Ohio,91346
996,"USNV Strickland
FPO AE 90741",North Benjaminhaven,Tennessee,80738
997,"899 Anna Dam Apt. 270
East Matthew, CT 98877",Villabury,Michigan,65625
998,"47988 Robert Road
North Stanley, VT 05182",Victoriamouth,Wyoming,29944
999,"2018 Gonzalez Forge Apt. 302
Mooreburgh, GU 95948",Boylefurt,Hawaii,50073
1000,"7322 Ana Corners
North Thomasmouth, OR 23578",New Maria,Georgia,27233
