CitizenID,Name,Age,AddressID,TaxID
1,Kellie Shaw,48,251,439
2,Rachel Villarreal,43,859,589
3,Norma Peterson,73,706,676
4,Desiree Brewer,72,395,400
5,Julia Coleman,61,128,86
6,David Rodriguez,75,485,632
7,Joseph Haley,20,927,18
8,Mark Chavez,69,568,77
9,Gregory Morris,58,692,312
10,Aaron Vazquez,47,133,295
11,Brittney Stafford,18,772,732
12,Dustin Maldonado PhD,79,459,155
13,Chelsea Clarke,18,831,867
14,Cindy Williams,79,393,360
15,Richard Stewart,74,954,496
16,Vanessa Lozano,58,862,638
17,Benjamin Simon PhD,61,757,274
18,Kelly Allen,24,848,411
19,Sarah Newman,38,877,794
20,Luis Garcia,41,170,617
21,Mark Mason,45,386,365
22,Jean Dennis,66,320,762
23,Nicholas Black,41,574,330
24,Chris Williams,76,353,2
25,Matthew Nichols,55,323,805
26,Mr. Antonio Potter,53,11,735
27,Amy Marshall,34,480,493
28,Ryan Winters,48,513,996
29,Jose Vaughn,72,945,282
30,Dakota White,39,78,570
31,Nicholas Moore,79,911,175
32,Debbie Rios,72,857,630
33,Taylor Lawson,25,450,796
34,Linda Lyons,40,605,771
35,Daniel Moore,71,435,970
36,Stephanie Johnston,69,469,293
37,George Guerrero,69,40,477
38,Johnny Moore,18,154,421
39,Jennifer Holland,70,435,95
40,Craig Ellis,79,80,521
41,Kristen Thomas,68,202,976
42,Tiffany Russell,78,71,212
43,Tanya Thomas,58,164,649
44,Ryan Hickman,41,571,357
45,Leslie Allen,43,580,899
46,Taylor Hanson,40,245,343
47,Pamela Frazier,70,88,261
48,Sandra Hughes,48,894,531
49,Brandy Horton,54,230,971
50,Christopher Farrell,52,521,948
51,Mark Johnson PhD,76,33,276
52,Christine Madden,67,571,315
53,Alexander Bryant,30,993,725
54,Mr. Manuel Pena MD,33,388,827
55,Donna Moreno,64,900,259
56,Dr. Katherine Phillips,21,165,541
57,Donald Johnson,38,886,934
58,Katie Cummings,29,657,525
59,Heather Williams,23,836,995
60,Lori Frank,27,404,321
61,Autumn Jones,34,82,989
62,Angel James,21,23,893
63,Jennifer Hardy,20,280,182
64,Karen Watkins,69,271,222
65,Charles Henry,60,217,346
66,Mrs. Jamie Wilson,62,125,593
67,Kelly Luna,27,373,477
68,Glenn Mathis,47,465,671
69,Donald Hudson,49,584,55
70,Joshua Wallace,73,254,583
71,William Vance,79,60,548
72,Ashley Lopez,57,492,302
73,Daniel Riley,43,266,915
74,Lauren Blackwell,70,687,614
75,Victoria Miles,78,354,403
76,James Ayala,23,710,63
77,Jonathan Murphy,60,805,101
78,Amanda Daniel,22,451,558
79,Sarah Webb,62,596,60
80,Steven Austin,37,29,861
81,Jesse Smith,56,144,241
82,Patricia Best,22,415,661
83,Yolanda Wilson,78,322,1
84,Ryan Patton,77,552,701
85,Daniel Peterson,75,454,426
86,Heather Schroeder,78,519,939
87,Timothy Lopez,26,236,832
88,Kenneth Walters,45,308,366
89,Misty Cunningham,49,854,87
90,Stephen Harris,47,98,284
91,Joyce Ray,31,502,782
92,Mark Ewing,32,664,234
93,Christopher Matthews,62,334,997
94,Phyllis Carr,23,270,621
95,Timothy Larson,62,559,121
96,Debra Brown,56,937,36
97,Tara Jarvis,21,508,167
98,Bill Weeks,61,157,860
99,Christopher Lambert,24,413,907
100,Anthony Lopez,20,660,528
101,Ryan Patton,19,778,880
102,Linda Wang,53,932,158
103,Sarah Sanders,38,842,873
104,Rachel Forbes,69,297,193
105,Mike Gonzalez,28,154,791
106,Lisa Wallace,28,284,545
107,Joan Hunter,36,427,654
108,Sherry Collins,57,888,724
109,Jillian Baker,34,741,71
110,Amber Turner,21,725,464
111,Stephanie Flores MD,41,570,252
112,Richard Mason,35,469,795
113,Wayne Taylor,33,617,350
114,Joshua Smith,38,260,212
115,Kristin Dyer,76,747,684
116,Taylor Evans,77,992,436
117,Kristen Jacobson,68,283,873
118,David Hughes,31,585,371
119,Isaac Robinson,73,849,707
120,Danielle Copeland,80,754,746
121,Michael Delgado,19,53,623
122,Robert Finley,23,292,396
123,Daniel Fletcher,34,255,103
124,Ms. Tiffany Browning,53,961,248
125,Shane Lawrence,43,921,947
126,Dean Arnold,18,995,946
127,Dana Everett,53,210,279
128,Aaron Schultz,59,726,728
129,Pamela Benton,48,779,440
130,Ronald Montgomery,48,324,460
131,Thomas Lowe,80,698,158
132,Benjamin Rivas,67,114,308
133,Amber Clark,41,351,528
134,Kathleen Levy,34,895,788
135,Andrew Lee,49,672,717
136,Andrew Bradley,77,765,93
137,Dr. Brandon Perez,63,786,522
138,Kyle Briggs,68,676,704
139,Timothy Morris,29,600,767
140,Lawrence Little,58,147,973
141,Claudia Parker,74,872,385
142,Taylor Davidson,78,188,534
143,Tiffany Hall,31,423,809
144,Kevin Martinez,20,316,76
145,Destiny Scott,57,373,291
146,Bethany Turner,41,335,387
147,Roger Raymond,33,920,986
148,Bonnie Martin,67,448,700
149,Kayla Pope,57,624,903
150,Yesenia Brown,50,214,494
151,Chad Martin,48,992,21
152,James Adams,18,773,816
153,Michael Perry,51,629,526
154,Christine Jones,50,909,525
155,Katelyn Harris,43,66,506
156,Steve Stout,22,877,346
157,Ashley Blair,18,217,298
158,Nancy Travis,27,722,815
159,Samantha Rodriguez,61,708,546
160,Kathryn Garza,41,224,768
161,Beth Baker,33,501,256
162,Sharon Jackson,35,27,877
163,Amy Berry,19,611,934
164,Michael Rodriguez,73,435,572
165,Tyler Duncan,45,941,41
166,James Morris,37,765,251
167,Rebecca Avila,45,611,306
168,Amber Smith,18,927,629
169,Kevin Mendoza,79,452,825
170,Mitchell Whitehead,37,296,865
171,Phillip Lewis,41,566,291
172,Brandon Gallagher,27,856,202
173,Alexander Richardson,31,161,822
174,Stephen Lambert,62,85,909
175,Victoria Olson,80,349,348
176,Hannah Lucas,73,221,733
177,Spencer Atkinson,33,52,439
178,Joy Dean,71,960,339
179,Andrew Tate,57,99,947
180,James Schwartz,49,177,869
181,Jeanette Hammond,43,238,403
182,Ryan Kim,62,858,730
183,Mike Smith,27,755,420
184,Desiree Tanner,18,280,266
185,Desiree Woods,80,316,544
186,Crystal Perry MD,28,275,734
187,Courtney Gonzales,39,570,701
188,Kevin Welch,69,230,35
189,James Richardson,23,281,594
190,Mary Diaz,35,772,930
191,Alexander Malone,62,682,304
192,Jamie Zuniga,56,193,7
193,Melvin Thompson,75,742,499
194,Jason Shannon,43,998,781
195,Ryan Ramos,41,112,991
196,William Butler,72,138,830
197,Cynthia Ramos,28,302,871
198,Daniel Diaz,76,584,584
199,Janet Douglas,46,996,435
200,Haley Stephens,62,834,883
201,Gabriel Holloway,56,758,985
202,Mrs. Laurie Herrera,77,534,31
203,John Summers,29,556,858
204,Kelly Wilson,73,412,287
205,Brett Rivera,25,507,403
206,Andrew Gutierrez,63,470,772
207,Nathan Chambers,38,954,766
208,Gavin Cabrera,55,354,407
209,Crystal Pham,44,158,737
210,Michael Summers,77,268,336
211,Miguel Wright,55,80,582
212,Michael Watson,34,895,865
213,Kelly Gibson,70,608,850
214,Brittany Alexander,63,535,122
215,Catherine Garner,28,711,191
216,William Davis,32,667,123
217,Keith Moore,45,732,94
218,Victoria Chapman,41,605,534
219,Patricia Robinson,20,129,834
220,Tyler Day,60,712,495
221,Laurie Schmitt,64,368,301
222,Chloe Hill,61,335,782
223,Erin Owens,31,852,26
224,Allison Robinson,66,334,568
225,Nathan Yang MD,18,193,649
226,Brenda Robertson,32,9,295
227,Theresa Barker,24,21,871
228,Donald Beard,28,746,228
229,Debra White,74,582,844
230,Andrea Kennedy,22,203,536
231,Gary Walsh,46,315,571
232,Christopher Garcia,27,893,446
233,Ethan Bennett,31,86,425
234,Vanessa Hernandez,31,405,173
235,Sara Lewis,80,936,667
236,Cameron Hall,49,229,242
237,Lindsay Macdonald,44,982,801
238,Andrea Carson,35,30,268
239,James Yates,78,683,788
240,Latasha Rivera,54,946,273
241,Steven Mccullough,41,801,921
242,Scott Rose,24,189,286
243,Victoria Thomas,66,343,740
244,Ronald Martinez,25,541,895
245,Richard Franco,19,539,828
246,Kristin Lee,26,425,871
247,Christina Robinson,77,184,583
248,Henry Brown,77,126,911
249,Kenneth Dunn,53,978,615
250,Bradley Blanchard,79,52,277
251,Thomas Rush,63,68,521
252,James Reid,31,462,446
253,John Pham,43,862,294
254,Michael Green,73,748,723
255,Judy White,57,625,454
256,Becky Gonzalez,23,847,608
257,Joshua Mckee,57,706,459
258,Glenn Abbott,71,279,240
259,Lee Ward,19,939,221
260,Jack Bauer,44,273,4
261,Rebekah Carney,48,354,443
262,Jacob Moore,66,449,637
263,Kelly Todd,36,119,658
264,Timothy Murphy,35,354,814
265,Frederick Mendoza,21,232,884
266,Kevin Owens,54,472,484
267,Kimberly Ray,60,491,997
268,Joyce Aguirre,39,124,691
269,Joseph Fuentes,63,937,139
270,Nancy Blanchard,73,180,798
271,Jessica Montoya,23,221,671
272,Rebecca Hall,73,295,97
273,Courtney Dawson,72,629,581
274,Luis Hunter,35,622,633
275,Christy Lewis,66,321,610
276,Jason Gonzalez,25,275,498
277,Parker Jackson,70,907,589
278,Lisa Kelley,80,827,535
279,Kayla Jones,70,593,718
280,Michele Wagner,29,819,133
281,Gary Rodriguez,61,406,880
282,Jo Rodriguez,53,473,571
283,Christopher Morales,29,677,364
284,Zachary Reynolds,66,809,692
285,Nathan Oconnell,45,91,140
286,Adam Wagner,40,837,823
287,Lisa Smith,47,708,858
288,Martin Reynolds,75,611,70
289,Paul Erickson,77,757,971
290,Eric Watkins,40,238,879
291,Erin Randolph,25,172,72
292,Mark Bowen,18,258,803
293,George Montgomery,59,819,955
294,Nathaniel Olson,71,590,976
295,Stephen Anderson,23,958,683
296,Ashley Hernandez,64,889,733
297,Suzanne Williamson,42,638,353
298,Angel Coleman,47,252,69
299,Levi Austin,26,36,219
300,William Reynolds,39,679,705
301,Justin Woods,65,423,170
302,Jennifer Rhodes,36,207,938
303,Megan Perez,25,893,535
304,Christopher Hines,35,572,56
305,Dakota Sims,54,207,66
306,Derek Bond,27,593,704
307,Stacy Rodriguez,49,369,430
308,Karen Williams,56,207,620
309,Brenda Roman,28,318,940
310,Adam Cooper,80,418,548
311,Stephen Taylor,41,699,515
312,Adam Graves,27,217,514
313,Chad Washington,27,464,645
314,Ruth Bailey DDS,22,88,646
315,Terry Thompson,37,863,428
316,Jason James,57,146,594
317,Bethany Davis,19,391,69
318,Carlos Carter,48,600,959
319,Ronald Mitchell,48,407,231
320,Benjamin Taylor,75,73,62
321,Phyllis Shaw,66,418,952
322,Kristin Rodgers,35,167,383
323,Laura Ritter,26,968,283
324,Jamie Mitchell,74,788,590
325,Jason Harper,45,82,880
326,Marie Martinez,53,153,266
327,Austin Robinson,60,128,873
328,Randy Shaw,74,222,899
329,Valerie Russo,75,666,847
330,Christina Robinson,42,499,403
331,Alyssa Collins,66,24,893
332,Richard Reyes,73,599,274
333,Sheila Chen,24,659,811
334,Sean Gonzalez,46,972,423
335,Anthony Coleman,58,326,761
336,Mr. Daniel Quinn MD,61,61,94
337,Gary Henry,35,38,222
338,John Freeman,43,747,625
339,Daniel Chandler,71,690,277
340,Frank Smith,46,52,935
341,Wesley Weiss,62,8,430
342,Richard Moore,64,821,119
343,Brandon Hanna,31,118,531
344,Lisa Morris,69,43,24
345,Laura Collins,30,202,133
346,Matthew Hooper,23,714,63
347,Stephanie Arroyo,22,279,755
348,Melissa Douglas,51,211,264
349,Valerie Carpenter,44,968,108
350,Andrew Cox,54,576,243
351,Charles Wilson,24,497,876
352,Nicole Stein,46,887,716
353,William Martinez,69,282,526
354,Daniel Fowler,27,497,278
355,Susan Jones,28,678,647
356,Michael Peters,72,812,941
357,Connie Williams,31,112,600
358,Richard David,36,204,889
359,James Bowers,61,131,569
360,Dana Scott,71,751,373
361,Phillip Chase,20,630,306
362,Stephen Pena,33,87,790
363,Mary Gonzalez,35,728,194
364,Breanna Gonzalez,46,879,149
365,Matthew Key,71,371,606
366,Wanda Bartlett,67,833,69
367,Amy Braun,42,262,527
368,Diana Carter,27,588,419
369,Derek Swanson,28,494,651
370,Alexis Lloyd,67,394,736
371,Anthony Hill,50,646,372
372,Amber Young,78,431,101
373,Craig Mayo,50,831,815
374,Christopher Delgado,71,872,45
375,Richard Davis,67,7,196
376,Bernard Robinson,38,577,665
377,Kenneth Scott,62,511,300
378,Joel Garcia,37,931,525
379,Christopher Fisher,77,508,636
380,Olivia Peterson,70,211,237
381,Michelle Hodges DDS,68,162,237
382,Barbara Glenn,51,693,741
383,Edwin Rivera,55,288,938
384,Samantha Carr,42,496,445
385,Lauren Powell,53,965,950
386,Ashley Mccormick,62,764,734
387,Andre Romero,45,624,940
388,Isabel Sanders,22,156,545
389,Norman Thomas,63,355,211
390,Justin Knapp,29,975,673
391,Kyle Combs,73,71,10
392,Jacob Branch,27,971,518
393,Troy Carlson,45,793,424
394,Alexandra Rogers,67,246,101
395,Angela White PhD,41,228,315
396,Ryan Bishop,57,916,272
397,Robyn Shields,32,95,780
398,Patricia Thomas,20,400,659
399,Erik Nolan,29,401,745
400,John Taylor,66,111,913
401,Carlos Brewer,37,399,489
402,Erik Figueroa,28,1000,511
403,Christian Brown,39,941,980
404,Sylvia Jones,29,609,396
405,Jesus Barron,45,841,218
406,Gary Wolfe,31,247,416
407,Joanne Keller,73,271,585
408,Amy Kim,43,580,332
409,Lindsay Hebert,54,847,18
410,Joseph Ortiz,22,383,678
411,Russell Matthews,31,351,477
412,Michele Lee,20,867,226
413,Daniel Patton,66,354,120
414,Jonathan Tran,48,463,269
415,Jordan Anderson,35,986,484
416,Dalton Holmes,77,666,710
417,Arthur Parker,31,287,458
418,Steven Webb,24,820,663
419,Sean Wagner,64,116,333
420,Dwayne Rubio,18,388,801
421,Jeffery Gardner,18,548,372
422,Dana Cooper,54,445,213
423,Chad Shaffer,26,728,880
424,Pamela Walker,62,635,41
425,Dillon Riddle,64,135,262
426,Cory Wallace,46,550,215
427,Shawn Miller,67,686,81
428,Joshua Brandt,24,25,238
429,Matthew Scott,73,657,100
430,Laura Stewart,72,633,98
431,Brooke Johnston,35,964,722
432,Darren Oconnor,56,234,37
433,Wendy Hendrix,27,476,273
434,Billy Wolf,65,381,60
435,Michael Walker,68,246,415
436,Barbara Franklin,18,534,45
437,Anna Jimenez,23,263,178
438,Summer Jones,46,907,468
439,Danielle Ray,78,5,2
440,Tammy Simpson,39,320,341
441,Shawn Sanchez,65,529,729
442,Michael Moore,31,339,240
443,Melissa Williams,42,902,241
444,April Patterson,52,510,476
445,Jacob Morris,77,282,795
446,Frederick Walsh,52,260,191
447,Greg Lopez,50,272,100
448,Dave Carroll,32,635,157
449,Jennifer Hill,42,452,797
450,George Jones,35,613,697
451,Jessica Moss,21,277,14
452,Garrett Ward,72,993,891
453,Dr. Jason Johnson,44,488,652
454,Steven Perry,32,357,721
455,Kelly George,36,345,944
456,Madison Roberts,56,438,449
457,Gregory Beard,57,382,788
458,Richard Evans,51,952,991
459,Debbie Huerta,57,355,535
460,Christopher Anderson,77,245,338
461,Annette Hood,40,132,188
462,Mark Rodriguez,48,516,743
463,Wendy Johnson,43,479,979
464,Matthew Dalton,21,497,13
465,Isabel Flores,33,663,925
466,Elizabeth Ruiz,71,929,410
467,David Rodgers,41,247,803
468,Jeremy Rodriguez,56,305,189
469,Jason Dunlap,34,881,961
470,James Taylor,22,495,358
471,Brett Johnson,76,88,664
472,Amber Olson,63,673,971
473,Melinda Burke,28,186,926
474,Michele Castro,49,729,843
475,Frank Lambert DDS,70,736,725
476,Cameron Gonzalez,78,135,259
477,Dr. Darrell Hall,33,118,663
478,Charles Rodriguez,44,934,381
479,Dr. Lisa Vaughn,78,675,967
480,Matthew Allen,51,297,264
481,Felicia Williamson,55,556,542
482,Emma Hopkins,73,88,759
483,Christine Perez,65,656,68
484,Elizabeth Ware,73,146,823
485,Allison Liu,80,985,892
486,Stephen Moore,22,570,624
487,Valerie Johns MD,45,274,606
488,Krista Terry,18,111,747
489,Shelley Jones,19,970,990
490,Jonathan Lawrence,18,846,995
491,Kathleen Reynolds,29,995,725
492,Michael Anderson,43,289,197
493,Joseph Thomas,34,152,50
494,Daniel Ramos,35,751,58
495,Jonathan Parker,48,935,404
496,William Butler,34,138,568
497,Dawn Jennings,75,139,189
498,Joy Gray,45,862,233
499,Aaron Harvey,69,950,674
500,Brenda Jones,49,545,518
501,Lee Wilkins,32,334,849
502,Jonathan Cunningham DVM,44,255,793
503,Nicole Crawford,38,441,163
504,Stephanie Freeman DVM,21,812,699
505,Holly Erickson,69,219,398
506,Barbara Schultz,34,769,164
507,Amber Gentry,73,663,805
508,Ann Lawrence,69,976,268
509,Maria Gonzalez,69,866,634
510,Matthew Gibson,79,871,435
511,Johnny Lee,78,775,597
512,Kevin Brown,42,89,426
513,Amanda Nichols,66,676,645
514,Kevin Willis,71,799,770
515,Laurie Brooks,33,590,889
516,Bradley Stevens,46,682,657
517,Jose Smith,79,665,389
518,Madison Hayes,48,903,545
519,Jennifer Cole,31,368,510
520,Nancy Smith,65,376,149
521,Amy Lewis,37,299,109
522,Candice Morales,68,456,792
523,Ryan Carpenter,30,237,757
524,Kim Zimmerman,47,490,659
525,Amanda Hoffman,27,504,832
526,Brent Davis,53,362,524
527,Julian Douglas,46,721,993
528,Lauren Tucker,42,472,666
529,Thomas White,68,303,440
530,Dennis Smith,20,650,912
531,Dr. Samuel Patrick,18,775,924
532,David Williams,38,589,724
533,Samuel Sweeney,29,148,979
534,Joseph Ryan,22,376,777
535,Mrs. Tiffany Barnes,79,4,131
536,Whitney Sanchez,34,917,514
537,Kristen Jackson,19,944,821
538,Karen Gonzalez,47,20,900
539,Lacey White,41,27,643
540,Christopher Black,54,971,573
541,Meghan Lynch,46,366,665
542,Danielle Henry,36,545,862
543,Shannon Hancock,79,95,751
544,Nathan Hall,58,741,654
545,Brian Drake,57,729,247
546,Courtney Barrett,67,829,493
547,Elizabeth Alvarez,78,574,235
548,Margaret Jones,62,825,368
549,David Clark,26,679,451
550,Kimberly Morrison,40,717,298
551,Brandon Ashley,19,631,839
552,Tara Ramos,38,596,468
553,Victoria Cooper,47,558,643
554,Alan Dean,41,886,981
555,Samuel Jones,44,544,413
556,Claudia Alexander,64,259,628
557,Angela Walters,25,666,264
558,Karen Jackson,54,453,707
559,Nicholas Mason,72,758,560
560,Charles Rivas,34,981,885
561,Charles Fisher,25,198,819
562,Lindsay Rodriguez,29,258,690
563,John Turner II,34,260,909
564,Pamela Parker,37,820,47
565,Dustin Thompson Jr.,61,206,366
566,Melissa Williams,40,194,375
567,Joseph Martinez,37,199,142
568,Denise Wallace,44,241,927
569,Ashley Anderson,43,253,838
570,Robert Sullivan,26,746,844
571,Luke Nixon MD,46,823,164
572,Richard Carter,79,984,219
573,John Vargas,71,813,142
574,Nicole Sanchez,54,829,883
575,Alicia Tyler,41,492,799
576,Shannon Ford,50,481,138
577,Brittany Dean,41,732,657
578,Patricia Adams,66,966,839
579,Brandi Salazar,41,947,194
580,Danielle Maxwell,72,762,24
581,Anthony Porter,56,128,487
582,Rebecca Martinez,35,319,943
583,Brittany Carter,24,738,512
584,Michael Harvey,56,881,620
585,Jody Brown,78,738,697
586,Michael Rose PhD,30,297,872
587,John Webb,42,61,406
588,Mark Mendoza,36,58,250
589,Nathan Mahoney,79,152,997
590,Dr. Richard Rodriguez,44,128,671
591,Lee Romero,68,563,150
592,Mark Mathis,53,84,235
593,David Mitchell,62,167,600
594,Michele Marks MD,33,252,976
595,Crystal Schmidt,72,306,53
596,David Ramos,72,608,894
597,Brittney Lewis,63,543,158
598,Pamela Colon,51,232,277
599,James Vargas,45,620,750
600,Karen Reed,56,514,469
601,Hunter Atkinson,52,616,154
602,Pamela King,18,978,371
603,Cheryl Davis,52,131,303
604,Tonya Richardson,33,493,889
605,Marcus Alvarado,51,271,659
606,Patricia Knight DDS,26,382,818
607,Brandon Davenport,29,437,883
608,Mrs. Tanya Dixon,46,472,25
609,Jessica Carter,49,846,331
610,Deanna Stephens,57,4,383
611,Emily Solis,18,26,626
612,Natalie Hall,77,575,167
613,Thomas Reyes,44,510,837
614,Barbara Fitzpatrick,40,338,313
615,Danielle Payne,18,444,308
616,Peter Lutz,69,190,362
617,Jennifer Miller,59,565,197
618,Samantha Hunter,43,465,77
619,Adam Nguyen,53,366,48
620,Katherine Williamson,68,27,457
621,Mark Savage,54,403,784
622,Justin Garrison MD,36,45,860
623,Jeffrey Edwards,50,204,255
624,Scott Martin,58,898,845
625,Donald Hall,49,182,386
626,Megan Singh,19,227,352
627,Elizabeth Ramos,46,284,276
628,Mr. Justin Bowers,65,552,59
629,Jonathan Barnes,58,175,923
630,Shawn Garcia,75,768,63
631,Andrew Barry,73,581,838
632,Brian Fuller,24,374,40
633,Andrew Castillo,34,616,282
634,Mr. Joseph Payne PhD,50,502,219
635,Brian Escobar,79,667,188
636,Mr. Tyler Herrera,34,585,416
637,Rachel Vincent,45,431,491
638,Kelly Smith,21,525,347
639,Sandra Clements,36,386,313
640,Mark Butler,59,120,253
641,Sara Yates,72,189,172
642,Mr. Joshua Serrano,39,635,851
643,Tyrone Espinoza,20,500,432
644,Suzanne Murillo,22,552,880
645,Alexander Delgado,63,946,500
646,Anthony Smith,69,230,153
647,Michael Williams,38,982,102
648,Marie Moon,43,26,258
649,Kim Campbell,39,255,487
650,Rebecca Turner,20,680,708
651,Anthony Thompson,26,89,866
652,Adam Cannon,57,591,104
653,Daniel Nichols,26,840,700
654,Martin Hurst,63,488,945
655,Katelyn Thornton,19,745,922
656,Mary Baker,24,478,399
657,Jason Gilmore,55,810,925
658,Kerry Smith,75,33,956
659,Jenna Allen,73,785,592
660,Mary Warren,56,889,341
661,Jonathan Carey,50,846,547
662,Holly Schmidt,41,985,129
663,Ryan Burton,44,386,616
664,Richard Jennings,71,528,275
665,Erin Simmons,66,570,371
666,James Price,19,74,988
667,Lisa Fuller,55,302,854
668,Deborah Wyatt,53,459,4
669,Herbert Smith,23,522,815
670,Donald Ford,80,326,448
671,Jason Liu,77,81,238
672,Christina Smith,28,445,99
673,Tiffany Robinson,23,487,215
674,David White,33,622,721
675,Melissa Hernandez,59,562,446
676,Joseph Good,32,461,790
677,Pamela Mills,45,208,21
678,Andrew Macdonald,67,948,702
679,Austin Williams,40,17,471
680,Cheryl Nelson,31,959,877
681,Scott Gonzalez,34,572,438
682,David Baker,78,126,531
683,Scott Barr,72,275,674
684,Jonathan Arnold,41,677,972
685,Tammy Rivers,42,311,336
686,Howard Kane,73,437,452
687,Stephanie Wilson,21,109,191
688,Christopher Hall,62,825,244
689,Brenda Vasquez,51,483,124
690,Leslie Vega,38,813,615
691,Alexander Young,36,959,547
692,Duane Carpenter,62,557,197
693,Chris Nielsen,32,514,200
694,Joshua Lawrence,58,718,492
695,Pamela Gray,49,382,882
696,David Stone,69,384,645
697,Jennifer Evans,43,311,333
698,Amy Gardner,64,197,287
699,Dr. Michelle Peters,53,95,350
700,Christopher Church,19,923,826
701,Laurie Thompson,23,370,602
702,Randy Reynolds,61,775,933
703,Christine Bennett,68,569,587
704,Nicholas Anderson,37,771,729
705,Richard Adams,72,276,160
706,Jerry Chavez,73,401,427
707,Kevin Williams,72,377,69
708,Keith Perez,53,387,443
709,Joshua Hernandez,43,150,261
710,Katie Velasquez,29,878,509
711,Danielle Mendoza,27,922,507
712,Dominic Kennedy,19,292,191
713,Jamie Hoover,23,479,93
714,Timothy Gomez,46,735,396
715,Justin Thomas,21,983,855
716,Steven Chase,68,190,147
717,James Cortez,37,290,85
718,Mariah Huerta,53,911,235
719,Keith Johnson,80,788,231
720,Zachary Campbell,27,623,713
721,Eric Anderson,29,19,364
722,Ivan Hogan,74,442,966
723,Sydney Cox,31,385,980
724,Jessica Snyder,58,188,521
725,Laura Mckee,32,412,188
726,Jasmine Williams,59,710,369
727,Monique Gomez DDS,35,275,8
728,Brandon Miller,33,705,700
729,Jose Buck,59,278,369
730,Pamela Pope,20,560,592
731,Theresa Stephens,44,834,729
732,Geoffrey Snyder,27,815,570
733,Timothy Mckinney,27,431,484
734,Jennifer Patterson,31,543,346
735,Tommy Lopez,65,346,163
736,David Garcia,55,426,223
737,Connie Choi,61,85,992
738,Michelle Stephens,60,203,251
739,Pamela Briggs,27,745,924
740,Jeremy Burnett,50,683,78
741,Jimmy Miranda,38,577,669
742,Mark Brooks,74,326,860
743,Kendra May,31,922,272
744,Melanie Rodriguez,30,146,478
745,Kimberly Jones,77,960,7
746,Michael Rivera,76,346,459
747,Kevin Lindsey,48,12,277
748,Peter Griffin,23,235,335
749,Wayne Holden,38,852,245
750,Steven Merritt,70,977,872
751,Marc Lutz,66,191,364
752,Jane Snow,68,814,309
753,Tyrone Alvarez,63,214,546
754,Joshua Boyd,22,139,622
755,Paul Rice,65,757,592
756,Eric Hopkins,35,648,251
757,Edgar Griffin,55,575,566
758,Diane Moran,33,455,778
759,Richard Hernandez,53,951,368
760,Zachary Arroyo,78,96,828
761,Andrea Dunn,18,691,190
762,Kevin Evans,60,411,7
763,Danielle Anderson,78,47,996
764,Rebecca Robinson,22,623,250
765,Stacie Taylor,58,834,338
766,Ashley Taylor,32,110,462
767,Kelly Jones,50,364,457
768,Patrick Wilkinson,71,94,735
769,Bill Clark,56,477,416
770,William Chavez,29,741,905
771,John Miller,77,339,901
772,Megan Reed,26,852,138
773,Michelle Patterson,66,724,715
774,Mr. Christopher Hayes,22,725,562
775,Tiffany Mccarty,26,275,618
776,Jeffrey Anderson,78,60,680
777,Kathleen Hughes,27,974,409
778,Mark Harrington,32,585,225
779,Melissa Allen,66,338,299
780,Aaron Christian,46,900,401
781,Lori Acevedo,27,569,864
782,Jennifer Larson,37,656,54
783,Taylor Williams,54,11,733
784,Christopher Morris,31,658,863
785,Molly Chang,76,134,333
786,Sergio Lawrence,40,701,750
787,Todd Shepard,68,269,900
788,Dylan Hardy,66,624,825
789,Lisa Martinez,80,296,113
790,Rachel Foster,49,678,691
791,Ms. Susan Buck,41,905,166
792,Kenneth Cox,36,890,54
793,Joshua Welch,63,665,121
794,Shari Ward,72,77,430
795,Elizabeth Anderson,32,531,451
796,Andrea Bond,60,743,576
797,Tammy Schmidt,65,54,810
798,Jon Johnson,27,870,456
799,Stephen White,45,810,898
800,Paul Mays,40,581,852
801,Clinton Kemp,26,51,750
802,Kevin Guzman,66,996,734
803,Linda Leon,51,740,165
804,Nathan Paul,39,117,839
805,Cassandra Hale,27,452,446
806,Timothy Chang,67,317,776
807,Matthew Wagner,79,234,609
808,Laura Haley,42,486,535
809,Tanya Jones,54,884,843
810,Kevin Fitzgerald,43,492,1
811,Emma Curtis,66,900,998
812,Lawrence Maxwell,46,848,777
813,Timothy Fernandez,70,518,824
814,Lawrence Johnson,26,714,29
815,Joshua Owen,49,971,163
816,Carol Welch,75,209,430
817,William Thompson,35,113,954
818,Stephanie Gonzalez,53,975,682
819,Miranda Walters,28,1,143
820,Jorge Brown,66,873,838
821,Patricia Carlson,76,431,394
822,Paula Herman,66,968,153
823,Angela Tran,35,366,278
824,Daniel Boyd,49,172,428
825,Henry Duncan,80,790,61
826,John Turner,57,982,773
827,Adam Barrett,66,35,372
828,Shelby Shelton,79,840,302
829,Becky Ramirez,30,243,772
830,Dalton King,32,714,299
831,Harry Banks,28,663,467
832,Dana Anderson,76,722,859
833,Dean Ponce,32,543,590
834,Jeffrey Davis,55,933,840
835,Sherri Fernandez,34,971,759
836,Ruth Ingram,59,224,320
837,Vincent Mccullough,66,882,352
838,Monique Russell,28,352,993
839,Spencer Kelley,21,81,500
840,Jose Webster,40,303,534
841,Christine Kim,30,505,692
842,Jennifer Miller,29,591,770
843,Lindsay Reeves,50,118,39
844,Cheyenne Nash,23,50,350
845,Erin Hicks,66,216,123
846,David Young,79,12,264
847,Edwin Hartman,66,272,657
848,Jeffrey Lang,40,165,320
849,Allen Lamb,59,324,590
850,Katherine Richardson MD,79,731,276
851,Sergio Campbell,21,841,353
852,Rhonda Cherry,38,988,393
853,Jerry Peters MD,27,817,814
854,Marilyn Cuevas,71,385,606
855,Monica Collins,41,104,3
856,Jennifer Martinez,18,312,156
857,Nancy Kim,69,268,556
858,Richard Allen,30,472,229
859,Kaitlin Olson,39,305,190
860,Marcus Buck,40,706,476
861,Stephen Allen,61,738,31
862,Joseph Gregory,33,34,34
863,Mario Bray,65,189,643
864,John Anderson,32,194,44
865,Ashley Armstrong,80,763,931
866,Deborah Smith,44,553,4
867,Jason Gray,33,543,51
868,Keith Martinez,38,928,593
869,Stephen Jackson,64,905,153
870,Travis Hicks,80,264,249
871,Dillon Hart,78,528,96
872,Barbara Wood,78,91,665
873,Christopher Clark,62,586,648
874,Jennifer Wiggins,49,999,377
875,Justin Morales,57,684,647
876,Daniel Jones,57,589,808
877,Michelle Tate,36,769,930
878,Kathy Carter,55,386,127
879,Mia Jackson,18,163,709
880,Tanya Garcia,71,322,724
881,Samuel Garcia,34,515,31
882,John Rosario,28,833,579
883,Ryan Scott DVM,46,893,332
884,Dustin Winters,79,658,719
885,Michelle Bowman,45,482,576
886,Bobby Burnett,65,662,413
887,Frank Lozano,20,278,183
888,Cindy Curry,66,382,88
889,David Choi,58,303,607
890,Sarah Hinton,23,1000,521
891,Shawn James,60,188,500
892,Michelle Durham,64,67,97
893,Christopher Hernandez,46,705,989
894,William Franco,49,657,549
895,Leon Kelly,43,708,426
896,Christopher Hale,80,951,894
897,David Brewer,67,4,599
898,Robert Rice,46,442,365
899,Kenneth Joseph,54,800,807
900,Nina Terrell,36,551,661
901,Derrick Robinson,36,833,469
902,Kimberly Hall,57,662,206
903,Andrew Proctor,62,780,99
904,Anthony Martin,52,398,109
905,Kaitlyn Sweeney,80,867,860
906,Reginald Hernandez,67,813,157
907,Brooke Martinez,71,841,84
908,James Zamora,45,108,981
909,Karen Webb,64,886,97
910,Melanie Jordan,50,258,308
911,Robin Chaney MD,34,285,436
912,Danielle Dunn,49,759,250
913,Tiffany Castro,72,877,693
914,Laura Huffman DVM,29,567,90
915,Timothy Ellis,20,466,661
916,Mary Mckinney,43,833,890
917,Shawna Johnson,67,839,164
918,Michael Green,69,419,149
919,Jose Haynes,55,477,834
920,Larry Fisher,73,650,833
921,Andre Cruz,19,654,261
922,Eric Tanner,20,606,299
923,Susan Ward,34,869,373
924,Gabriela Williams,32,986,884
925,Sherri Lang,22,715,191
926,Morgan Swanson,21,696,305
927,Tonya Holt,58,340,519
928,Michael Pratt,41,623,31
929,Brenda Garcia MD,69,411,165
930,Veronica Riley,23,639,879
931,Mrs. Sydney Beasley,48,245,683
932,Michelle Wang,39,822,749
933,Jacob Lewis,37,40,163
934,Timothy Goodman,46,105,373
935,Tyler Wiggins,59,711,770
936,Debra Rich,80,174,103
937,Rachel Gonzalez,33,361,92
938,Ashley Riley,63,795,398
939,Joseph Fields,68,416,324
940,Michael Santiago,50,100,252
941,Bryan Rogers,48,91,585
942,Samantha Garcia,59,956,741
943,Eric Washington,63,236,616
944,Connor Simmons,45,91,927
945,Sarah Martinez,44,982,916
946,Douglas Weeks,33,840,696
947,Patrick Morrison,47,181,121
948,Elizabeth Frye DDS,49,372,532
949,Melanie Walker,79,895,39
950,Michael Lambert,79,483,657
951,Sarah Young,72,565,432
952,Bruce York DVM,47,584,965
953,Tracey Miller,30,597,106
954,Christopher Jensen,20,557,890
955,James Elliott,41,753,393
956,Jennifer Kim,36,986,740
957,Sandra Crane,78,323,918
958,Dakota Hayes,51,495,232
959,Jeffrey Sanchez,59,827,840
960,Sarah Walker,51,215,622
961,Anthony Oliver,75,813,589
962,Tracy Taylor,48,181,77
963,Tamara Brown,67,201,316
964,Jose Charles,29,416,680
965,Wendy Thompson,72,467,721
966,Edward Riley,63,674,608
967,Jonathan Reed,65,831,976
968,Jeffrey Anderson,35,146,165
969,Jane Caldwell,72,413,388
970,Rebecca Schroeder DVM,27,298,743
971,Timothy Cabrera,47,662,609
972,Adam Conner,75,877,427
973,Jennifer Klein,78,698,911
974,Dustin Lane,53,951,867
975,Erin Edwards,42,43,377
976,Roger Higgins,22,337,168
977,Brittany Mitchell,64,471,774
978,Erik Novak,57,440,625
979,John Cervantes,73,267,897
980,Annette Jones,19,570,884
981,Jennifer Mullins,21,892,699
982,Thomas Murphy,58,515,402
983,Robert Wise,29,218,282
984,Stephen Day,25,633,769
985,Candice Smith,37,148,781
986,John Robinson,23,643,136
987,Karen Sanders,30,172,250
988,Matthew Kelly,73,759,225
989,Angela Baker,28,386,645
990,Amanda James,44,474,216
991,Anna Ramirez,61,8,432
992,Kimberly Parrish,34,240,383
993,Jennifer Proctor,60,848,588
994,Derek Taylor,53,599,121
995,Chelsey Cabrera,40,460,781
996,Kathleen Chandler,64,298,277
997,Heather Henderson,58,339,603
998,Connie Diaz,62,666,982
999,Daniel Lewis,65,844,723
1000,Kenneth Baldwin,30,803,557
