GridID,From,To,Distance_km,Capacity_MW
1,Silvaport,North Danielle,838,640
2,Shannonbury,Port Angela,45,829
3,Matthewchester,Sheppardstad,227,881
4,Malonefort,Jaredton,660,849
5,New Lorettashire,West Michaelfurt,833,825
6,Matthewbury,Morrowfurt,349,349
7,Jennifertown,West Patrick,103,215
8,Huangborough,Jonesshire,535,333
9,North Jasonshire,Port Shannonberg,105,122
10,Lake Jessica,Port Janetstad,768,361
11,North Richardmouth,South Christopher,186,463
12,Shawnstad,Schroederbury,795,614
13,Rossfort,Ramirezshire,479,592
14,Johnsonville,Lake Derekstad,418,515
15,Martinport,West Eric,471,247
16,Smithmouth,New Sandrashire,749,912
17,Matthewfort,Robinsonborough,754,270
18,Brownstad,West Chelseyfort,699,745
19,Hollytown,Matthewsmouth,772,134
20,New Michael,Stevenburgh,159,708
21,Lake David,South Kennethmouth,29,394
22,West Rhonda,Mcfarlandside,933,709
23,Buchananport,West Jessicastad,186,512
24,Douglasburgh,Lake Melissa,472,486
25,Port Mary,Durhamport,606,518
26,Fordfurt,East Michael,962,586
27,Murphychester,Marcoton,690,920
28,Nicholasfort,West Stephanie,654,870
29,Adamsview,Emilyshire,244,328
30,East Adam,Turnershire,262,662
31,New Leroy,Lake Rachelland,202,459
32,South Joshua,Adamsstad,818,691
33,East Gail,East Megan,933,573
34,West Tanyatown,Port Kristine,180,430
35,Haleyton,Davisstad,651,970
36,Forbesport,Kingshire,922,867
37,New Laurafort,Wilsonville,933,954
38,South Karen,New Diana,219,654
39,North Christopher,South Peterfort,755,944
40,Leemouth,North Kimville,56,301
41,West Jessica,North Julie,297,937
42,Johnside,Cardenasberg,515,123
43,South Sherritown,Desireefurt,954,981
44,Stacyville,Diazmouth,294,330
45,New Robert,East Oliviatown,396,290
46,West Meganmouth,Lake Andrea,622,502
47,South Kristen,East Brandiburgh,85,353
48,Brittanyhaven,Mckinneyside,298,341
49,East Matthewhaven,East Jamesstad,169,517
50,New Kristina,Ronnieport,87,949
51,Vargasmouth,Danielmouth,142,493
52,Johnsonmouth,Castromouth,792,585
53,Richardstad,Burkestad,446,457
54,Port Samantha,Wilsonland,144,404
55,Floresmouth,Lake Jesus,120,218
56,Nguyenville,New Daniel,616,170
57,Port Rhondashire,Ryanview,369,515
58,East Brianburgh,Jefferyborough,991,558
59,Bradleyton,New Cynthiatown,654,780
60,Allenmouth,Staceybury,623,743
61,Hodgeberg,Robertmouth,536,754
62,Lake Brian,Connorport,371,971
63,Scottstad,New Phillipstad,32,867
64,New Rachelhaven,Harriston,202,721
65,West Susan,New Kristinaside,292,623
66,North Raymond,North Felicia,394,341
67,Jamesmouth,Port Anne,979,851
68,Calvinberg,Webbton,376,367
69,Powersside,Andrewsmouth,112,476
70,Jamesbury,Wallaceton,15,467
71,South Christinaburgh,Lake Adamstad,410,217
72,Leahside,Scottborough,417,770
73,North Jenniferfort,South Briannashire,316,566
74,Danieltown,Rogersland,812,833
75,Port Tylerton,Romeromouth,818,408
76,North Denisetown,West George,816,341
77,Lake Sean,East Sandrastad,819,406
78,Trujillofort,Bradfordburgh,539,364
79,Carterside,Timothyshire,36,883
80,Pattersonland,Marthaview,101,696
81,South Noahshire,West Feliciafurt,677,992
82,Clarkview,Kelleybury,216,722
83,West Jeffrey,Romeroside,183,365
84,Osborneside,New Travis,898,418
85,New Anthony,Wigginschester,101,657
86,New John,North Alisonfort,320,528
87,Barrborough,East Sarafurt,683,893
88,New Laura,Laurenberg,913,182
89,Lake Kennethmouth,Lake Brad,15,166
90,North Erin,Williamston,927,220
91,New April,West Ashleyborough,191,761
92,Jasonfort,North Cynthiaville,941,878
93,Justinshire,New Diana,779,452
94,West Jessicashire,West Lonnie,662,249
95,East Mary,East Miranda,549,358
96,Elizabethborough,New Benjamin,88,932
97,Joefort,Rodriguezhaven,657,191
98,Sheilafurt,Lake Jasminfort,975,710
99,North Dawnfort,Boltonside,212,862
100,Harperhaven,East Debrastad,673,304
101,Griffinstad,East Saraland,20,318
102,Smithtown,Gutierrezfort,862,996
103,Courtneyland,Kevinton,863,972
104,Karachester,Carrbury,213,148
105,Klinebury,Catherineville,575,783
106,West Robert,Gillton,64,411
107,Davidview,Jimenezside,74,667
108,Griffithborough,Garyfurt,60,634
109,New Sara,North Regina,307,187
110,South Thomas,Rioschester,746,349
111,New Jose,South Jenniferfort,294,861
112,Hilltown,New Jasonshire,975,830
113,Lake Charlottefort,West Gregory,479,401
114,Hodgesbury,Ferrelltown,532,933
115,East Carol,Griffithberg,479,917
116,Thompsonmouth,Sarahville,684,624
117,South Blake,Gibsonview,544,377
118,Meganshire,Ryanchester,95,825
119,Lake Crystal,South Jenniferport,734,232
120,Brentland,Figueroashire,854,999
121,Port Anneville,Josephburgh,161,641
122,Melanietown,North Robertbury,316,351
123,Mcculloughland,Lake Lauraview,991,840
124,East Rhondachester,Edwardsbury,880,859
125,East Jamieburgh,Michelleberg,879,207
126,North Bethany,Hannahtown,684,694
127,South Jonathan,Port Frances,204,692
128,Kristieberg,South Justinberg,35,106
129,Millerborough,Williamstown,682,230
130,Bradleytown,Jamesmouth,529,833
131,Thomasmouth,Owensside,515,843
132,Cohenbury,Elizabethfort,962,289
133,Acostaport,South Elizabethborough,548,669
134,North Karen,Port Christopher,351,819
135,Tanyashire,North Nathanmouth,675,188
136,East Williefort,Port Whitney,78,385
137,Ashleybury,Joshuaton,538,631
138,New Fernando,Parkerport,250,423
139,East Paigehaven,Westtown,991,865
140,North Garrett,Carolynmouth,629,292
141,South Michaelville,Lynchfurt,511,612
142,New Morgan,East Michelle,223,859
143,Adamstad,East Williamberg,315,226
144,South Sonya,Rodriguezfurt,126,395
145,North Trevor,Webbbury,221,141
146,Port Amanda,Morrisonfort,286,603
147,Danielburgh,North Parker,395,730
148,Gonzalezborough,New Deanmouth,623,868
149,East Michaela,Wiseport,451,157
150,West Barbaratown,Christinemouth,243,918
151,Port Nicoleton,Scottview,177,932
152,East Amy,Lake Nataliechester,269,540
153,Stevenburgh,South Edwardland,279,498
154,Sarahview,Johnsonbury,681,347
155,North Charles,Michaelton,948,824
156,Salazarfurt,North Yvette,183,404
157,Perezview,New Charlesfort,405,448
158,South Stephanie,Michaelhaven,351,752
159,Michaelfort,East John,602,336
160,Muellerville,Sarahland,426,582
161,East Matthew,Bryanburgh,821,947
162,East Jasminfort,Lyonsfort,110,956
163,Heatherfort,West Veronicaview,36,162
164,Stacybury,North Kimberlyview,612,744
165,Port Joannaport,Robertsstad,20,748
166,East Emily,South Christinetown,663,848
167,Port Jennifer,Chadfurt,444,470
168,Lake Sarahport,Roseton,364,286
169,Harrisland,Walkerborough,158,510
170,Port Deannaton,New Ann,652,215
171,New Ronald,Cruzside,869,650
172,New Ryan,Letown,563,749
173,North Lindsey,Port Heather,462,934
174,South Michael,Mooreberg,565,701
175,New Angela,East Leslieton,662,786
176,West Paulport,Johnton,293,912
177,Lake Melissahaven,East Jason,671,758
178,Lake Jessica,West Bryan,488,817
179,East Wandaburgh,Smithmouth,939,245
180,North Nathanfort,North Matthewborough,901,408
181,Wendyhaven,Teresaland,239,936
182,Smithville,Perezfort,157,763
183,Williamside,North Lisaport,593,846
184,Richardsonhaven,Lake Kimberly,31,400
185,New Brian,Camposberg,753,921
186,North Kathyville,Nicholasburgh,135,902
187,Fisherfurt,Williamview,489,895
188,Christopherport,Lewisland,666,974
189,Danielshire,Anthonyhaven,119,361
190,Garychester,Lake Charles,813,278
191,Davidport,Rhondamouth,56,285
192,Hobbsmouth,Blankenshipstad,253,217
193,Campbellfurt,Allenton,729,386
194,Meganport,Davisfort,62,716
195,Port Ericton,Mariostad,382,664
196,New Mary,Rogersmouth,565,536
197,South Joseport,North Haroldmouth,916,733
198,South Sarah,North Gregory,935,292
199,Huntton,Ericastad,337,617
200,Hernandezview,Williamshire,242,375
201,South Marystad,New Lisa,453,653
202,New Christopherfurt,North Jessicaport,232,804
203,Williamsville,West Wesley,253,265
204,South Jamesbury,Kimside,863,761
205,North Michaelstad,Wrightstad,43,496
206,North Karenport,Joshuaborough,528,674
207,Melanieberg,South Jason,942,430
208,Alexaport,West Jon,169,165
209,Kimberlyville,Brianville,62,329
210,Gibsonmouth,Antonioside,167,689
211,South Josechester,Robintown,201,292
212,Alanchester,South Katherine,648,884
213,Leahtown,Marthatown,47,690
214,West Jeffhaven,North Brandon,330,409
215,Harveybury,Victoriashire,589,751
216,Port Jessica,North Donald,431,571
217,North Rickyborough,East Travisbury,621,831
218,South Meganchester,Kelleystad,479,409
219,Morrisview,North Christopher,229,166
220,South Manuelview,Dylanport,430,993
221,Strongburgh,Mccarthyfort,669,405
222,Gonzalesport,West Tracie,846,815
223,South Robert,Debbieside,373,388
224,East Richardstad,Michaelshire,847,214
225,West Jason,Jacobshire,312,438
226,New Christophermouth,Moorestad,539,673
227,Lake Nicholas,Lewisstad,885,229
228,Daltonton,North Amandafurt,755,423
229,South Nichole,Copelandhaven,717,779
230,Frederickshire,Lake Taylorburgh,791,541
231,North Brandy,North Stacyview,917,146
232,Lake Ryan,North David,937,629
233,New Brian,Danielstown,113,185
234,New Georgeview,Gonzalesland,255,237
235,East Adam,Port Christopher,192,997
236,Webbchester,North April,284,804
237,North Melissa,Timothyport,109,935
238,Karenside,Jeffreyfurt,92,656
239,New Elizabeth,Harveyview,344,890
240,Burnsborough,Ryanbury,427,428
241,East Tyrone,Freemanfort,120,101
242,South Allisonmouth,Robertbury,604,595
243,Markshire,Jonesland,591,989
244,Mooremouth,West Deborah,368,717
245,Woodport,East Gregoryhaven,417,457
246,New Paul,Lake Cassandra,264,781
247,Lake Andrea,Port Marissa,383,429
248,Jasonmouth,West Patrickbury,409,991
249,Port William,Andrewbury,495,408
250,South Claytonshire,Garciamouth,698,125
251,Port Denise,Davidside,709,910
252,West Gary,Foxshire,353,684
253,South Haroldbury,Sloanview,923,553
254,Moralesbury,Aaronville,931,102
255,Shawville,Jonesview,353,797
256,North Jamesberg,New Jeremyport,926,991
257,Hebertmouth,Port Zachary,372,401
258,West Michele,Port Lisaville,103,555
259,Joshuastad,Josephtown,940,976
260,Kimberlymouth,North Jamesview,607,873
261,Thomaston,Taylorberg,85,173
262,Lake Rickyview,Hillburgh,711,904
263,North Theodore,Smithfort,850,984
264,Matthewfurt,Victoriafort,47,182
265,East Morganfurt,Lake Daltonmouth,446,626
266,Waltonhaven,Curtisview,494,751
267,Port Kathleen,Joeburgh,691,753
268,Spenceville,East Brianna,431,608
269,East Kathy,South Kellyfort,262,538
270,East Stephanie,South Brittanytown,305,761
271,South Shelby,Janiceberg,188,373
272,Port Adam,Freemanstad,377,964
273,Donnastad,Lake Antoniostad,829,878
274,New Jennifer,North Deborah,66,729
275,West Julieberg,Port Margaretville,479,729
276,Spencerstad,New Meganland,901,109
277,East Vicki,Lake Debra,799,358
278,Port Tamaramouth,Lake Sarahmouth,586,901
279,Rachelland,Matthewside,83,477
280,Garytown,Martinstad,434,677
281,South Colleen,New Jacobburgh,410,886
282,Hollyberg,Port Coryshire,985,659
283,South Melanie,Melissachester,353,967
284,East Carla,Campbellchester,470,564
285,Parkerstad,Tracystad,472,492
286,New Zachary,Hernandezhaven,860,586
287,Lake Jeanette,East Nathan,323,765
288,Lake Jennifer,Port Williamfort,757,391
289,Port Steven,South Laurastad,472,174
290,East Joannland,Jenniferport,781,771
291,Port Bobbymouth,Melindabury,382,406
292,South Amanda,South Shannon,220,170
293,East Michaelburgh,North Kaylamouth,664,804
294,Kurtstad,Dennistown,46,803
295,Lewisfort,South Peterville,356,651
296,Port Christopherbury,South Jamesshire,772,882
297,Leeton,Jenniferchester,800,444
298,Washingtonstad,West Donald,776,738
299,South Morganstad,New Nicholasburgh,694,539
300,Woodville,Jamesfort,965,679
301,New Danielle,Port Jessicamouth,942,153
302,Marytown,Donnahaven,234,266
303,Allenhaven,Wrightborough,432,721
304,Larahaven,Danielfort,733,896
305,Brandyshire,West Pamelamouth,794,564
306,Port Lesliemouth,Kaitlynchester,684,731
307,Butlerfort,Reyesfurt,464,253
308,South Thomas,South Normanside,832,396
309,New Brandifort,Amberville,220,779
310,Garciaville,Newtonmouth,237,808
311,South Ronniechester,North Kevinport,606,397
312,Lake Dannyshire,Leblancview,120,326
313,Port Stephanieville,Steinport,952,913
314,South Lisatown,East Anne,477,920
315,South Grantburgh,West Kelly,912,418
316,Lake Erica,East Toddbury,949,761
317,Manningfurt,Hectorchester,548,627
318,Rodriguezmouth,Arnoldview,598,987
319,West Christinefort,New Jacqueline,418,672
320,West Saramouth,Odonnelltown,400,820
321,Lake Stephanieborough,Lake Jeffrey,263,433
322,Curryberg,Robertview,622,532
323,Millerhaven,East Williamstad,58,278
324,Susanstad,Port Markborough,706,784
325,East Heather,Michealhaven,151,436
326,Lake Bethany,Port Elizabeth,874,622
327,Mirandahaven,Solisstad,973,773
328,Downstown,New Thomas,208,235
329,Christensentown,Hamiltonberg,264,469
330,Josephview,Lake Jacquelinemouth,706,381
331,Arthurview,Millerbury,318,621
332,West Tracy,Lake Tonya,968,139
333,West Kevin,New Dylan,896,412
334,Cohenchester,West Amy,992,594
335,Pricemouth,Hernandeztown,410,968
336,North Victormouth,Port Rachel,376,297
337,Fernandoland,Port Samantha,515,543
338,East Jasonhaven,West Stacy,719,618
339,Marcusside,Jonathanburgh,544,555
340,South Sharonport,Priceshire,918,691
341,North Vanessaview,West Joshuamouth,588,592
342,Veronicashire,West Brittany,745,377
343,Kevinville,East Jason,590,115
344,New Levi,Romanborough,395,812
345,East James,Robertbury,972,183
346,New Marcialand,Lake Melissa,121,717
347,Amandaview,East Kristin,330,829
348,Riggsshire,New Sydney,867,235
349,Beckview,Hollyland,543,946
350,West Stacy,Joelport,175,419
351,Stevenside,Austinside,770,900
352,New Monica,Lake Melissafurt,606,272
353,West Michael,Rogersborough,949,700
354,East David,South Theresafort,561,105
355,West Dianeville,North Cesarshire,305,912
356,Natashachester,Mitchellton,973,369
357,Stanleytown,West Lisahaven,211,487
358,Port Mario,North Anthony,536,808
359,West Wendyland,Port Howardport,70,475
360,Lake Jennifermouth,Wellsborough,381,264
361,Cervantesview,East Cassandra,769,495
362,Lake Zacharyborough,South Melissamouth,97,729
363,East Anita,Sloanfort,134,490
364,Stevenland,Lake Leah,440,250
365,Guerraton,Murphyborough,516,386
366,Robbinsfort,West Matthewborough,870,715
367,Feliciaberg,East Sean,811,921
368,Kingmouth,North Johnland,435,715
369,South Vickiton,East Jennifer,911,956
370,Myersport,North Ryanburgh,840,141
371,East Laurahaven,Port Kimberlyburgh,323,582
372,Garrettfurt,West Kristichester,449,273
373,Josefurt,Castilloside,763,674
374,Hawkinsport,West Jasonbury,987,201
375,East Carol,Melissamouth,598,601
376,Parkermouth,Lake Alexandra,938,125
377,South Brenda,Susantown,112,934
378,West Travisfurt,West Jaredmouth,964,976
379,New Ryanland,Pamelaport,525,906
380,Lake Jessica,Amystad,444,179
381,Patrickchester,Lake Amberberg,809,959
382,Pearsonton,West Cristinabury,201,994
383,Lake Timothy,Donaldsonton,803,631
384,Laneshire,East Charleshaven,981,396
385,Port Steven,North Jessica,742,765
386,New Mark,New Michaelborough,217,785
387,Jordanville,Micheleview,703,645
388,Shannonburgh,North Zachary,658,683
389,Wangmouth,Port Stephen,762,287
390,Gonzalezstad,Cervanteschester,315,844
391,Marymouth,Ericport,165,252
392,Stevensfort,Jeffreyport,764,689
393,Mckinneyville,Lake Ebonyport,661,449
394,Kellyside,Amyburgh,964,830
395,New Seanview,East Shelbyport,145,941
396,Grantview,Thomasshire,236,624
397,Kristaberg,Lake Charleneburgh,426,314
398,South Denise,West Zachary,736,213
399,New Samanthamouth,North Lynnfort,39,629
400,Henrymouth,Port Leah,154,844
401,Williammouth,South Amber,733,136
402,West Claytonfurt,Livingstonmouth,384,239
403,Suzanneland,Matthewmouth,397,302
404,Riggston,Maryside,855,458
405,New Gabriela,Coxville,872,650
406,South Jonathanland,East Victorialand,302,362
407,Robertsville,Josephshire,607,125
408,East Ryanberg,Lake Kevintown,988,885
409,West Daniel,North Tonyatown,489,380
410,Foxchester,Aaronmouth,124,128
411,North Jessicaborough,Shelleychester,347,991
412,Lopezland,Huynhhaven,534,129
413,Alexanderview,Marcusmouth,260,345
414,Sarahside,Kristentown,201,953
415,New Hunterview,Port Pammouth,700,175
416,Housefurt,Kevinfort,575,482
417,Barrerastad,Garyview,80,141
418,East Marcus,Lake Keith,351,267
419,New Katrinaside,South Karenfort,167,580
420,South Elizabethburgh,South Paul,697,359
421,North Zachary,Curryburgh,104,882
422,West Nataliefurt,New Tonyville,326,453
423,Garrettbury,Daisychester,99,755
424,Williamsview,West David,797,904
425,South Damon,Lake Christina,589,222
426,Thomasshire,Jenniferbury,790,342
427,Port Julia,West Tarastad,605,528
428,Lake Patriciamouth,Lake Sandrahaven,297,750
429,Thomasmouth,Lake Andrewfort,592,203
430,New Heatherborough,Port Chaseborough,54,852
431,South Amytown,New Kaylaport,855,821
432,Jonathanmouth,Benjaminchester,1000,710
433,West Jessicaville,West Ryan,880,190
434,Valdezmouth,Juliemouth,758,298
435,Jacksonton,Davidsonside,165,785
436,South Ashley,Feliciaberg,641,964
437,Amyshire,Lake Melissa,195,397
438,Lake Joshuamouth,Mossmouth,242,272
439,Lake Holly,Jerryfort,701,251
440,Mcdowellchester,West Kenneth,774,843
441,East Amanda,South Hayley,419,383
442,Maryshire,Jeffreyshire,72,125
443,West Jessicachester,Marcuston,341,439
444,Michellemouth,Michaelland,791,553
445,New Anthony,East Shannon,408,151
446,West Amberside,New Joseph,193,522
447,Bradleystad,Lake Sheilachester,157,726
448,East Mark,Poncemouth,34,627
449,Cherylport,East Betty,573,248
450,Brewermouth,Elizabethmouth,49,246
451,Lake Elizabeth,New Jasonchester,854,273
452,Davisburgh,New Staceybury,59,171
453,Jacksonbury,Chelseachester,240,968
454,Joseshire,Jennaton,670,631
455,Chapmanville,Carrollborough,248,211
456,New Danielleton,Herrerashire,554,561
457,Port Christopher,Shermanside,238,750
458,Johnsonborough,Port Jasminebury,740,854
459,Lake John,West Saraborough,887,113
460,East Michael,Lake Charles,877,349
461,Alexanderfort,Bryanbury,753,359
462,South Sharonview,Gregstad,724,561
463,Brownburgh,Sullivanborough,455,703
464,South Joannashire,Davisstad,458,720
465,New Shelly,South Adrianshire,491,578
466,Greerborough,Port Stephanieburgh,847,895
467,South Gabriellebury,South Ann,300,944
468,Lake Jamesberg,West Richard,186,258
469,North David,North Stephenfort,756,440
470,East Joy,Currytown,902,583
471,East Andrew,Brianland,447,889
472,Marymouth,North Christopherville,235,980
473,South Jessica,Vargasside,656,225
474,West Zachary,Rodriguezside,889,421
475,Rickyhaven,Reedshire,106,912
476,Stacyborough,New Emily,226,702
477,North Jeffreyborough,Kaitlynport,47,625
478,Meredithview,South Mary,473,208
479,Nunezborough,Lake Elijahmouth,343,644
480,Mosesview,East Jeffrey,971,314
481,South Lawrence,Griffinmouth,178,166
482,East Ryan,Kellyborough,904,897
483,Sarahmouth,Morrisburgh,794,482
484,New Jose,West Elizabethfort,494,808
485,Salasfurt,Darrellton,429,584
486,Port Roy,Johnsonside,221,284
487,Thomaston,Port Markfort,860,123
488,Youngburgh,Sandersside,62,424
489,East Jonbury,Jamesborough,737,874
490,East Pamelatown,Billmouth,383,842
491,North Jenniferview,Vaughnfort,953,434
492,Finleyton,Bairdton,905,645
493,North Elizabethton,Lanestad,907,297
494,East Hannah,Myersland,136,271
495,Porterborough,Roseshire,983,899
496,West Hannahmouth,Davidton,24,267
497,Johnsonberg,North Tylerfort,780,950
498,West Michael,Port Alexandria,448,679
499,New Alexville,North Julia,90,101
500,New Felicia,New Gregoryside,497,791
501,East Brittanyhaven,North Jennifer,265,859
502,Samuelhaven,Castrofurt,412,619
503,Rojasport,North Emily,452,204
504,New Warren,Port Markshire,846,740
505,Rodriguezhaven,North Christopher,915,429
506,South Eric,Fernandofort,536,252
507,Mariafurt,Michaelhaven,683,679
508,North Ashleychester,Tapiamouth,294,710
509,Douglastown,North Charlesland,861,665
510,Christopherbury,Robinsonville,18,213
511,North Anthonyborough,South Kevinbury,373,511
512,North Elizabeth,West Kristi,717,274
513,East Dale,Paulaton,233,153
514,Hardinhaven,New Danielton,961,152
515,Maureentown,Lake Mary,470,575
516,North Kristi,Selenamouth,479,745
517,Port Davidchester,Hayesmouth,716,1000
518,Geraldside,Lisastad,292,824
519,Katherinetown,Kellihaven,430,307
520,Tiffanyshire,Oconnellhaven,805,810
521,New Jane,Michaelton,920,796
522,New Joshualand,Drakestad,921,991
523,Davidmouth,South Christopher,295,728
524,Juanfurt,Millsmouth,147,754
525,West Thomas,Colinview,588,323
526,Cherylville,West Tonyaville,963,753
527,South Ginaburgh,Scottside,411,434
528,Lake Robert,New Emilymouth,869,910
529,North Antonio,Brookshaven,206,185
530,Michaelside,Lake Melindachester,339,866
531,East Nataliehaven,Campbellmouth,182,552
532,Gardnerborough,Millerberg,392,946
533,Port Angel,Morrisland,171,175
534,Petersonbury,Port Angelachester,477,679
535,West Paulabury,Port Troy,756,591
536,Dennishaven,East Amandaview,810,763
537,Christophershire,Floydbury,958,349
538,West Cathy,Port Josetown,582,904
539,Suzannechester,Allenside,39,546
540,West Williamfurt,Mooreville,345,974
541,East Markberg,Vincenttown,228,906
542,Greenstad,Johnsonland,384,847
543,East Robert,Lake Angelica,858,455
544,Ramireztown,Wangbury,147,427
545,New Deannachester,Alanbury,598,848
546,Scottshire,Austinside,286,740
547,Lake Craig,Hopkinschester,218,378
548,West Clintonshire,South Mario,248,427
549,Stevenborough,Larrytown,423,182
550,Melissaburgh,Saraberg,781,747
551,Colemanborough,North Laura,508,870
552,Christopherfurt,Dillonside,472,938
553,Lake Yolanda,Lake Teresa,817,481
554,Millsfort,West Christophertown,567,158
555,Timland,Laurenmouth,708,304
556,Port Andrewchester,Timothychester,564,823
557,Johnborough,North David,210,175
558,East Frank,East James,71,892
559,South Nathanmouth,South Anthony,302,271
560,Mcdowellborough,Matthewland,619,574
561,Jasonville,Brentshire,90,978
562,North Kendra,Lake Melissafort,980,587
563,Johnsonborough,West Courtney,674,763
564,Erinshire,West Daniellemouth,762,312
565,Lake Heather,North Debraborough,270,756
566,Dawntown,Williamsville,849,449
567,Cookbury,West Melanieshire,110,241
568,Skinnerport,Duaneport,479,242
569,East James,North Coletown,480,367
570,Rodriguezview,Port Michealtown,570,372
571,Faulknerview,East Amanda,337,580
572,West Jesusberg,North Nathanielburgh,76,481
573,Lake Richard,Griffinview,728,769
574,North Derekhaven,South Petertown,896,813
575,Brennanville,North Teresa,422,426
576,Lindamouth,Mirandaberg,951,179
577,Port Dianachester,East Juliechester,676,614
578,Benderhaven,New Derekfort,486,916
579,Donaldport,North Todd,149,748
580,South Susan,Port Adamton,661,693
581,South Phillipland,South Elizabethburgh,721,753
582,Liuborough,West Michelleton,844,816
583,South Albertmouth,Angelafurt,30,591
584,East Ashley,Stephaniefurt,542,871
585,East Traciton,Kathleenmouth,257,377
586,Lake Richardmouth,Coryfurt,571,442
587,North Jason,Nguyenshire,387,437
588,Joseview,West Anita,275,300
589,Jasonfurt,Port Erik,185,332
590,Webstershire,Lake Davidstad,375,290
591,Sarahton,New Johnstad,100,316
592,Lisaland,Ballmouth,579,670
593,Tammytown,Smithchester,679,310
594,Bradleyfort,East Kellyport,29,637
595,Michaelport,Brownstad,783,235
596,Williamsborough,Wilsonview,143,382
597,Georgeton,Julieland,638,278
598,Kimberlymouth,Lawsonberg,27,147
599,North Edward,North Waynefurt,240,286
600,Jacquelineshire,Perezberg,868,980
601,Claytonfurt,Lake Cody,441,326
602,Romerostad,Lake Virginiaside,762,852
603,Dustinside,Elizabethmouth,82,601
604,Lake Cynthiamouth,East Justinburgh,328,142
605,Denisemouth,Goodwinchester,852,813
606,Kimberlymouth,Karenberg,90,131
607,Annashire,Lake Vanessa,403,878
608,Lake Julie,Port Henry,478,710
609,East Kristenburgh,South Christianchester,375,229
610,South Michelle,South Joshuaport,362,523
611,Port Gail,Melissafort,327,664
612,New David,Williamsview,789,926
613,New Austin,Jacksonberg,907,443
614,South Danshire,Port Donna,622,907
615,Jessicaland,North Frank,714,754
616,Kellyfurt,New Emilytown,342,345
617,Port Markview,Petersonshire,193,322
618,Timothyview,Darrenstad,985,763
619,Lamchester,Paulbury,983,113
620,West Scottside,Kristenside,308,857
621,Lake Amber,New Dalefurt,917,902
622,Susanstad,Lake Angelastad,436,946
623,Lake Suzanne,Lake Veronica,71,768
624,West Christopher,Carlosville,699,292
625,Lake Jennifer,West Kimberlyland,692,656
626,West Richard,East Andreaberg,944,851
627,North Donald,South Gregorytown,188,924
628,North Robert,Patriciafurt,264,401
629,Charlestown,Johnsonton,429,934
630,Port Jamie,Kennethport,888,353
631,West Tonistad,Byrdbury,920,524
632,New Lawrence,Samanthaville,500,299
633,Shaunhaven,Sarahside,988,105
634,New Christopher,Harrisland,871,749
635,Theresashire,Lake Jennifer,27,227
636,Parkermouth,Cookstad,683,387
637,Smithburgh,Danielland,160,139
638,Travisstad,Stevenfurt,533,752
639,Alyssaview,Christopherland,515,379
640,Jamesport,Lake Richard,534,301
641,Wheelerton,East Charlesburgh,639,100
642,North Cynthiaborough,Angelashire,478,495
643,Stephenshire,Piercemouth,199,397
644,South Christinaton,East Brianville,115,210
645,East Thomas,West Monicahaven,592,577
646,Newmanland,New Saraberg,456,944
647,Jenkinsville,Deniseville,63,471
648,West Elizabethtown,East Georgemouth,399,130
649,Barnetthaven,Rebeccafurt,565,436
650,Christieburgh,Lake Candaceport,10,334
651,Port Pamelahaven,East Kyleburgh,239,539
652,Susanchester,Bonnieside,494,404
653,Jerryport,East Mary,451,235
654,Lake Christopher,Herreraborough,991,993
655,Johnchester,East Deborah,71,245
656,Kristahaven,Lake Stevenshire,242,225
657,West Lisa,Lake Kelli,928,739
658,East Richardfurt,Jonfort,747,643
659,Brownfort,Stephanieport,862,645
660,Amandafurt,Youngfurt,318,499
661,Deborahshire,Cookshire,447,221
662,Catherineview,North James,289,457
663,New Bethanychester,Harrisontown,722,866
664,Danielborough,East Gabrielachester,707,114
665,Crosshaven,Martinezland,956,619
666,Kelleyhaven,Alvaradoshire,341,214
667,Anthonyburgh,Lake Stephanieview,421,917
668,Robertberg,Nguyenborough,972,900
669,North Justin,Port Anthony,568,641
670,Watersside,Stephanieton,875,217
671,Hartview,Jonathanton,853,603
672,Nicolefurt,Millerfort,993,207
673,Georgeburgh,Williamsmouth,410,552
674,Rhodesside,West Maria,14,266
675,North Ritatown,North Brandonland,884,618
676,West Erikhaven,North Scottbury,902,377
677,Lake Joshua,East Nicole,826,466
678,West Larryfurt,East Johnport,448,829
679,Martinmouth,Mccalltown,876,688
680,New Oliviaville,North Benjamin,934,665
681,New Matthewhaven,New Michaelberg,819,707
682,East Donald,Port Alexander,367,122
683,Morganchester,Santanastad,581,865
684,South Jose,Port Karenfurt,935,942
685,Hoffmanland,Ramirezbury,916,548
686,Port Christopherport,East Drew,679,488
687,Lake Russell,Newmanfort,104,121
688,South Margaret,Vasquezmouth,50,575
689,Port Samanthaborough,Lake Gregory,241,672
690,South Lisafurt,West Barbara,972,423
691,Lake Abigailfort,East Joshuaton,199,397
692,New Rodneytown,North Christopher,999,231
693,East Robert,West Isaac,109,198
694,Gilberttown,South Patricia,809,212
695,Ortizberg,Port Kimberly,153,500
696,Francisport,New Jerry,230,876
697,Simpsonfurt,Franklinhaven,938,540
698,New Courtney,Williamsborough,605,782
699,Lake Joshuaberg,New Luis,996,497
700,Malikville,North Karen,615,981
701,Melissahaven,Port Charles,764,116
702,Lake Alex,New Sharon,834,660
703,Lake Molly,South Sydney,79,328
704,Cohenstad,New Robertton,684,580
705,Lake Natasha,Timothyshire,956,123
706,Lake Stevenmouth,West Lisa,758,654
707,Navarroborough,West Richard,38,227
708,New Pamela,North Feliciafurt,161,835
709,Ericport,Halechester,282,656
710,Port Kimberlyport,Michaelbury,947,727
711,Heathermouth,New Sherri,694,720
712,Glenstad,Lake John,763,953
713,West Travis,Lake Marybury,302,731
714,Blankenshipchester,Mckenziefort,178,335
715,Adamsmouth,Turnerfort,428,808
716,Manuelside,Villegasburgh,960,434
717,North Jessica,Lake Adrienneshire,488,993
718,Johnstad,Castromouth,488,276
719,South Jared,North Wendyside,762,486
720,East Robertview,Andrewberg,890,519
721,New Larry,North Susanhaven,621,845
722,West James,South Williamton,154,263
723,Austinhaven,South Kelseyberg,177,702
724,Kennethfurt,West Lisafort,230,562
725,East Davidburgh,Markland,292,363
726,Port John,Robertofort,16,959
727,Jillianmouth,Lake Marcmouth,180,407
728,Bryanton,West Kennethview,336,655
729,Floydland,Port Erica,34,748
730,Port Robinland,New Hollyfort,462,242
731,Laurieburgh,East Davidshire,112,720
732,Karenland,East Kristy,64,493
733,Baileyport,Port Sarah,887,404
734,South Saraport,Lake Thomas,85,692
735,East Eddieview,North Jeremiah,196,754
736,West Gregoryport,East Rebeccaborough,258,152
737,Port Lawrence,Debramouth,49,713
738,New Andrewton,Millerborough,144,782
739,East Megan,Lake Annette,984,557
740,Turnerhaven,Ayersville,625,847
741,Port Jamesshire,North Aprilburgh,852,668
742,South George,Lake Kyleton,775,398
743,Stephanieshire,Sherylton,721,443
744,New Stephenstad,East Sheenabury,249,601
745,South Charles,South Tarastad,806,812
746,Joshuaside,Lake Angela,432,432
747,East Dylan,East Gregoryhaven,340,1000
748,Valenciachester,Rebeccaville,649,297
749,Lake Pamela,Brandonchester,273,274
750,West Marissa,East Kennethfurt,292,729
751,Port Karen,Lake Clarenceborough,81,369
752,West Melindatown,Port Jerrymouth,327,659
753,New Daniel,East Josephside,817,844
754,Moralestown,Duncanborough,698,572
755,Lake Kristin,Westchester,493,197
756,Kurtborough,North Andrew,249,209
757,Teresaberg,New Shannon,376,535
758,North Kimberly,Jennaton,961,338
759,South Robert,Moralesport,384,984
760,Elizabethland,Davidmouth,174,410
761,Jeffreymouth,New Susan,825,392
762,Anthonychester,Millerside,334,499
763,Thomasshire,Simsshire,997,1000
764,Amandahaven,Williamfort,783,679
765,North Jadeville,Lake Danaton,513,451
766,North Daniel,Osbornborough,365,908
767,Lake Michaelmouth,East Ronaldville,147,672
768,Paulashire,Joneschester,907,522
769,West Renee,Lake Deannafurt,232,511
770,Phamshire,Port Jared,340,267
771,West Crystal,Aprilmouth,977,874
772,Webbhaven,Conradbury,744,596
773,West Laurafort,East Kevintown,992,148
774,West Rachelshire,Susanchester,616,535
775,Burtonport,Walkerborough,79,946
776,East Richard,Jennifertown,946,854
777,South Joseland,Nicholasborough,750,884
778,Dawnstad,Whiteport,846,204
779,Matthewborough,Rodgersshire,520,746
780,New Christophermouth,Port Jessicachester,450,430
781,South Mary,South Jason,845,500
782,Romeroport,Johnburgh,697,855
783,Melanieland,Matthewfort,60,643
784,Carrollburgh,Cardenasbury,664,199
785,Christychester,Port Alisha,882,795
786,New Evelyn,Port Daniellechester,268,827
787,Michaelmouth,Matthewbury,639,457
788,Port Danny,Port Nicole,663,134
789,Jenniferfurt,West Kimberlytown,257,948
790,New David,East Robert,779,544
791,Beanside,Port Antonio,934,108
792,Mcdowellton,North Robert,709,446
793,Franklinborough,East Jason,25,809
794,Lake Shawn,Port Philip,578,961
795,Port Amyburgh,Smithfort,400,863
796,South Leroy,Williamshire,880,438
797,Melissamouth,East Garyport,299,656
798,Owenmouth,Amyfort,40,131
799,Michaeltown,Lake Jennyberg,705,807
800,Lake Eric,Port Stevenhaven,162,390
801,Kathleenshire,Josephmouth,180,219
802,Brownport,Tarashire,890,793
803,East Patriciaburgh,South Melissa,391,903
804,Ronaldton,Knappton,129,833
805,Edwardview,West Renee,295,494
806,North Travis,Glennhaven,557,470
807,South Karentown,Lake Catherinefurt,824,399
808,South Shanetown,Port Janethaven,799,978
809,South Darren,Brandtborough,862,883
810,Port Matthewstad,Port Robinhaven,823,457
811,Kington,Johnstonland,117,495
812,Kirbyburgh,Gonzalezstad,261,327
813,Higginsfurt,Johnathanfort,124,878
814,Kimberlystad,Alanhaven,465,627
815,Grayburgh,Robertsberg,301,733
816,West Kevin,North Stephen,162,563
817,Chandlerborough,South Melissahaven,374,238
818,Marshallchester,Richardsonshire,549,788
819,Port Matthew,West Jamesmouth,243,710
820,South Jason,North Melinda,193,433
821,Davidside,Victoriatown,855,693
822,Nathantown,South Samanthaland,388,777
823,North Cassandra,Alvaradoville,636,152
824,West Christopher,Boydview,591,693
825,Annaside,North Tristanville,863,477
826,East Loriville,East Cindytown,353,949
827,Brownshire,North Jay,792,302
828,Larabury,East Kevintown,471,379
829,New Angela,Robertstad,856,606
830,Kevinfort,Harrisonport,922,318
831,Lewishaven,Davidside,335,864
832,Ruizburgh,Nelsonberg,970,839
833,North Joshua,Lesliestad,400,416
834,East Brian,Harrisview,668,100
835,New Daniel,Port Vickie,671,129
836,Donaldville,West Jerryberg,309,411
837,New Justin,Sloanfort,400,515
838,New Carrieville,Port Jacobstad,477,674
839,Staceyfort,Derrickchester,372,580
840,Armstrongbury,Ramirezfurt,239,414
841,Raymondmouth,Davidport,173,774
842,Flynnbury,North Madison,293,709
843,West Georgeside,Peckberg,44,676
844,Simonport,West Carolineville,160,548
845,Carpenterchester,North William,830,899
846,East Julie,Port David,349,480
847,North Victoria,East Amy,550,448
848,Brianbury,Port Colin,454,521
849,North Roberta,Lake Sandraberg,867,859
850,Walshview,Sheltonfort,274,560
851,New Christopher,East David,673,853
852,South Cristinamouth,Lake Richardshire,984,628
853,Chrisfurt,West Diana,121,778
854,West Martinborough,West Dawnmouth,155,732
855,Johnton,East Angela,879,773
856,Frenchville,Port Victoriaton,764,570
857,South Dianemouth,Garcialand,452,451
858,East Kyle,Martinstad,370,460
859,Sharibury,Jameston,772,349
860,East Guy,Pennychester,866,896
861,Seanmouth,Janetburgh,869,648
862,Lake Amandaburgh,Hallside,860,143
863,Jimhaven,Frankview,490,825
864,South Eric,Port Meganborough,139,497
865,Mullinsmouth,West Davidborough,368,708
866,West Gregory,Sarahborough,447,697
867,Chanberg,East Jamie,653,260
868,New Nicholas,Port Kelliburgh,983,915
869,Nicholasville,Crosbyview,673,580
870,Jenniferchester,Lake Jamesbury,369,966
871,Lake Ryan,North Elizabethberg,175,159
872,East Melinda,Melaniemouth,610,961
873,Lake Anthony,Matthewsberg,781,506
874,Atkinsfort,South Elaine,973,680
875,Williamsville,West Angieport,486,445
876,Port Suzannefort,West John,671,340
877,Taylorstad,Johnfurt,289,604
878,Tanyamouth,New Kathyport,711,849
879,Paulchester,New Karenfurt,77,921
880,Michaelview,Port Zachary,104,597
881,Walkerfort,Cartertown,104,481
882,East Mary,Katelynberg,982,645
883,Robinsonshire,North Connorburgh,634,879
884,Paulatown,Nicholasberg,89,217
885,East Jeffreyfort,Brittanyport,704,506
886,New Jessicahaven,Gordonview,852,257
887,Francoberg,Joymouth,421,720
888,North Colleen,West Michael,970,601
889,South Thomas,Jacobside,70,667
890,Lake Craigchester,Dominguezchester,484,284
891,North Lawrence,Port Adrianberg,679,471
892,Lake Marcside,Macdonaldmouth,763,409
893,Holmesport,Lisahaven,962,984
894,East Richard,Maryport,447,589
895,Greenfort,Lake Daniel,419,873
896,North Jerryburgh,Cynthiamouth,85,657
897,Port Heidishire,East Angelatown,949,996
898,Mollyfort,New Amanda,645,795
899,Johnland,Brandonfort,577,269
900,Brittanytown,West Tiffanybury,339,726
901,Wilsontown,Port Matthew,165,775
902,North Joshua,Hannahhaven,593,542
903,South Traceyfurt,New Sarah,790,106
904,Ramirezland,South Jamesport,808,775
905,West Stephanieshire,Sanchezview,674,177
906,Reynoldsside,Port Robert,648,542
907,Donovanstad,North Jason,413,446
908,North Laurachester,Dyerside,831,592
909,Lake Kristinaland,West Cassidy,566,726
910,East Bethanyport,East Dennishaven,865,840
911,West Grant,Chapmanport,427,622
912,South Sarahton,South Lindsay,35,653
913,Parkerbury,Anthonybury,334,683
914,Williamstown,Chambersbury,562,764
915,Lake Craig,East Lee,144,402
916,West Benjamin,Reedchester,210,226
917,Lake Mary,Port Linda,933,277
918,Bethborough,Port Austinchester,167,566
919,Curtisburgh,Ryanhaven,684,505
920,Walkermouth,Lake Tammyshire,567,617
921,Dylanmouth,Cooperstad,359,124
922,New David,West Ryanstad,979,770
923,Lake Laurafurt,West Michelle,270,331
924,Angelborough,Port Michaelland,949,778
925,North Johnberg,North Williamshire,734,802
926,East Todd,Darylview,337,519
927,West Julia,Michaeltown,428,876
928,West Curtisbury,North Lisaburgh,812,810
929,South Karenchester,South Annafort,122,1000
930,Moralesfurt,North Kristin,822,299
931,Richardbury,Ricemouth,493,911
932,North Cindybury,East Katrinamouth,977,202
933,Port Elizabethborough,Williambury,36,751
934,Lake Meredithmouth,North Lindsey,246,397
935,Linland,Mccoyport,590,587
936,Melissashire,Johnnyburgh,593,631
937,Lake Tracyfurt,Laurafurt,913,911
938,West Kirsten,Lake Johnland,888,816
939,Cainside,Darrylmouth,621,507
940,East Sarahland,East Robin,961,853
941,Matthewport,West Angel,139,695
942,West Brandon,Lake Andrewhaven,365,767
943,Port Richardstad,Amyport,906,371
944,West Walter,Port James,530,221
945,Emilystad,Frankborough,172,605
946,Parkerview,New Brendaside,455,627
947,North Caitlin,Port Daniel,402,370
948,Port Wayne,Oliverburgh,74,713
949,Hawkinsburgh,Howellborough,709,206
950,Watsonberg,West Christina,520,808
951,Ericchester,Port Joseph,515,911
952,Wendyhaven,Mollyland,329,558
953,South Alisha,West Josephview,615,482
954,Port Lance,Adamview,771,372
955,Harrisburgh,Alexandraland,773,379
956,North Jeremy,North Elizabeth,609,473
957,Harrisborough,Barbarachester,584,212
958,Richardton,New Kyle,550,115
959,Jamesport,North Jasonshire,555,293
960,North Angelamouth,Fordtown,446,457
961,West Bethany,Lake Darren,414,255
962,West Monica,Stevensport,506,391
963,Fritzshire,Lake Rebecca,757,100
964,Millerport,South Nicole,353,744
965,Mirandaview,New Patrickmouth,294,155
966,Tannerfort,Clarkefort,749,119
967,New Jeffreybury,New Madisonport,528,651
968,Lake Katrinashire,Turnerview,371,171
969,South Debra,West Lori,709,115
970,Laneland,East Branditown,611,766
971,Port Keith,New Kathrynchester,95,730
972,West Kennethmouth,Whitetown,108,752
973,New Cheryltown,Morrisbury,228,187
974,Port Eric,Jamesfort,264,145
975,New Natasha,New Sandra,438,284
976,Maddoxbury,Kentmouth,505,922
977,East Thomas,Stoutmouth,889,679
978,East Joseph,Shaneborough,774,573
979,Simmonsmouth,Lesliemouth,394,200
980,North David,Davidfort,802,814
981,Bradfordmouth,Garytown,466,934
982,Troyshire,West Kellyburgh,713,139
983,Brittneyville,East Connor,900,616
984,Jacobtown,South Theresafurt,596,444
985,Christopherberg,Port Brittanyfurt,619,662
986,North Stephen,Gonzalezland,671,283
987,South Vanessabury,South Deborahstad,85,778
988,North Timothystad,Collinsfurt,654,680
989,West Sharon,Taylorside,999,859
990,North Margaret,Joestad,888,873
991,Lamport,Gregorymouth,940,372
992,Brownshire,Harringtonfort,319,181
993,Deleonborough,Smithport,853,114
994,Port Jennifer,New Billy,617,450
995,Deanton,West Jacobchester,443,844
996,Kennethmouth,Juanborough,549,179
997,East Leslie,Whiteheadshire,813,134
998,Port Michaelport,Sarahstad,807,740
999,Perezview,Parksshire,660,445
1000,South Michaelport,New Jonathan,324,996
