GridID,From,To,Distance_km,Capacity_MW,FromLocationID,ToLocationID
G001,Kimberlychester,Lowefurt,37,292,L0309,L0419
G002,Lake Kristinetown,East Elizabethhaven,50,451,L0362,L0169
G003,North Emilyberg,Port Douglas,844,986,L0553,L0666
G004,Thompsonhaven,New Tyler,50,815,L0854,L0541
G005,Lake Travisville,North Christopher,728,216,L0399,L0576
G006,Scotthaven,New Jamesview,260,909,L0735,L0504
G007,East Amy,Nixonburgh,626,297,L0125,L0552
G008,West Mathew,Jamesville,899,809,L0917,L0284
G009,Joyceshire,West Thomasland,702,865,L0288,L0933
G010,Port Erica,East Stephanie,842,509,L0643,L0211
G011,Jessicaside,Port Kellyville,249,818,L0267,L0683
G012,Stevenview,Lake Juliaburgh,177,582,L0839,L0370
G013,West Sarahmouth,Morganfort,755,659,L0935,L0464
G014,Espinozamouth,South Willieborough,492,968,L0203,L0845
G015,South Amandachester,North Jeffreyview,105,459,L0758,L0591
G016,Josephburgh,East Clifford,993,304,L0280,L0161
G017,Juanchester,Jenniferstad,836,188,L0290,L0293
G018,Lake Angelafurt,Cameronmouth,103,406,L0322,L0051
G019,Port Caitlinport,New Traviston,742,186,L0629,L0539
G020,Amymouth,South Christinahaven,509,782,L0012,L0792
G021,Miguelborough,South David,487,150,L0446,L0798
G022,Taylorborough,Jenniferburgh,928,459,L0848,L0290
G023,West Matthew,East Curtiston,527,735,L0918,L0164
G024,East Chad,Currymouth,737,419,L0136,L0095
G025,East Dana,Jenniferfurt,103,659,L0144,L0291
G026,West Rachel,Ruthchester,45,486,L0925,L0752
G027,Stevenmouth,South Karachester,719,400,L0838,L0819
G028,Shepherdberg,Mindyville,699,675,L0743,L0460
G029,Liushire,West Carolyn,698,915,L0410,L0896
G030,West William,Port Jasonborough,918,632,L0941,L0672
G031,West Carly,Port Hannahmouth,268,311,L0885,L0670
G032,West Suzanne,Jamesfurt,505,575,L0939,L0282
G033,East Christopherville,Wallacetown,555,965,L0140,L0878
G034,Anthonyburgh,Jefferyport,444,497,L0023,L0289
G035,Charlottehaven,South Nicolemouth,433,568,L0078,L0834
G036,Millerburgh,Dominictown,197,496,L0450,L0124
G037,West Julietown,South Justinstad,638,278,L0906,L0818
G038,South April,Danielburgh,105,109,L0761,L0100
G039,Cameronbury,Port Sandrastad,20,536,L0061,L0701
G040,Robertton,Lake Daniel,106,625,L0714,L0346
G041,Lake Emilytown,West Mariah,885,437,L0343,L0920
G042,Michaelburgh,Georgetown,928,871,L0440,L0242
G043,Susanbury,Sheilamouth,89,919,L0844,L0765
G044,Kimberlyfort,North Michellehaven,900,990,L0310,L0610
G045,Port Anthony,Brownview,360,997,L0625,L0045
G046,Webbmouth,Duncanborough,49,846,L0874,L0131
G047,West Jennifer,Port Joshua,586,950,L0903,L0681
G048,Rodneyview,Petersonside,769,915,L0717,L0641
G049,East Briannaburgh,North Mariemouth,734,259,L0132,L0607
G050,Candacefort,New Bianca,639,701,L0062,L0485
G051,Reedview,North Aliciaburgh,240,514,L0699,L0556
G052,Robinsonfurt,Dunnberg,462,960,L0715,L0132
G053,North Gregoryberg,East Brittany,12,492,L0557,L0154
G054,New Joseph,North Holly,790,810,L0498,L0587
G055,Stevenfort,West Scott,108,947,L0836,L0931
G056,West Melissa,East Brianville,940,625,L0919,L0153
G057,East Jamieberg,Derrickshire,359,244,L0156,L0118
G058,Wrightfort,Dustinchester,454,211,L0959,L0134
G059,Wilkersonland,Amystad,986,378,L0944,L0008
G060,Lake Juliashire,Port Kathleenland,709,402,L0360,L0682
G061,Davidland,East Justinstad,294,363,L0107,L0181
G062,Lake Heathermouth,North Jeremiah,917,608,L0346,L0593
G063,Hartburgh,Tuckerfort,893,177,L0236,L0872
G064,Lake Anita,North Jeremyview,369,755,L0323,L0594
G065,Stephanieborough,Keithport,566,967,L0834,L0321
G066,West Andrew,Lake Sydneychester,293,580,L0878,L0395
G067,Mirandatown,Paulaland,445,484,L0454,L0637
G068,Lake Joanna,Brockfurt,299,905,L0352,L0040
G069,West Brianmouth,Harrisonmouth,70,830,L0882,L0261
G070,South Christopher,Rossville,862,456,L0769,L0749
G071,Alexview,New Mary,698,971,L0006,L0519
G072,North Melindafort,South Jill,331,236,L0580,L0814
G073,Lake Whitney,Stephaniechester,671,875,L0400,L0850
G074,Rothland,Hillbury,439,662,L0724,L0269
G075,East Kristin,East Chris,599,860,L0171,L0158
G076,West Stacyton,Davischester,139,173,L0938,L0106
G077,Lake Lisaside,Cookburgh,543,802,L0367,L0085
G078,Brooksport,South Heatherport,840,305,L0054,L0807
G079,Williamshaven,Stevenhaven,290,156,L0949,L0852
G080,New Natalie,Hensonshire,345,879,L0509,L0265
G081,Currybury,North Amanda,791,998,L0096,L0557
G082,Joshuaberg,South Alex,62,934,L0286,L0781
G083,Marieton,Rodneybury,142,728,L0418,L0742
G084,Williamschester,Brandonville,793,126,L0948,L0034
G085,Meyermouth,Martinezside,410,995,L0438,L0431
G086,Gonzalesfort,North Arianaborough,389,577,L0224,L0564
G087,Harrellton,Port Ryan,486,698,L0233,L0700
G088,Derrickchester,New Robert,996,294,L0116,L0530
G089,Lake Josephshire,Hamptonburgh,642,324,L0357,L0256
G090,Morrowhaven,East Hannah,90,211,L0461,L0171
G091,North Crystal,Brownville,142,140,L0546,L0046
G092,Michaelmouth,Dawnside,790,895,L0441,L0112
G093,Malonefort,Richardton,31,249,L0414,L0729
G094,East Rachelview,Markmouth,589,884,L0181,L0427
G095,New Denise,Josephborough,449,202,L0484,L0312
G096,Jacksonmouth,Matthewborough,318,896,L0249,L0435
G097,North Zoe,Nelsonmouth,554,725,L0607,L0474
G098,Glennchester,Chenland,46,212,L0223,L0070
G099,Daniellemouth,New Trevor,437,293,L0100,L0540
G100,Robertton,Lake Kyle,96,333,L0714,L0377
G101,North Erin,East Davidfort,495,266,L0554,L0167
G102,Williammouth,New Anthony,849,537,L0946,L0482
G103,Hodgeburgh,Duranchester,672,508,L0243,L0133
G104,Yatesborough,Lake Kaylaside,685,212,L0961,L0373
G105,Haysshire,East Joshuaport,769,714,L0237,L0180
G106,West Scott,Frankview,604,875,L0936,L0240
G107,Wolfeport,Floydshire,536,113,L0957,L0230
G108,North Fredfort,Michelleshire,347,838,L0555,L0454
G109,Riveraburgh,Port Theresa,781,878,L0707,L0705
G110,Stewartside,Whitetown,254,315,L0841,L0940
G111,New Briannabury,Jennifermouth,268,116,L0477,L0292
G112,Jeremytown,South Dianeside,29,557,L0264,L0799
G113,West Dominic,Patrickchester,20,214,L0897,L0636
G114,Williamsberg,Port Brianton,128,815,L0947,L0652
G115,Avilabury,Port Rebecca,833,329,L0031,L0696
G116,Davidborough,East Raymondton,537,764,L0104,L0203
G117,North Chelsey,New Derrickhaven,236,641,L0539,L0497
G118,South Nicoleside,Harperchester,721,857,L0812,L0258
G119,North Wesleychester,Jillianbury,275,158,L0603,L0300
G120,Gallagherburgh,East Amy,168,835,L0215,L0144
G121,Hendersonshire,Meyershire,387,121,L0239,L0445
G122,East Mistyburgh,South Theresa,224,427,L0178,L0841
G123,Jimenezstad,East Ruthstad,448,218,L0270,L0208
G124,East Jamesfurt,North Amber,547,247,L0155,L0558
G125,Lake Brittanyborough,North William,265,863,L0329,L0629
G126,Robertmouth,Port Jerryside,543,790,L0711,L0675
G127,Garrisonmouth,East Michele,142,206,L0217,L0193
G128,New Brendanside,Port Carl,901,465,L0474,L0653
G129,Rodriguezton,Sherryville,17,142,L0719,L0767
G130,Nelsonland,New Kathleen,51,944,L0467,L0513
G131,East Jeremystad,North Erin,378,585,L0159,L0585
G132,Scottberg,Smithview,508,939,L0734,L0776
G133,Stevenland,Port Tiffanyfort,33,731,L0837,L0706
G134,East Danielle,Lake Amyberg,836,613,L0146,L0336
G135,Port Michelle,West Leah,230,314,L0670,L0918
G136,West Lisa,Kerrton,746,479,L0911,L0327
G137,North Debra,New Paulburgh,207,259,L0550,L0527
G138,East Sharon,East Aaron,569,390,L0185,L0136
G139,Ashleybury,Millsberg,365,358,L0026,L0457
G140,North Joseph,Port Gregoryton,275,650,L0564,L0669
G141,East Charles,East Luisside,26,988,L0137,L0184
G142,Ramirezmouth,Brooksville,814,922,L0691,L0042
G143,Lake Kevinfurt,Samuelville,93,751,L0361,L0758
G144,New Brianna,Lisaport,564,104,L0476,L0412
G145,Williamsland,Dawnfurt,815,297,L0951,L0110
G146,Lake Robertstad,Jenniferview,721,482,L0384,L0294
G147,West Kenneth,Reevesview,223,636,L0909,L0720
G148,Baileyfort,Dawnborough,391,219,L0034,L0109
G149,Lake John,Singhshire,530,142,L0354,L0772
G150,Christophertown,Wilsonberg,837,376,L0088,L0946
G151,Johnsonmouth,East Christine,44,658,L0273,L0159
G152,Lewisview,East Amandachester,306,960,L0408,L0142
G153,Lake Monicaborough,Carrberg,40,429,L0377,L0058
G154,Lake Dean,Colemanport,287,873,L0339,L0080
G155,West Kimberly,Crystalmouth,494,452,L0910,L0093
G156,North Christineville,Donnabury,498,532,L0541,L0128
G157,South Ryan,Lake Harry,94,818,L0816,L0354
G158,Seanhaven,North Alexanderstad,532,604,L0736,L0555
G159,Lake Kyle,Richardberg,636,471,L0363,L0728
G160,East Jasonville,New Briannaland,40,778,L0157,L0490
G161,Kellyberg,Smithview,910,479,L0303,L0776
G162,East Cynthiaton,Lake Kevinfort,742,867,L0143,L0374
G163,North Martha,North Stephanie,340,570,L0578,L0622
G164,East Tonya,Rodneyside,771,381,L0191,L0743
G165,North Michael,North Richard,902,830,L0582,L0615
G166,Port Kyleville,Kingfort,88,333,L0666,L0331
G167,Lake Alan,Carolhaven,225,155,L0319,L0054
G168,Bauerberg,South Charleneborough,458,889,L0039,L0790
G169,South Mollyview,Sotomouth,533,378,L0809,L0777
G170,North Toddstad,West Cindy,43,482,L0599,L0899
G171,Stephanieton,East Jenniferview,388,412,L0835,L0177
G172,Territown,Emilyberg,369,399,L0850,L0220
G173,Port Jenniferstad,Gutierrezborough,332,854,L0648,L0253
G174,Lake Lindseyborough,West Franciscobury,860,997,L0365,L0904
G175,Lake Tinaville,North Williamburgh,227,384,L0397,L0630
G176,Troyport,Sabrinaside,905,553,L0861,L0754
G177,Brownview,West Jessicafort,884,116,L0058,L0911
G178,Robertsonhaven,Lake Jonathanville,33,112,L0712,L0365
G179,South Ryanburgh,South Mario,145,665,L0817,L0825
G180,Leemouth,Mendezton,351,491,L0406,L0442
G181,Anthonyberg,Port Mollyshire,875,741,L0022,L0692
G182,New Thomasberg,Robertburgh,818,328,L0522,L0737
G183,Lake Christine,Lancetown,508,218,L0333,L0401
G184,West Robert,Lake Tarabury,683,902,L0930,L0396
G185,Hamptonfurt,North Blakemouth,868,472,L0231,L0570
G186,Lawrencebury,Grantville,313,438,L0403,L0249
G187,Williamborough,Rickyside,837,314,L0945,L0731
G188,New Suzannefort,Port Patricktown,663,726,L0521,L0695
G189,Barneshaven,Mosshaven,154,391,L0037,L0467
G190,Alyssamouth,Brandyton,199,878,L0009,L0036
G191,New Brookeburgh,Wardshire,811,130,L0478,L0880
G192,West Williamside,Espinozashire,715,793,L0942,L0223
G193,Kevinside,Smithchester,553,903,L0308,L0773
G194,Melissahaven,South Sheila,30,607,L0437,L0838
G195,Nelsonland,Tannerland,236,926,L0467,L0857
G196,Rogersburgh,West Mark,155,288,L0720,L0921
G197,South Michael,East Phillip,434,990,L0805,L0201
G198,New Frederickburgh,East Mia,293,299,L0491,L0191
G199,Hollymouth,Billyberg,961,697,L0244,L0028
G200,North Michael,Jacquelinehaven,96,794,L0582,L0281
G201,Leonardborough,New Angela,419,759,L0407,L0479
G202,Kaitlynburgh,Jerryton,831,150,L0295,L0296
G203,Janicestad,Dawnhaven,805,795,L0257,L0111
G204,Millerland,East Kelly,556,971,L0451,L0182
G205,Munozmouth,Peterton,233,214,L0463,L0642
G206,East Hannah,Jacobsonberg,58,370,L0152,L0279
G207,Bryantland,North Natalieville,846,607,L0059,L0612
G208,Ellisfort,Jessicaborough,967,345,L0198,L0297
G209,Christopherburgh,North Nicholas,527,376,L0085,L0613
G210,Villaville,Elizabethport,500,641,L0864,L0217
G211,Lake Seanfurt,New Brandon,629,402,L0386,L0486
G212,Blackburnland,South Mark,282,366,L0045,L0826
G213,Watsonbury,Stanleyport,905,546,L0872,L0849
G214,Angelamouth,Port Aliciamouth,418,894,L0019,L0646
G215,Jeanetteberg,Vegastad,945,404,L0259,L0876
G216,West Erinbury,Sierraview,257,522,L0900,L0768
G217,Markchester,South Jaclyn,348,886,L0419,L0808
G218,West Bethfurt,New Zacharybury,400,800,L0881,L0545
G219,Port Kimburgh,East Miranda,178,620,L0662,L0196
G220,Margaretberg,North Brenda,332,851,L0415,L0573
G221,New Robertbury,West Jeanette,808,718,L0513,L0907
G222,Karistad,Jacksonborough,473,856,L0298,L0274
G223,Michelleton,East Tracy,774,749,L0445,L0212
G224,East Isaac,Floresberg,697,819,L0153,L0229
G225,Grayville,New Drewberg,874,471,L0226,L0500
G226,North Bobbyberg,Lake Brandon,398,182,L0534,L0341
G227,Jamesmouth,Port Melissa,563,621,L0254,L0688
G228,Annemouth,Danielburgh,133,408,L0020,L0100
G229,Johnsonmouth,Lake Angela,803,155,L0273,L0337
G230,South William,Ritterview,59,313,L0830,L0734
G231,Craigview,West Morgan,948,923,L0094,L0925
G232,New Donaldchester,Lake Scottside,26,250,L0487,L0391
G233,West Maryburgh,Dianaside,10,638,L0916,L0120
G234,East Carlos,East Nicoleburgh,945,950,L0134,L0198
G235,Thomasborough,New Mariah,321,182,L0851,L0518
G236,East Seanstad,Anthonyborough,439,911,L0184,L0017
G237,Allenview,Lake Mitchellbury,305,908,L0007,L0387
G238,Lake Johntown,Vargasshire,179,835,L0355,L0874
G239,Michelleport,West Markside,873,788,L0444,L0922
G240,Robinsonton,Nealborough,619,191,L0716,L0471
G241,Ramirezfurt,Lindaton,887,514,L0690,L0409
G242,Deanborough,Reyesfurt,579,368,L0110,L0725
G243,South Debrafurt,South Erica,507,717,L0775,L0802
G244,Port Sandra,Christopherfurt,564,639,L0680,L0076
G245,Kimberlyview,West Timothyhaven,768,158,L0313,L0936
G246,Moralesfurt,Austinchester,231,852,L0458,L0020
G247,Josephshire,Francisbury,93,447,L0284,L0235
G248,North Valerieshire,Janiceville,758,759,L0602,L0285
G249,Mcgrathborough,North Diana,263,856,L0433,L0582
G250,West Ronald,Port Christineton,618,925,L0932,L0658
G251,Baileyberg,New Veronicashire,452,737,L0033,L0543
G252,Stewartview,Hicksside,674,258,L0842,L0268
G253,Lake Michelleberg,New Brian,376,854,L0376,L0488
G254,Port Raymondton,Amyside,949,521,L0675,L0007
G255,Julieburgh,West Maryborough,319,585,L0292,L0923
G256,South Aaronberg,Jessicabury,349,518,L0756,L0298
G257,Christophertown,East Aaron,718,218,L0088,L0136
G258,Chapmanfurt,Deanburgh,355,738,L0074,L0113
G259,South Wendy,Clinebury,748,418,L0829,L0079
G260,New Seanmouth,Port Russellshire,381,452,L0517,L0699
G261,New Davidfurt,East Johnborough,379,929,L0483,L0179
G262,Lake Christyside,North Cherylfort,230,118,L0335,L0575
G263,Simmonshaven,Grantmouth,816,163,L0744,L0248
G264,North Kathleen,Port Brianton,718,508,L0568,L0652
G265,Christopherview,Port Eric,589,841,L0089,L0667
G266,West Rebecca,Carterbury,889,448,L0926,L0060
G267,Jamieview,South Chris,510,462,L0255,L0791
G268,Melendezside,Francismouth,804,542,L0435,L0236
G269,East Valeriemouth,Kendraton,43,116,L0193,L0324
G270,East Kennethland,Danielletown,734,370,L0169,L0101
G271,Lake Brian,Fostermouth,441,454,L0326,L0231
G272,South Shane,North Veronica,284,664,L0820,L0628
G273,South Nataliehaven,West Bonnieton,204,694,L0810,L0889
G274,Glendaport,Samuelbury,383,668,L0222,L0757
G275,New Reginaland,Cruzberg,970,519,L0512,L0092
G276,Nicoleborough,Ericburgh,451,118,L0530,L0221
G277,Smithville,East James,224,988,L0754,L0174
G278,Port Hayleyshire,New Jamie,749,112,L0645,L0505
G279,Bellfort,Barrymouth,775,775,L0041,L0024
G280,Walkerville,Lake Bethany,533,574,L0867,L0340
G281,Andrewtown,Oconnorland,507,971,L0018,L0632
G282,North Samuelhaven,East Richardview,835,449,L0587,L0206
G283,Jorgefort,Port Tommy,184,391,L0278,L0709
G284,Lake Stacy,Maryborough,335,456,L0389,L0433
G285,Bakermouth,East Meganport,399,549,L0035,L0188
G286,Lake Jennifer,New Annburgh,483,362,L0349,L0480
G287,North Jonathanport,Cameronmouth,323,310,L0562,L0051
G288,Floresmouth,Levineville,155,735,L0208,L0408
G289,New Paul,Rogersburgh,916,846,L0511,L0745
G290,Davidburgh,Johnsonville,450,541,L0105,L0306
G291,North Jose,Richardton,735,249,L0563,L0729
G292,Cheyenneport,South Gregory,403,814,L0083,L0805
G293,Tarafort,Walkerton,195,312,L0845,L0877
G294,North Jillside,Evansville,474,599,L0561,L0225
G295,Myersburgh,East Bradleystad,765,557,L0465,L0150
G296,North Nicole,Mayfurt,820,730,L0583,L0440
G297,Griffinburgh,Annemouth,205,447,L0229,L0016
G298,Smithland,South Emilyburgh,981,515,L0749,L0801
G299,Petersonville,North Jared,91,806,L0621,L0589
G300,Tracyview,Mariafort,14,872,L0860,L0425
G301,Marquezport,Michaelstad,230,339,L0421,L0451
G302,East Thomas,Kayleeport,699,312,L0189,L0319
G303,South Jennifertown,East Michael,414,125,L0786,L0192
G304,North Terrence,Ramirezfort,606,472,L0594,L0718
G305,Kirbyton,Cartermouth,181,836,L0315,L0061
G306,West Brianville,Howardburgh,564,735,L0883,L0271
G307,North Andrew,Kevinfort,706,360,L0533,L0329
G308,Jacquelineborough,Michaelborough,309,364,L0250,L0447
G309,North Stevenland,West Amytown,497,365,L0591,L0885
G310,South Austin,South Mark,343,423,L0762,L0826
G311,West Ronald,Port Andrewfurt,480,362,L0932,L0647
G312,Richardmouth,Lake Dianaland,908,276,L0703,L0349
G313,West Williamtown,Williamstown,118,820,L0943,L0943
G314,South Michelle,North Jonathan,719,288,L0808,L0596
G315,North Lisa,New Jorge,182,747,L0574,L0509
G316,Johnsonland,South Michele,522,885,L0272,L0831
G317,Michaelton,Port Olivia,607,833,L0442,L0693
G318,New Logan,Longfort,35,814,L0502,L0413
G319,Lake Makayla,Cherylborough,360,878,L0369,L0071
G320,Port Kathleen,New Reneeberg,851,327,L0659,L0529
G321,Smithbury,North Karenville,543,376,L0748,L0600
G322,East Christine,Pamelamouth,600,298,L0138,L0633
G323,East Tamarastad,Carlosland,75,610,L0187,L0052
G324,South Erica,Smithmouth,649,887,L0778,L0774
G325,Rodriguezton,North Christopher,476,874,L0719,L0576
G326,South Jessica,West Tonya,735,366,L0790,L0937
G327,West Mary,East Mary,157,595,L0915,L0186
G328,Lake Jamesstad,Millsport,673,764,L0348,L0459
G329,Lake Shannon,South Kristinton,277,672,L0387,L0822
G330,New Joseph,Lake Joshuaburgh,369,776,L0498,L0368
G331,Boonefurt,Port Jason,690,447,L0047,L0671
G332,North Elizabethburgh,Lake Matthewburgh,699,502,L0552,L0382
G333,Port Deborah,Michaelfurt,78,272,L0639,L0449
G334,Melissafort,North Denise,179,952,L0436,L0580
G335,East Claudiastad,Port Jeremy,887,264,L0141,L0674
G336,Sethmouth,East Brittany,469,226,L0739,L0154
G337,Lake Anthony,Jasonborough,730,457,L0324,L0287
G338,Lake Timothyside,Evanston,523,346,L0396,L0224
G339,Karenchester,North David,368,464,L0297,L0579
G340,Taylorfort,Michellestad,45,214,L0849,L0455
G341,Medinashire,Trevinoton,750,604,L0434,L0870
G342,Port Darryl,New Albertville,276,246,L0637,L0475
G343,Alanhaven,Lake Crystalville,168,106,L0000,L0345
G344,Brittneychester,Craigtown,805,196,L0052,L0089
G345,East John,Brendabury,370,924,L0161,L0037
G346,South Erinchester,East David,125,969,L0779,L0166
G347,Danielview,South Donna,509,522,L0102,L0800
G348,South Steven,Nicholasburgh,828,483,L0823,L0548
G349,Port Cynthiaview,Smithmouth,788,207,L0634,L0774
G350,Williamview,Port Sarahchester,177,301,L0954,L0702
G351,Moralesmouth,Port David,714,225,L0459,L0663
G352,Amyland,Larsonville,730,966,L0011,L0402
G353,Mccoyland,Brownview,153,747,L0432,L0045
G354,Mosleybury,Lake Glenntown,365,474,L0462,L0353
G355,Nicholasview,West Jeanne,481,578,L0527,L0908
G356,North Joshua,East Markburgh,553,381,L0565,L0185
G357,Lake Todd,Lozanochester,546,735,L0398,L0420
G358,Riverastad,Lake Brentshire,774,664,L0708,L0342
G359,Toddhaven,Martinberg,457,823,L0857,L0428
G360,New Jenniferborough,Lake Patrickborough,575,517,L0494,L0390
G361,South Cindy,Port Michaelview,984,710,L0770,L0690
G362,Robertland,North Breannafurt,72,465,L0710,L0572
G363,Laurenmouth,Lopezview,79,286,L0402,L0417
G364,Port Kaitlin,Watsonchester,698,252,L0657,L0882
G365,Lisaberg,Thompsonland,562,627,L0409,L0866
G366,East Daniel,North Bethany,324,242,L0145,L0568
G367,Port Kyletown,Ellisfurt,192,482,L0665,L0219
G368,Dianeborough,Moralestown,659,762,L0118,L0463
G369,Williamville,Sherryton,933,640,L0955,L0766
G370,Villanuevaland,Calhounshire,175,511,L0863,L0050
G371,Andersonberg,West Brittneyside,993,548,L0013,L0892
G372,East Thomaschester,Lake Jacobshire,232,972,L0190,L0357
G373,East Tracy,Chavezberg,764,810,L0192,L0069
G374,South Henry,Combsville,293,629,L0782,L0083
G375,Floreston,East Craigport,83,762,L0209,L0163
G376,Paulastad,East Emily,145,951,L0613,L0170
G377,Annestad,Johnsonview,460,219,L0021,L0305
G378,West Dennisside,North Joshua,505,211,L0895,L0598
G379,Masonland,Jerrystad,395,625,L0426,L0295
G380,Wallacefort,Port Jessicabury,640,140,L0868,L0676
G381,Payneview,Gutierrezburgh,755,514,L0616,L0254
G382,Baileyberg,Port Mary,402,487,L0033,L0685
G383,North Tylerburgh,Andrewshire,906,432,L0600,L0009
G384,Carlsonbury,West Allen,539,331,L0067,L0884
G385,Priceberg,Port Christina,946,610,L0689,L0657
G386,Reginaview,Martinbury,460,149,L0700,L0429
G387,South April,Laurenville,952,210,L0761,L0404
G388,Sosafurt,Sextonberg,336,593,L0755,L0762
G389,South Michele,North Bethview,379,674,L0807,L0569
G390,Lake Tammy,Cherylborough,830,357,L0392,L0071
G391,Lake Joe,East Troy,189,861,L0353,L0213
G392,North Karenhaven,New Brooke,110,100,L0567,L0491
G393,Allisonfort,Christopherfort,380,411,L0008,L0075
G394,Lake Thomas,Port Tina,244,408,L0394,L0708
G395,Cynthiatown,North Mark,470,279,L0097,L0608
G396,South Josephview,South Stacey,972,670,L0795,L0839
G397,Port Emilymouth,Fowlerchester,590,253,L0642,L0232
G398,New Patrickside,Cummingstown,1000,540,L0510,L0094
G399,Janetville,Hamiltonside,667,553,L0256,L0255
G400,East Anthony,Port Jimmy,34,125,L0128,L0677
G401,North Claudia,Reynoldsstad,81,739,L0544,L0726
G402,Lake Matthew,Jacksonshire,98,445,L0371,L0275
G403,Williamsonberg,Nathanmouth,700,291,L0952,L0470
G404,North Mariaborough,Nelsonchester,47,585,L0577,L0473
G405,Ayalaside,Lake Josephtown,44,414,L0032,L0367
G406,North Christophertown,North Jose,548,728,L0543,L0597
G407,North Lauren,New Theodore,121,977,L0573,L0536
G408,North Rachel,West Anthonychester,358,223,L0585,L0887
G409,South Jenniferstad,Leland,455,298,L0785,L0407
G410,Lake Garyland,Williamsmouth,410,432,L0344,L0941
G411,Normanbury,North Emilyton,211,751,L0531,L0584
G412,Lake Briannahaven,North Anna,465,317,L0327,L0560
G413,Port Erin,New Beth,143,378,L0644,L0484
G414,South Stephenville,Simonfurt,867,954,L0822,L0769
G415,Cherylmouth,South Michael,887,543,L0082,L0829
G416,Deckerside,South Adam,644,398,L0115,L0779
G417,East Joshua,East Michelle,555,920,L0167,L0194
G418,Smithburgh,New Patriciaburgh,634,798,L0747,L0525
G419,New Craigport,Christopherport,108,833,L0481,L0078
G420,Dianeberg,Woodton,382,252,L0117,L0949
G421,West Michaelbury,Lake Michael,460,259,L0921,L0384
G422,North Susanmouth,Kleinhaven,494,497,L0592,L0332
G423,North Tiffanyland,Lake Michelle,525,729,L0596,L0385
G424,Jonesstad,New Aprilport,967,732,L0277,L0483
G425,West Cody,Port Tracy,642,858,L0889,L0710
G426,East Laurieville,New Gregory,72,573,L0172,L0502
G427,South Faithchester,South Andrewland,587,831,L0780,L0783
G428,East Scott,Davisshire,339,730,L0183,L0108
G429,Owensberg,East Samuelshire,88,903,L0610,L0209
G430,Bowenhaven,Ellenchester,542,585,L0048,L0218
G431,Port Peterchester,Lake Allisonhaven,87,892,L0674,L0335
G432,Port Crystalmouth,East Pennyview,777,455,L0632,L0200
G433,Penaview,West Andresburgh,734,161,L0617,L0886
G434,West Kathryn,South Adamtown,945,812,L0908,L0780
G435,New Michaelberg,Port Angelaberg,439,662,L0505,L0648
G436,Alexanderfort,Adamsmouth,478,875,L0002,L0001
G437,Ewingport,North Kevinchester,245,169,L0205,L0604
G438,South Kathryn,Pottsfort,206,831,L0798,L0713
G439,West Markberg,Wolfefort,228,382,L0913,L0948
G440,North Roy,South Williamville,994,519,L0586,L0844
G441,East Penny,New Tylerside,214,623,L0180,L0542
G442,Andrewstad,Brockview,906,419,L0016,L0041
G443,East Mathew,North Baileyland,548,294,L0175,L0566
G444,North Meredith,Michaelaborough,432,835,L0581,L0446
G445,Gregoryside,Suttonport,476,325,L0228,L0854
G446,Lake Deanna,New Danielshire,403,250,L0340,L0496
G447,West Samanthafurt,Beckermouth,91,967,L0933,L0025
G448,Wrightbury,Lake Tracy,830,529,L0958,L0398
G449,Gilbertside,East Richard,200,875,L0221,L0205
G450,Kimberlymouth,South Amanda,837,959,L0312,L0782
G451,Emmabury,West Bryanstad,974,532,L0200,L0894
G452,East David,Matthewstad,327,499,L0147,L0438
G453,Danielleview,New Michelleberg,602,494,L0101,L0521
G454,East Melissamouth,New Christopher,921,617,L0177,L0494
G455,East Lee,Reginahaven,152,394,L0173,L0721
G456,New Michaeltown,New Kyleshire,135,994,L0506,L0515
G457,Blackburnchester,Sandramouth,128,637,L0044,L0760
G458,Karenberg,South Barbarafort,43,951,L0296,L0785
G459,Andreaside,Markmouth,92,181,L0014,L0427
G460,Marquezchester,East Coryfurt,716,374,L0420,L0162
G461,New Amanda,East Antonio,730,628,L0469,L0145
G462,Wandatown,Christianmouth,771,697,L0871,L0072
G463,Port Jessicaland,Millsfort,251,715,L0650,L0458
G464,Lopezhaven,Patelview,697,297,L0411,L0635
G465,Donnastad,Port Cherylport,819,599,L0120,L0656
G466,Milesview,Lake Devin,273,785,L0448,L0348
G467,Lake Jacobchester,New Evelyn,909,673,L0347,L0501
G468,Thomasport,West Timothy,651,116,L0853,L0935
G469,Glennchester,West Cathyside,843,125,L0223,L0897
G470,Lake Tara,New Nicholas,650,847,L0393,L0523
G471,Combsville,Griffinfort,538,273,L0091,L0252
G472,Walkertown,Lyonsview,363,890,L0866,L0423
G473,New John,South Ashleeborough,804,968,L0496,L0784
G474,Lake Paulmouth,Jacksonville,297,503,L0382,L0276
G475,Waltersfurt,North Crystal,675,929,L0870,L0578
G476,Franciscoview,East Alexis,52,501,L0210,L0139
G477,West Cory,Kellyfort,279,218,L0890,L0322
G478,Steinstad,Lake Mike,522,146,L0833,L0386
G479,Hillton,Stephenfort,281,259,L0242,L0851
G480,West Markport,Newmanmouth,109,525,L0914,L0546
G481,Mezaborough,Amybury,254,908,L0439,L0006
G482,Maryville,Moorehaven,32,151,L0425,L0462
G483,Maysberg,West Omar,753,952,L0429,L0927
G484,South Catherine,East Allison,526,968,L0767,L0141
G485,North Christophermouth,Thomasmouth,239,716,L0542,L0864
G486,Alexport,Davidborough,800,644,L0005,L0103
G487,Reedshire,Gonzalezchester,419,300,L0698,L0243
G488,Staceymouth,North Ryan,393,934,L0831,L0617
G489,Lake Sarah,Lake Shelby,270,488,L0385,L0392
G490,New Williemouth,Dustinfurt,136,430,L0526,L0135
G491,Saundersmouth,West Jordan,237,328,L0733,L0912
G492,Jonathanberg,Lake Daniel,216,557,L0276,L0346
G493,Bennettview,New Joseberg,841,806,L0043,L0511
G494,Perezfort,Port Gary,311,763,L0619,L0668
G495,Carlostown,North Alanside,920,865,L0065,L0553
G496,South Jeremiah,Michaelfort,301,444,L0788,L0448
G497,Port Nicole,North Zachary,138,783,L0671,L0631
G498,West Cynthia,North Jack,442,600,L0891,L0588
G499,West Jeffrey,Samanthamouth,574,521,L0902,L0755
G500,West Shari,Lake Melissatown,257,207,L0937,L0383
G501,Rubiofurt,Potterfurt,690,194,L0726,L0712
G502,South Mariatown,Port Matthewhaven,19,541,L0803,L0687
G503,South Stephanieville,Wilsonside,362,684,L0821,L0947
G504,Lake Michelle,East Phillipton,290,298,L0375,L0202
G505,Santosfurt,Lake Joseph,522,473,L0731,L0366
G506,West Mario,North Kelly,334,513,L0912,L0602
G507,Maryport,Port Darrenmouth,721,625,L0424,L0662
G508,East Ashley,South Jesusmouth,11,130,L0129,L0813
G509,Garymouth,Jordanburgh,327,863,L0218,L0311
G510,South Tyler,Lake Crystal,735,437,L0828,L0344
G511,Deanview,North Luke,487,924,L0113,L0605
G512,East Brittany,New Toddstad,824,975,L0133,L0538
G513,East Williamfurt,New Courtney,925,979,L0194,L0495
G514,New Shannon,Fieldsbury,823,599,L0518,L0228
G515,Rebeccaton,New Robertfurt,194,315,L0696,L0531
G516,East Brianland,Nelsonborough,312,175,L0131,L0472
G517,South Alexanderbury,Ritamouth,309,683,L0757,L0733
G518,Wrightview,Lake Eddie,191,484,L0960,L0351
G519,Margarethaven,Courtneymouth,436,310,L0416,L0087
G520,Lake Christopherchester,Carolynbury,617,393,L0334,L0055
G521,North Gregoryport,Richardtown,667,858,L0558,L0730
G522,Carrilloville,New Josephton,476,496,L0069,L0512
G523,New Robertview,Brownland,621,286,L0515,L0043
G524,Kevinburgh,North Keithborough,423,429,L0306,L0601
G525,South Andrewmouth,Monicaton,586,835,L0760,L0461
G526,Jamesbury,North Benjaminport,886,144,L0253,L0567
G527,North Shannon,Perkinsview,597,458,L0589,L0640
G528,Port Matthew,Jackchester,800,904,L0668,L0273
G529,Lake Aaron,North Kelly,895,160,L0318,L0602
G530,South Scott,East Benjamin,341,867,L0819,L0147
G531,Jeanetteville,Angelamouth,386,823,L0260,L0012
G532,Frazierville,North April,958,636,L0212,L0562
G533,Charleston,Barbaraberg,313,726,L0077,L0021
G534,Jaketown,Port Paige,460,205,L0251,L0694
G535,Nathanielview,Port Cherylport,764,467,L0466,L0656
G536,Jessicaton,Blackchester,159,644,L0268,L0029
G537,Catherineport,Port Arthurton,409,182,L0073,L0650
G538,Port Katherine,Port Kylebury,570,751,L0658,L0684
G539,Welchburgh,Ruthberg,145,839,L0875,L0751
G540,Danaburgh,West Kelli,507,979,L0098,L0914
G541,Port Kellyshire,Davisland,743,814,L0660,L0107
G542,Carpenterbury,Angelafort,794,309,L0068,L0011
G543,Port Ashley,South Cindyberg,819,450,L0626,L0796
G544,Kellyshire,South Gloriaside,388,370,L0304,L0804
G545,Paulhaven,Debraberg,989,149,L0614,L0114
G546,North Wyattstad,Jenniferview,221,450,L0606,L0294
G547,Vincentmouth,Abigailmouth,684,253,L0865,L0000
G548,East Carolineberg,West Teresaland,415,734,L0135,L0932
G549,Lake Gerald,Hayesshire,756,735,L0345,L0263
G550,Lake Jeremyside,Hernandezburgh,254,462,L0350,L0266
G551,Patrickmouth,New Brandon,175,723,L0612,L0486
G552,Kelseyhaven,Edwardsmouth,297,214,L0305,L0215
G553,Lake Lisashire,East Alexistown,509,959,L0366,L0140
G554,Michaelmouth,Maureenstad,44,774,L0441,L0439
G555,Simmonsside,Morrisside,838,734,L0745,L0466
G556,West Regina,North Robert,317,342,L0927,L0616
G557,Jenniferville,Grahamville,390,939,L0263,L0247
G558,East Angelaside,West Erin,922,766,L0127,L0903
G559,Lake Leslie,West Kevin,559,633,L0364,L0915
G560,Carrmouth,Douglasville,84,407,L0070,L0129
G561,South Johnny,New Jessica,304,179,L0792,L0508
G562,Shepardshire,Kennethside,578,710,L0742,L0326
G563,Oneillville,West Brendaville,287,819,L0608,L0891
G564,Christopherchester,New Bryan,802,324,L0086,L0492
G565,South Benjaminhaven,South Jamesshire,147,145,L0763,L0809
G566,East Taylortown,Chasehaven,319,597,L0188,L0067
G567,Jessefurt,Chapmanborough,150,137,L0266,L0065
G568,Kathleenview,Lake Joshuafurt,433,809,L0301,L0369
G569,Rebeccamouth,New Brandy,352,728,L0695,L0487
G570,North Lynnberg,South Christopher,387,383,L0576,L0793
G571,East Johnside,South Ricky,725,925,L0162,L0835
G572,Romerofurt,New Anaborough,74,284,L0722,L0478
G573,New Steventon,Timmouth,376,932,L0520,L0867
G574,Port Kylehaven,Joneston,986,928,L0664,L0309
G575,Lake Michael,Morrisonton,908,976,L0372,L0465
G576,North Cherylborough,Rodriguezberg,502,953,L0540,L0744
G577,West Chloe,South Josephton,19,809,L0886,L0817
G578,Bartonborough,East Jamesborough,166,490,L0038,L0175
G579,West David,West Zacharyfort,138,450,L0894,L0939
G580,South Tamarafort,Michelleburgh,178,303,L0824,L0452
G581,Port Adrienneland,Rhondafort,129,320,L0623,L0727
G582,Mitchellmouth,Manuelmouth,868,755,L0455,L0424
G583,Lake Chris,Franklinside,654,500,L0332,L0238
G584,West Jeffrey,Francismouth,82,860,L0902,L0236
G585,Deannaborough,Lake Diane,419,178,L0111,L0350
G586,Port Danielleshire,Lake Stephenland,405,486,L0635,L0393
G587,North Justin,Kevinstad,405,107,L0566,L0330
G588,North Gabrielbury,North Hannahfort,678,312,L0556,L0586
G589,Hurleyshire,South Keithborough,209,155,L0247,L0821
G590,Youngstad,South Lori,732,835,L0965,L0823
G591,New Melanie,West Travis,608,144,L0503,L0938
G592,Williamsland,Jesushaven,373,139,L0951,L0299
G593,West Christian,Danahaven,768,690,L0887,L0098
G594,Hartberg,North Autumnmouth,242,214,L0235,L0565
G595,East James,New Kelly,188,433,L0154,L0514
G596,Yatesville,Waltershire,694,671,L0963,L0879
G597,North Kelly,South Steven,567,502,L0569,L0840
G598,Lake Briannahaven,Brianton,568,794,L0327,L0039
G599,West Daniel,Dianeland,635,571,L0892,L0121
G600,East Paulstad,Katherineshire,26,973,L0179,L0317
G601,North Paulport,Tarachester,966,986,L0584,L0859
G602,Stoneport,South Christopherton,541,944,L0843,L0795
G603,South Cynthiaburgh,Porterstad,340,452,L0773,L0711
G604,Knighthaven,Lake Joseph,540,211,L0316,L0366
G605,Lake Michaelland,Lake Johnmouth,56,867,L0373,L0364
G606,East Alexisshire,South David,432,864,L0124,L0798
G607,Christineberg,Lake Joseph,757,960,L0084,L0366
G608,Robersonview,Lake Jeremy,417,970,L0709,L0361
G609,New Brianborough,Conradville,568,276,L0475,L0084
G610,Baldwinchester,Davidtown,358,487,L0036,L0105
G611,South Timothy,New Rebeccaburgh,417,460,L0827,L0528
G612,West Richard,Lunamouth,928,878,L0928,L0421
G613,Port John,North Jeffrey,916,598,L0652,L0590
G614,West Angelaville,Coxberg,161,435,L0879,L0088
G615,New Ashleyburgh,Lake Cheryl,468,384,L0472,L0343
G616,New Michelleview,North Sarashire,776,920,L0507,L0620
G617,Tracyton,East Kristen,981,990,L0859,L0183
G618,Lake Nicolebury,East Barbara,646,566,L0380,L0146
G619,Port Ebonymouth,West Sabrinaborough,338,105,L0641,L0930
G620,East Robert,Nicholasberg,962,256,L0182,L0547
G621,Lake Charlesport,New Matthewchester,765,622,L0331,L0520
G622,Christophershire,Kennedytown,12,235,L0087,L0325
G623,Morrisfurt,Johnsonhaven,375,226,L0460,L0303
G624,Ianside,Joannaside,304,719,L0248,L0301
G625,North Valerie,West Timothy,243,804,L0601,L0935
G626,East Andreahaven,Curtiston,931,971,L0126,L0096
G627,Lake Jomouth,Johnsonchester,686,997,L0356,L0302
G628,Lake Markhaven,Port Douglas,784,558,L0370,L0666
G629,Boydport,Youngton,692,342,L0050,L0951
G630,Port Ronald,Karenstad,626,743,L0679,L0316
G631,South Robert,Fowlerville,557,775,L0815,L0233
G632,Randyport,Simsbury,844,875,L0693,L0770
G633,Hancockton,West Ashley,681,222,L0232,L0888
G634,Simonmouth,Tarachester,814,181,L0746,L0859
G635,Cassandrabury,North Erin,412,749,L0072,L0585
G636,Cherrymouth,Allenshire,370,549,L0080,L0004
G637,North Tinaport,Paynechester,812,741,L0598,L0638
G638,Anthonyland,Brandyburgh,13,256,L0024,L0035
G639,Hernandezchester,Warrenburgh,415,810,L0241,L0881
G640,Edwardberg,South Carly,835,145,L0196,L0788
G641,Port Ian,Dodsonville,636,896,L0646,L0123
G642,Kaylabury,Powellview,275,666,L0302,L0715
G643,East Jesusbury,Gonzalezfurt,564,371,L0160,L0244
G644,Tracyview,Davidburgh,799,159,L0860,L0104
G645,Thomasburgh,Tammyhaven,429,170,L0852,L0856
G646,Jerryton,New Briana,861,940,L0265,L0489
G647,Harrisburgh,Mariatown,452,117,L0234,L0426
G648,Lake Brian,New Robertmouth,139,164,L0326,L0532
G649,Port Bradley,West Carlamouth,849,727,L0627,L0895
G650,East Jennifer,Port Dale,426,706,L0158,L0660
G651,Lake Donna,Pottstown,780,879,L0342,L0714
G652,Brittneyside,Hinesfort,883,815,L0053,L0270
G653,East Courtney,Johnsonstad,681,754,L0142,L0304
G654,Benjaminside,Riveraview,351,568,L0042,L0736
G655,Gabrielleview,South Sarahfurt,233,721,L0214,L0837
G656,Kevinmouth,Reyesborough,933,722,L0307,L0724
G657,Robertsonton,South Travis,727,972,L0713,L0843
G658,Port Cynthiashire,Williamsville,236,234,L0633,L0944
G659,New Joshua,Lake Alanmouth,330,141,L0499,L0334
G660,South Diamond,Frankside,677,561,L0776,L0239
G661,North Tammy,Port Carlos,895,409,L0593,L0654
G662,East Elizabethstad,Port Jonathan,870,407,L0151,L0679
G663,Penningtonshire,Foxhaven,84,463,L0618,L0234
G664,West Monicamouth,Port Joanbury,316,430,L0923,L0678
G665,Raymondburgh,Garyville,641,490,L0694,L0241
G666,New Tracy,Stacyfurt,390,888,L0523,L0846
G667,Dannytown,Kyleton,521,436,L0103,L0333
G668,South Michaelburgh,Brownport,735,572,L0806,L0044
G669,North Jacquelinemouth,North Andreafurt,514,677,L0560,L0559
G670,Josephfurt,Port Jeremiah,673,938,L0282,L0673
G671,South Leslie,New Tiffanytown,296,942,L0801,L0537
G672,East Jonathan,Nathanhaven,823,100,L0163,L0468
G673,Mccoyburgh,Shannonbury,832,245,L0431,L0763
G674,Alexandraborough,Mcdanielborough,104,818,L0003,L0441
G675,Porterfort,East Jacob,960,936,L0686,L0173
G676,South Caleb,Lake Geoffreyton,224,233,L0765,L0352
G677,West Justinbury,New Jason,492,713,L0907,L0506
G678,Port Dariuschester,West Lindsay,390,189,L0636,L0919
G679,New Dianashire,East Jesus,238,706,L0486,L0178
G680,New Carolynhaven,Jamestown,112,306,L0479,L0283
G681,Williamside,New Steven,137,256,L0950,L0533
G682,Kingshire,Port Michael,251,129,L0314,L0689
G683,Millerport,Michellefort,681,663,L0452,L0453
G684,New Jeanne,East Charles,412,161,L0493,L0156
G685,Hensonshire,Wrightfort,663,360,L0240,L0950
G686,Smithside,Rogersfort,982,932,L0751,L0746
G687,Leeborough,Timothystad,353,669,L0405,L0868
G688,Joyshire,Harrisburgh,119,778,L0289,L0260
G689,New Kellytown,Calderonburgh,893,228,L0501,L0049
G690,New David,Lake Arthurhaven,863,658,L0482,L0338
G691,West Melissaburgh,Carpenterborough,867,715,L0920,L0057
G692,West Elizabeth,East Moniqueborough,131,412,L0898,L0197
G693,Lake Stephanieside,Derrickchester,596,513,L0391,L0117
G694,Deborahchester,Lake Tracyland,544,801,L0114,L0399
G695,Gibsonburgh,Lyonsborough,437,444,L0220,L0422
G696,West Robertchester,Annafurt,730,981,L0931,L0015
G697,Huntertown,Bradleyfurt,177,121,L0246,L0032
G698,North Laura,Rachelbury,250,541,L0572,L0716
G699,North Hannahmouth,Martinezmouth,16,144,L0559,L0430
G700,Davisfort,North Amanda,179,654,L0108,L0557
G701,North Bobbyport,East Scott,451,632,L0535,L0210
G702,Shannonport,South Tina,416,756,L0740,L0842
G703,New Vernon,Lorraineview,372,159,L0524,L0418
G704,North Davidstad,Port Matthew,485,463,L0549,L0686
G705,Ryanhaven,Jacobmouth,211,101,L0727,L0277
G706,Elizabethview,Johnton,905,654,L0197,L0307
G707,Lake Lorimouth,East Carriemouth,38,879,L0368,L0155
G708,Jenniferview,Rachelhaven,540,475,L0262,L0717
G709,North Brendaside,Angelastad,628,726,L0536,L0013
G710,Lake Dianaberg,Kevinbury,201,965,L0341,L0328
G711,North Williamberg,Hartton,470,449,L0604,L0262
G712,Cardenasshire,West Carolyn,762,768,L0063,L0896
G713,New Jaredshire,East Holly,562,473,L0492,L0172
G714,Leahshire,Nicoleburgh,965,107,L0404,L0550
G715,Johnsonport,Davidtown,490,622,L0274,L0105
G716,Ashleyfort,Bellview,836,452,L0027,L0027
G717,Richardview,Jonathanburgh,542,518,L0704,L0308
G718,Wilsonburgh,Jasonmouth,889,130,L0956,L0288
G719,Mataborough,Lake Angela,108,159,L0427,L0337
G720,South Jessica,East James,110,255,L0790,L0174
G721,Rogersland,Lake Kristenhaven,509,336,L0721,L0375
G722,New Jessicabury,Peckchester,600,115,L0495,L0639
G723,New Dianafurt,Boydbury,813,367,L0485,L0030
G724,West Alexanderton,Tanyaburgh,975,159,L0877,L0858
G725,Rowlandfurt,South Michaelfurt,514,379,L0725,L0830
G726,Nicholasville,West Tiffanyport,55,923,L0528,L0934
G727,East Josephland,Williamsonshire,69,994,L0166,L0942
G728,Dianetown,North Thomas,23,386,L0119,L0625
G729,West Sandrafurt,Jenniferburgh,527,876,L0934,L0290
G730,Ellisland,Smithton,762,885,L0199,L0775
G731,Lake Josephstad,North Toddshire,968,860,L0358,L0626
G732,Port Staceyfort,Lake Markberg,254,531,L0683,L0380
G733,Port Rebecca,Crawfordfort,739,635,L0676,L0090
G734,North Thomasport,Robertview,852,366,L0595,L0741
G735,New Melanie,North Suzannetown,356,893,L0503,L0623
G736,North Aarontown,Simschester,962,534,L0532,L0771
G737,Williamsshire,Hicksshire,921,493,L0953,L0267
G738,Port Paul,Angelachester,610,699,L0672,L0010
G739,Yatesmouth,Lake Jamesstad,521,335,L0962,L0359
G740,New Andrea,Bradfordfurt,579,118,L0470,L0031
G741,Lake Joshua,Wesleymouth,336,283,L0359,L0883
G742,South Jonathanside,South Gregoryville,126,348,L0793,L0806
G743,Port Robert,Stanleyland,549,135,L0677,L0848
G744,West Diane,Millerfurt,662,252,L0896,L0456
G745,South Sallybury,Lake James,74,659,L0818,L0358
G746,South Charles,East Regina,325,392,L0768,L0204
G747,Holtmouth,West Carolyn,527,999,L0245,L0896
G748,Port Jeremiahbury,Lake Pamelaview,583,380,L0649,L0389
G749,Sarahberg,Frankchester,709,945,L0732,L0237
G750,East Christopher,Donaldville,392,949,L0139,L0127
G751,Ashleyport,New Jose,513,258,L0029,L0510
G752,South Cynthia,Thomasfurt,807,155,L0772,L0862
G753,Maxwellfurt,East Jamie,761,330,L0428,L0176
G754,South Emily,Suttonside,880,352,L0777,L0855
G755,South Kelseyshire,Charlesberg,274,179,L0800,L0066
G756,Josephchester,Lake Williamville,166,228,L0281,L0400
G757,Richmondborough,Lopezchester,772,521,L0705,L0415
G758,Garyton,South Brittanyfurt,422,962,L0219,L0786
G759,East Jonathanport,Lake Tonyamouth,258,934,L0164,L0397
G760,North Danaside,New Devinburgh,485,576,L0547,L0498
G761,Brownmouth,Rileyhaven,27,513,L0056,L0732
G762,Alexandriaville,New Christopher,212,131,L0004,L0494
G763,North Melaniebury,North John,472,163,L0579,L0595
G764,South Jessica,Antoniotown,490,647,L0790,L0018
G765,Migueltown,Yutown,195,226,L0447,L0952
G766,Port Jill,East Amber,465,213,L0651,L0143
G767,Port Amandachester,Joport,976,600,L0624,L0310
G768,Lake Nancy,Joshuachester,13,299,L0378,L0314
G769,North Colleen,New Mary,912,137,L0545,L0519
G770,Kimberlyfurt,South Markborough,350,836,L0311,L0827
G771,Port Scott,Carmenmouth,152,918,L0681,L0053
G772,South Josemouth,Lake Suzanneshire,973,571,L0794,L0394
G773,West Benjamin,Lake Jasonfurt,553,460,L0880,L0360
G774,Timothystad,Port Rogerland,315,791,L0856,L0698
G775,North Danastad,Nicoleburgh,628,706,L0548,L0550
G776,New Stephanieside,New Donna,628,900,L0519,L0499
G777,North Elizabeth,Curtisville,818,145,L0551,L0097
G778,New Victorberg,Port Cherylberg,883,532,L0525,L0655
G779,Port Steve,East Claytonborough,447,719,L0684,L0160
G780,Lake Michael,Collinsbury,490,565,L0372,L0082
G781,New Christopher,Port Sarashire,239,338,L0480,L0703
G782,Port Jamesbury,East Maryton,236,790,L0647,L0187
G783,East Kimberly,New Jasonhaven,892,394,L0170,L0507
G784,Heidiside,Willieberg,143,962,L0238,L0945
G785,Dunlapstad,South Loribury,121,100,L0122,L0824
G786,Jenkinsview,Danaland,250,309,L0261,L0099
G787,Port Jontown,South Bryanland,530,322,L0654,L0787
G788,West Thomas,North Brittanyshire,90,614,L0940,L0574
G789,Port Peggy,West Ryan,747,375,L0673,L0929
G790,New Monica,North Courtneyburgh,627,291,L0508,L0577
G791,Richardburgh,Gonzalezton,89,120,L0702,L0245
G792,East Markchester,Rosariomouth,392,303,L0174,L0747
G793,North Stevenberg,Barbaraville,783,478,L0590,L0022
G794,Villaville,West Bruceburgh,169,219,L0864,L0893
G795,South Deborahmouth,Lopezstad,151,328,L0774,L0416
G796,South Charles,Rosefurt,47,843,L0768,L0748
G797,Evanport,Sandersmouth,369,316,L0204,L0759
G798,Port Jonathantown,New Alisha,688,419,L0653,L0476
G799,North Williammouth,New Taylorview,524,599,L0605,L0535
G800,North Tinaland,Lake Jessica,596,516,L0597,L0362
G801,New Edward,Lake Katiefurt,833,488,L0489,L0371
G802,Romeroshire,North Derek,83,273,L0723,L0581
G803,Deanstad,Mendozastad,400,242,L0112,L0443
G804,Greerberg,Harperside,339,962,L0227,L0259
G805,Kyleberg,Robertfort,913,706,L0317,L0738
G806,West Christineberg,Port Ashleyhaven,894,817,L0888,L0651
G807,Starkhaven,North Sarah,407,531,L0832,L0618
G808,Cruzburgh,East Brandy,379,538,L0095,L0152
G809,West Patricia,Reginaldton,816,738,L0924,L0722
G810,Lake Brittany,North Antonioport,908,977,L0328,L0561
G811,Port Cassandraville,West Jeffrey,679,711,L0630,L0909
G812,Martinborough,South Nathanbury,381,690,L0422,L0832
G813,Lake Patriciaside,Jaredstad,117,440,L0381,L0286
G814,East Ashley,West Nicolestad,723,380,L0129,L0926
G815,Andrewfort,Allenfort,169,812,L0015,L0002
G816,South Joshua,Martinshire,571,942,L0796,L0432
G817,South Lorraineberg,Crossborough,315,593,L0802,L0091
G818,East Derekchester,West Jeremyside,92,365,L0149,L0910
G819,Julieberg,Bryantport,454,664,L0291,L0047
G820,New Bradton,Christinabury,226,451,L0473,L0073
G821,New Eddie,Dixonton,390,773,L0488,L0122
G822,Reedport,Edwardsport,421,114,L0697,L0216
G823,Selenaport,West Fred,820,713,L0737,L0905
G824,Martinezborough,Phillipsbury,863,111,L0423,L0643
G825,South Jeremiahstad,Laurastad,510,864,L0789,L0403
G826,Lake Nathan,East Chelseaville,190,422,L0379,L0157
G827,New Jonathan,East Curtistown,223,269,L0497,L0165
G828,Donnaview,Kellymouth,241,753,L0121,L0323
G829,Davisland,Thomashaven,516,973,L0109,L0863
G830,Josephland,North Sarahbury,499,365,L0283,L0619
G831,Haileymouth,Carrilloville,350,819,L0230,L0059
G832,Youngport,New Amyville,825,218,L0964,L0477
G833,Lake Robert,Linfort,285,745,L0383,L0410
G834,Josechester,Lake Jacobburgh,899,375,L0279,L0356
G835,Millerborough,New Susan,519,856,L0449,L0534
G836,Johnsonstad,Donaldland,338,955,L0275,L0125
G837,South James,Port Timothyview,89,538,L0783,L0707
G838,Samanthaview,Lisaberg,623,818,L0729,L0411
G839,Danielberg,West Breannastad,641,162,L0099,L0890
G840,Vazquezbury,East Blakehaven,971,532,L0862,L0148
G841,Rickyland,Port Michelemouth,620,483,L0706,L0691
G842,Millerview,North Aprilborough,462,642,L0453,L0563
G843,Perezmouth,Josephville,435,896,L0620,L0313
G844,Mooreberg,Lake Kristenside,961,571,L0457,L0376
G845,Port Roger,East Bobby,214,787,L0678,L0149
G846,South Thomashaven,North Michael,336,929,L0826,L0609
G847,West Jennifer,New Christian,549,523,L0903,L0493
G848,Bondstad,West Michele,724,905,L0046,L0924
G849,South Janeburgh,Samanthaport,976,216,L0784,L0756
G850,Bowmanland,Heatherbury,611,454,L0049,L0264
G851,East Joseph,West Joshuaside,662,972,L0165,L0913
G852,Joseton,Lake John,286,110,L0285,L0363
G853,Smithmouth,Cassandraburgh,105,788,L0750,L0062
G854,Ryanmouth,New Mitchellbury,213,535,L0728,L0522
G855,Justinmouth,Chaneymouth,179,281,L0293,L0064
G856,Cherylhaven,Lake Ianport,447,672,L0081,L0355
G857,Port Juanport,Dennisport,163,380,L0656,L0116
G858,Port Josephtown,Delgadobury,342,443,L0655,L0115
G859,Jillianhaven,Faithshire,665,438,L0269,L0227
G860,Port Seanmouth,Edwardbury,838,800,L0682,L0214
G861,Port Lisa,Johnsonville,188,931,L0667,L0306
G862,New Andrew,East Patrick,219,224,L0471,L0199
G863,New Kathryn,Lake Dawnstad,582,760,L0500,L0347
G864,South Patricia,Port Danielshire,298,635,L0813,L0661
G865,South Tara,North Robert,228,891,L0825,L0616
G866,Port Cory,East Melaniebury,288,388,L0631,L0190
G867,Wallsview,Theresamouth,64,382,L0869,L0861
G868,East Juliaview,Dianafurt,430,983,L0168,L0119
G869,Lake Jessica,North Joshuahaven,521,266,L0351,L0599
G870,New Robertside,Tarafurt,136,959,L0514,L0860
G871,Connortown,Christopherhaven,317,987,L0092,L0077
G872,South Amybury,Lake Kyletown,952,534,L0759,L0378
G873,North Kristy,East Melanie,766,429,L0571,L0189
G874,Davidhaven,West Gabriel,532,167,L0106,L0906
G875,Fisherstad,West Kristi,520,546,L0206,L0916
G876,Smithbury,South Aaronport,637,692,L0748,L0778
G877,Lake Amber,South Ryan,660,380,L0320,L0836
G878,West Alejandro,West Deanna,413,782,L0876,L0902
G879,East Matthewbury,Coreymouth,903,148,L0176,L0086
G880,New Edwardfort,Allenmouth,774,576,L0490,L0003
G881,Payneton,Lawrenceland,927,270,L0615,L0406
G882,Lake Stephanie,Barneshaven,635,840,L0390,L0023
G883,Coxhaven,Matthewsland,276,796,L0093,L0437
G884,Jasminemouth,Gregoryberg,789,782,L0258,L0250
G885,Lake Catherineside,New Heatherberg,336,491,L0330,L0503
G886,Andrewton,Phillipsstad,793,105,L0017,L0644
G887,Weavershire,Jennifermouth,341,300,L0873,L0292
G888,West Richardport,Chaseview,287,242,L0929,L0068
G889,Sharonton,Robertsonview,538,650,L0741,L0740
G890,South Jessicahaven,East Debra,14,692,L0791,L0168
G891,Ortizchester,Keithbury,282,503,L0609,L0320
G892,West Joyview,East Michelleton,744,930,L0905,L0195
G893,Michealtown,South Darrell,690,666,L0443,L0797
G894,South Jenny,Mercadochester,283,746,L0787,L0444
G895,North Lynn,East Alecstad,744,189,L0575,L0138
G896,New David,Nicolefort,884,764,L0482,L0551
G897,Stevestad,Port Rebeccaport,616,719,L0840,L0697
G898,Graceberg,Lake Audreymouth,272,269,L0225,L0339
G899,Port Deannaborough,Christianmouth,710,409,L0638,L0072
G900,South Kathleenhaven,Port Anthonyburgh,324,301,L0797,L0649
G901,Amandaland,Everettfurt,953,457,L0010,L0226
G902,Frenchmouth,Angelaview,14,762,L0213,L0014
G903,East Bonnie,Johnsonstad,101,118,L0130,L0304
G904,Clarkberg,Brendafort,363,152,L0090,L0038
G905,Randallbury,New Lisa,604,958,L0692,L0516
G906,Andrewton,Longhaven,247,313,L0017,L0414
G907,West Bruceton,Parkermouth,418,174,L0884,L0634
G908,East Alexanderbury,Scottton,868,726,L0123,L0761
G909,Lake David,Hannahside,227,398,L0338,L0257
G910,Rodriguezhaven,Kathyfurt,426,771,L0718,L0318
G911,South Cassandratown,Lake Jamesstad,518,654,L0766,L0359
G912,Joyceland,Beckland,633,343,L0287,L0026
G913,Garrisonland,Port Joshua,528,436,L0216,L0681
G914,Burkeview,North Paulaview,921,132,L0060,L0614
G915,Munozton,North Bradleychester,690,655,L0464,L0571
G916,Smithton,South Christopherborough,943,831,L0753,L0794
G917,Reynoldschester,Erikfort,969,246,L0701,L0222
G918,Lake Daryl,Port Dennis,406,575,L0337,L0664
G919,Lopezport,Riveramouth,942,680,L0412,L0735
G920,Charlesfort,East Robert,56,453,L0075,L0207
G921,Mariamouth,Thomasport,337,594,L0417,L0865
G922,Lake Courtney,Lake Lisa,191,792,L0336,L0379
G923,Ericview,South Frederickborough,799,280,L0201,L0803
G924,Port Kennethtown,Lauriefort,222,970,L0661,L0405
G925,West Heathershire,North Alex,572,239,L0901,L0554
G926,West Danielland,Donaldshire,921,138,L0893,L0126
G927,Taramouth,Nathanielbury,756,928,L0846,L0469
G928,Ashleymouth,South Jennifer,293,618,L0028,L0812
G929,East Stephanie,East Phillip,689,582,L0186,L0201
G930,West Michaelport,Christineberg,285,531,L0922,L0074
G931,North Charlotte,Caitlinmouth,839,776,L0538,L0048
G932,Lake Ashleyfort,East Brandon,572,849,L0325,L0151
G933,Carlosland,Joshuahaven,582,232,L0064,L0315
G934,New Mia,West Patriciahaven,839,535,L0504,L0928
G935,Carlside,Brownview,514,788,L0066,L0045
G936,Lake Williambury,Ryanton,510,345,L0401,L0753
G937,Pamelamouth,New Bryan,147,570,L0611,L0492
G938,East Dustin,West Davidfort,367,109,L0150,L0901
G939,Chelseaport,Jacobsonfort,801,587,L0079,L0280
G940,Port Krystalborough,Shannonside,130,303,L0663,L0764
G941,Brianfort,Catherinestad,662,849,L0051,L0063
G942,Mitchellside,Susanton,586,207,L0456,L0853
G943,Port Bryanview,South Josephhaven,392,685,L0628,L0816
G944,South Ginabury,South Jasonport,982,698,L0781,L0810
G945,Brownfort,Tommyville,155,893,L0055,L0869
G946,South Brittanyburgh,South Matthewfurt,557,528,L0764,L0828
G947,Phillipburgh,Archerchester,704,334,L0622,L0019
G948,Brownside,Michaelport,458,247,L0057,L0450
G949,South Rachel,North Natalie,363,728,L0814,L0611
G950,Port Michaelside,Trujillohaven,75,489,L0669,L0871
G951,North Brianberg,New Annshire,859,757,L0537,L0481
G952,West Elizabethchester,Brandonshire,211,268,L0899,L0033
G953,Taraside,New Nicoleberg,681,400,L0847,L0524
G954,Gregoryside,North Sethmouth,935,368,L0228,L0621
G955,Anthonyland,Jacobsmouth,931,454,L0024,L0278
G956,East Courtney,Valeriefort,289,933,L0142,L0873
G957,Charlesmouth,New Patrick,199,720,L0076,L0526
G958,Kevinburgh,South Nicholas,404,986,L0306,L0833
G959,East Deborahchester,Rebeccaland,346,827,L0148,L0719
G960,South Cole,Port Alexis,629,273,L0771,L0645
G961,Tracychester,New Yolandafort,491,842,L0858,L0544
G962,Port Derrick,Reginaport,131,838,L0640,L0723
G963,Sanfordville,Lake Markport,974,223,L0730,L0381
G964,Katherineburgh,Allenview,859,230,L0299,L0005
G965,West Joanneburgh,North Tammyfurt,312,202,L0904,L0624
G966,Jamesburgh,Matthewchester,174,405,L0252,L0436
G967,Ryanhaven,West Kristopherborough,901,208,L0727,L0917
G968,Mccarthyborough,South Kathleen,827,828,L0430,L0820
G969,South Nicholas,East Adamberg,273,266,L0811,L0137
G970,Erinchester,North Tony,179,828,L0202,L0627
G971,Lake Michealshire,South Cathybury,525,996,L0374,L0789
G972,Port Suzannefurt,South Jeffrey,297,379,L0685,L0811
G973,Kathleenchester,New Lorifurt,761,405,L0300,L0517
G974,Timothyside,Duanefort,527,214,L0855,L0130
G975,Smithstad,Danielside,686,262,L0752,L0102
G976,Prestonmouth,Port Joseton,940,269,L0688,L0680
G977,Austinmouth,Port Diane,27,727,L0030,L0665
G978,Alexanderborough,Gregorybury,720,604,L0001,L0251
G979,Caseyberg,Staffordview,836,595,L0071,L0847
G980,Louisfurt,North Kellyland,945,603,L0413,L0603
G981,Nicholsonmouth,North Margaretstad,416,655,L0529,L0606
G982,Bellbury,West Crystalton,215,297,L0040,L0900
G983,North Kimberly,Lake Noahstad,631,531,L0570,L0388
G984,Serranostad,Lake Kayla,350,624,L0738,L0372
G985,North Sara,Carolynmouth,192,872,L0588,L0056
G986,Fletcherborough,Mathisbury,171,528,L0207,L0434
G987,Ryanmouth,Nicholsberg,130,398,L0728,L0549
G988,New Ronald,South John,521,135,L0516,L0815
G989,Lake Timothy,Port Stephenland,616,681,L0395,L0704
G990,Lake Andrea,New Brandon,284,235,L0321,L0486
G991,Kaitlinside,West Christopherhaven,118,730,L0294,L0898
G992,Powellville,Ingramfurt,695,537,L0687,L0272
G993,Frazierton,North Jenniferport,677,111,L0211,L0592
G994,East Yvonneshire,Vazquezbury,597,797,L0195,L0875
G995,Johnsonberg,Gordonborough,38,136,L0271,L0246
G996,South Melissa,Ruizberg,787,166,L0804,L0750
G997,New Albertport,Robertoberg,43,197,L0468,L0739
G998,Arnoldhaven,Port Christopherfurt,341,430,L0025,L0659
G999,South Kayla,North Elizabeth,496,671,L0799,L0583
G1000,Lake Sherrystad,Colinburgh,682,861,L0388,L0081
