ConsumerID,Location,Usage_KWh,Month,Year
1,Campbellland,6455,January,2015
2,Jacobborough,157,September,2021
3,South Kayla,9679,December,2018
4,Dicksonmouth,5084,February,2021
5,Ronaldshire,3822,September,2017
6,South Julie,1733,October,2015
7,Brendamouth,4867,June,2016
8,Bellchester,6292,August,2019
9,North Ashleyton,5648,November,2016
10,Port Alexis,129,February,2021
11,New Jennifer,9143,April,2015
12,Lake Sherry,7530,January,2015
13,Port Anna,4093,June,2018
14,North Timothyfurt,4010,February,2025
15,Port Jonathanhaven,7165,July,2019
16,Sheaton,8208,July,2021
17,Jordanton,4331,May,2023
18,East Belinda,7224,July,2024
19,Butlerton,5260,February,2018
20,Timothychester,6150,February,2023
21,Michaelstad,6740,May,2020
22,Meganburgh,7704,August,2023
23,Millerton,198,November,2025
24,New Jasonberg,9516,May,2022
25,North Racheltown,205,January,2019
26,West Kristin,482,December,2022
27,Allisonport,2667,June,2022
28,Jenningsside,4078,October,2024
29,North Oscar,7234,March,2024
30,Fowlerbury,312,December,2020
31,Allenview,7629,November,2020
32,Wilkinsville,7567,May,2022
33,Jordanshire,6812,February,2022
34,Ryanmouth,6487,December,2020
35,Lake Dustinside,4654,November,2020
36,Sanchezville,726,January,2016
37,Amyland,146,January,2025
38,West Mary,249,July,2017
39,Mcdonaldmouth,9002,December,2019
40,South Markside,8251,April,2022
41,East Phillip,4246,April,2018
42,Ruizmouth,9600,March,2021
43,East Sabrina,4802,June,2021
44,Josephland,5386,September,2018
45,Samanthamouth,845,June,2017
46,Melissahaven,6283,March,2019
47,East Cynthiaport,1659,June,2022
48,West Charles,8045,October,2016
49,Obrienville,9905,June,2025
50,Porterfurt,7519,January,2019
51,New Martha,9019,February,2024
52,West Philipmouth,1345,September,2018
53,Port Lorimouth,9430,September,2018
54,South Nicholas,5290,June,2019
55,Johnsonville,6765,January,2015
56,Lake Elizabeth,7881,July,2023
57,Hectorhaven,2652,August,2023
58,Judyborough,9883,June,2021
59,Elizabethmouth,6905,April,2019
60,Harrisstad,3277,May,2023
61,South Paulaview,6097,May,2023
62,Lopezborough,6144,June,2024
63,Johnsonberg,8271,June,2021
64,Stephanieview,3510,June,2020
65,Port Cassandratown,2883,September,2019
66,North Ryan,2044,April,2022
67,Turnerport,9196,July,2022
68,West Heatherchester,4193,May,2018
69,Lewiston,2387,August,2025
70,East Jeremiah,4873,September,2019
71,Ruizberg,9703,January,2017
72,New Joshua,4343,April,2020
73,Smithport,1258,February,2015
74,North Alexanderfort,3683,July,2016
75,South Steven,6100,November,2024
76,Wilcoxfurt,5768,January,2016
77,Mcdowellshire,1443,March,2017
78,East Tabithatown,1542,January,2023
79,Thomasview,9999,September,2023
80,West Dean,6944,October,2023
81,Port Deanshire,8257,February,2015
82,Sharpmouth,9035,July,2022
83,East Jeffreyland,6224,August,2023
84,Simonview,8978,December,2023
85,North Steven,2522,January,2018
86,South Jillianland,5466,December,2020
87,Ericview,8610,August,2025
88,North Christine,3992,May,2019
89,Gonzalezport,7824,September,2021
90,Mariofort,4666,May,2019
91,Zacharyberg,9206,February,2016
92,Christinafort,4547,March,2025
93,West Elizabeth,7248,August,2023
94,Collinland,1014,October,2021
95,Glendaport,681,March,2018
96,Longview,8856,September,2015
97,East Thomasbury,2207,November,2023
98,Dawnshire,1320,September,2025
99,North Beth,1106,May,2018
100,Laurenville,2940,July,2024
101,Lake Christine,6386,May,2024
102,West Michael,9894,December,2024
103,Cranehaven,6297,April,2020
104,Campbellview,9883,October,2020
105,New Davidtown,7883,April,2019
106,New Colleenview,9426,December,2023
107,Brookefort,3546,February,2016
108,Lake Scott,6933,June,2017
109,West Gloria,4773,June,2017
110,North Derek,1032,June,2023
111,Jeffreybury,3908,June,2019
112,Port Erikborough,151,January,2020
113,North Michaelmouth,6380,June,2019
114,Colebury,2098,October,2018
115,Smallmouth,2692,August,2024
116,Lake Gloriamouth,7418,August,2019
117,Haydenfurt,4077,August,2020
118,Port Christopher,5797,March,2019
119,South Richard,6652,November,2018
120,Lake Sonia,7645,December,2017
121,East David,7034,July,2017
122,Mitchellburgh,5932,August,2024
123,Hillbury,9083,September,2021
124,East Natalieport,5415,July,2023
125,Schneidermouth,3360,August,2022
126,Sarahmouth,4738,May,2022
127,New Jesse,4173,October,2018
128,Barbarachester,6403,February,2021
129,Mitchelltown,2994,January,2022
130,Parkerton,2392,May,2020
131,West Joseph,2536,January,2025
132,Port Garrett,6026,August,2023
133,West William,758,September,2016
134,Lake James,8590,March,2019
135,Port Robert,2493,March,2016
136,South Mary,3743,March,2022
137,New Lindseystad,2222,November,2020
138,South Catherine,237,October,2020
139,Davidtown,2386,September,2022
140,North Timothychester,4047,August,2016
141,Lake Derrick,184,September,2022
142,Atkinschester,971,February,2015
143,Markville,9354,October,2018
144,North Whitneybury,515,May,2020
145,Brookeville,7850,September,2024
146,Rachelland,2480,May,2015
147,South Angelastad,7518,September,2023
148,New Kellyside,2061,October,2015
149,West Sara,2401,January,2023
150,Lisachester,4809,February,2021
151,Rodriguezfurt,5051,August,2025
152,South Danielburgh,6963,July,2016
153,North Tamara,4762,September,2017
154,Kerrville,7374,December,2015
155,Kington,7139,April,2021
156,West Stevenfurt,9496,July,2018
157,New Melissa,2775,August,2020
158,West Jasmine,3095,March,2021
159,Garyville,9482,December,2023
160,South Andreaside,1485,November,2016
161,Anthonyton,835,August,2015
162,North Ginaton,3329,March,2023
163,Port Jerrymouth,8825,October,2021
164,New Douglasview,1879,June,2022
165,South Meredithville,3244,November,2018
166,Lake Ashley,8701,May,2020
167,West Rachelchester,5195,September,2025
168,Alanville,2143,March,2016
169,Michaelburgh,7761,October,2023
170,Lake Amandashire,5572,March,2015
171,Lake Jason,4808,May,2024
172,West Geraldborough,6544,May,2017
173,South Christina,5890,August,2020
174,Rachelport,8613,August,2021
175,Wardport,3880,January,2022
176,Morenofurt,6022,May,2017
177,North James,3292,June,2024
178,Katherinemouth,9192,August,2023
179,Owenstown,5656,May,2020
180,Frankport,8071,September,2020
181,Jessicaland,3338,October,2021
182,West Kyle,278,August,2019
183,Smithton,2171,August,2021
184,West Seanhaven,7900,March,2020
185,Stevenschester,943,July,2015
186,South Dominique,1363,January,2018
187,Weisshaven,8659,April,2024
188,Williamshaven,8603,January,2023
189,Port Samanthamouth,4797,July,2021
190,Port Amyshire,4194,October,2024
191,Rogersside,7615,February,2024
192,Port Crystalfurt,4209,January,2021
193,Jamesfurt,9614,August,2015
194,Lake Amberport,4172,September,2019
195,Julieshire,256,September,2024
196,Port Jacobhaven,3741,July,2016
197,Amymouth,6279,January,2017
198,East Laura,7880,June,2021
199,Natashamouth,9273,November,2018
200,South Christian,2377,June,2025
201,Peggymouth,5492,July,2024
202,Mclaughlintown,2209,November,2019
203,New Edward,7212,May,2015
204,Allenshire,2322,May,2019
205,Scottland,7915,March,2024
206,New Bryan,7713,December,2024
207,Rebeccamouth,2373,December,2023
208,Tranburgh,7681,August,2019
209,Adamsport,1287,September,2016
210,Copelandtown,3291,August,2024
211,Latoyaton,3108,May,2021
212,Heatherville,5812,May,2020
213,Martinezfurt,6178,June,2019
214,Gatesstad,7572,January,2021
215,Carlaview,3942,February,2018
216,Carlport,4310,June,2017
217,Annaville,1278,April,2020
218,Ryanland,7502,September,2024
219,Josephfurt,6822,June,2024
220,Rosarioberg,801,September,2023
221,Lake Courtneyport,9216,May,2018
222,New Samantha,6455,March,2024
223,Lake Lisa,7480,May,2017
224,Melendezmouth,4680,April,2023
225,Kennedyberg,4619,May,2020
226,East Adrienneport,9490,October,2017
227,Jensenchester,4978,August,2022
228,East Sheritown,3074,March,2023
229,Watsonport,606,March,2025
230,Debraborough,303,May,2025
231,Lake Katherinemouth,6524,May,2020
232,Rogersmouth,758,December,2019
233,Williamsview,9231,August,2021
234,Pachecohaven,5192,September,2022
235,Sweeneyshire,2265,October,2015
236,Lake Williammouth,450,March,2019
237,New Laurenhaven,4577,January,2017
238,Port Karenmouth,1632,April,2022
239,Christensenfurt,7446,June,2022
240,South Brendaborough,8344,April,2019
241,South Rickyside,5687,November,2016
242,Devonmouth,1347,June,2015
243,Murphyfort,2982,August,2023
244,Richardtown,4388,September,2016
245,Alexisside,5282,August,2017
246,Jennifermouth,1367,August,2022
247,South Anthonybury,7188,October,2020
248,New Christopherfurt,2361,November,2025
249,South Justinfort,1191,September,2019
250,Port Lori,1858,April,2018
251,South Seanberg,9870,November,2021
252,East Adam,3892,October,2024
253,Jimenezberg,4740,April,2025
254,South Lauren,3978,December,2016
255,Markfort,2931,June,2015
256,West Kimberly,7923,March,2016
257,North Kathryn,5138,October,2021
258,Mercadoborough,1216,July,2021
259,Eatonside,8571,November,2021
260,South Maryborough,8694,July,2024
261,Henryton,2647,September,2022
262,New Adrienneville,8175,November,2025
263,Port Gary,1315,May,2015
264,Berryburgh,2724,December,2021
265,Scottland,8966,August,2021
266,East Nathantown,6039,October,2019
267,North Maryfort,6977,May,2023
268,Jillmouth,8085,March,2015
269,South Brianville,347,August,2016
270,Schmidtfurt,9590,January,2018
271,South Kevinville,8988,July,2022
272,Ronniehaven,4956,December,2017
273,Lake Matthew,3514,December,2024
274,Coleside,3464,October,2025
275,West Normanside,6065,November,2019
276,Port Sarah,7578,December,2025
277,South Taylor,3683,January,2023
278,East Gary,9369,October,2025
279,Lake Karen,9338,July,2017
280,North Patriciaborough,2034,June,2021
281,East Ericaview,8608,December,2025
282,West Jeffreyport,5828,January,2015
283,New Tonyamouth,1838,January,2023
284,Dennisfurt,8221,April,2016
285,Lesliefort,2376,June,2021
286,Reedtown,1459,September,2019
287,Lake Jasonberg,6779,November,2021
288,Tamarachester,8506,February,2024
289,East Johnberg,1710,January,2016
290,West Sean,4132,February,2023
291,Larsonborough,9846,June,2015
292,Andersonstad,821,March,2025
293,Sandovalside,4280,June,2024
294,West Cindy,3706,January,2015
295,South Jameston,2742,February,2022
296,Sanchezton,1415,December,2017
297,Lake Jessica,8107,June,2020
298,Brownmouth,9957,October,2022
299,North Beverlyview,6435,August,2022
300,Hornefort,224,May,2023
301,Jennifermouth,2216,August,2017
302,Jordanport,7590,June,2016
303,New Tyler,4130,November,2022
304,Jessicaburgh,5799,April,2017
305,Kevinmouth,868,December,2020
306,Tranview,3315,March,2015
307,Johnsonmouth,3115,September,2019
308,Robinsonstad,1097,September,2025
309,Maryville,1272,August,2025
310,Whitefort,5564,June,2022
311,Tinafort,6384,July,2020
312,Davisbury,9469,January,2019
313,East Rachel,9806,July,2022
314,North Mark,7993,September,2021
315,New Sara,622,June,2015
316,Garciashire,6272,February,2020
317,Yoderberg,2430,October,2015
318,Taylorshire,602,May,2019
319,West Tammy,7068,March,2024
320,North Danielleland,7382,January,2023
321,North Kristen,5691,April,2017
322,Devinside,8138,July,2015
323,Carrilloborough,9464,May,2025
324,Martinezmouth,1245,August,2023
325,Ramirezchester,2022,October,2016
326,Lake Kimberlychester,6290,July,2025
327,East Wendy,2167,November,2017
328,Cynthiaberg,3121,May,2025
329,East Tammy,2557,July,2021
330,Alanborough,3974,October,2017
331,Andrewbury,8173,April,2024
332,West Davidbury,3037,October,2023
333,Lloydberg,9701,February,2016
334,Hernandezland,5615,May,2024
335,East Benjamin,3003,February,2022
336,Lake Nicolestad,3285,August,2025
337,Lake Carolmouth,7402,September,2016
338,West Ryanfort,4015,January,2023
339,Branchview,5786,June,2015
340,Emilytown,9119,April,2025
341,Ronaldland,6607,October,2022
342,Suttonchester,4843,May,2025
343,Lake Patricia,4205,February,2020
344,Diazchester,920,February,2023
345,New Jennifer,7258,September,2019
346,Amandaburgh,4272,May,2020
347,Richardmouth,2686,July,2015
348,Shawnmouth,7646,June,2021
349,Edwardstown,6957,February,2021
350,Lake Douglasville,6868,July,2018
351,Schroederberg,685,September,2025
352,West Brian,5064,July,2022
353,West Carly,289,January,2020
354,Taylorburgh,3088,March,2020
355,Mannland,584,September,2021
356,North Mark,8071,April,2015
357,South Seanfurt,8452,January,2021
358,Nicholashaven,5297,March,2019
359,South Stephanie,7705,October,2024
360,Floresfurt,4907,July,2017
361,West Gloria,5969,October,2016
362,Wellsport,5391,April,2025
363,East Wendybury,401,August,2025
364,South Philipfort,6342,May,2024
365,Lake Cynthiaberg,3774,September,2022
366,Cynthiaburgh,1692,July,2016
367,Allenland,5513,April,2020
368,Salinasville,8941,October,2018
369,Josephshire,9523,February,2018
370,Camachoport,1622,April,2025
371,East Jamesview,9414,February,2023
372,Elizabethton,6900,December,2025
373,Williamsland,1989,February,2023
374,Sandovalborough,8135,September,2015
375,Justinmouth,7539,February,2023
376,New Sonyashire,540,May,2015
377,Heathside,8778,May,2020
378,South Matthew,2495,October,2018
379,Kathleenmouth,8315,January,2025
380,Harrisville,2321,May,2025
381,Port Rebecca,6874,May,2022
382,Grayview,6254,October,2019
383,Molinaberg,3837,January,2016
384,East Michellebury,8300,November,2021
385,West James,829,November,2016
386,Gibbston,4356,September,2023
387,North Gregory,4883,September,2016
388,Morganberg,448,November,2016
389,East Tristan,9253,September,2015
390,Alyssaport,1505,June,2021
391,Allisonhaven,5113,April,2025
392,Elizabethside,6864,June,2015
393,Christopherfurt,7422,January,2024
394,Nicoleberg,7481,November,2023
395,Angelaburgh,3060,July,2018
396,East Robert,8381,April,2018
397,Jordanshire,8750,July,2016
398,Marquezland,5609,September,2019
399,North Anntown,1305,December,2025
400,East Franklinland,8707,September,2021
401,North Michaelchester,5953,November,2023
402,South Mirandaland,6740,September,2024
403,Hansenview,5453,July,2015
404,West Jenniferland,3378,September,2018
405,Lake Sean,841,May,2025
406,North Christyburgh,347,May,2016
407,Bellhaven,7678,January,2023
408,East Aaronport,4802,January,2021
409,West Norma,9397,October,2023
410,North Christian,5854,August,2025
411,North Richard,1255,November,2025
412,South Scott,4479,May,2020
413,Stewarttown,5670,August,2018
414,Copelandmouth,5170,March,2023
415,South Migueltown,4412,July,2019
416,Lake John,3194,January,2024
417,South Josephville,6438,August,2020
418,Willieburgh,4710,February,2021
419,Ericshire,8714,February,2024
420,Debraville,3632,December,2015
421,Davisstad,5795,January,2018
422,Port Ashleybury,2591,November,2025
423,Mariamouth,7398,June,2023
424,Sarahfort,4174,March,2015
425,North Lucasstad,5935,July,2025
426,Barkertown,1067,April,2025
427,Johnton,7319,May,2024
428,North Johnport,9897,July,2020
429,Danielleland,192,October,2021
430,Salazarmouth,1820,June,2025
431,New Daniel,2312,December,2023
432,Lake Amanda,4855,November,2015
433,Thomasbury,2011,January,2017
434,Lake Nicholas,4944,October,2025
435,North Michael,8351,April,2016
436,North Marcusburgh,9261,February,2022
437,Lake Kimberlyview,2327,January,2025
438,Hollowaymouth,8688,March,2020
439,East Rebeccaville,4432,October,2019
440,Port Meredithmouth,5674,July,2023
441,Darrellhaven,8762,September,2023
442,North Pamela,6006,August,2019
443,New Shane,5658,August,2022
444,Garciaville,9897,October,2021
445,Meganport,6767,October,2017
446,Rogersland,2090,May,2023
447,Smithburgh,2506,January,2018
448,Mitchellville,2395,May,2021
449,Rodriguezbury,2628,June,2023
450,Lake Brianaborough,5488,March,2025
451,East Kim,508,April,2020
452,Bakerburgh,3606,December,2025
453,West Frank,4666,January,2024
454,Sharimouth,6014,March,2018
455,Gillton,6424,March,2015
456,Yangmouth,8472,December,2016
457,Mcintyretown,6598,October,2021
458,Port Karenmouth,4974,October,2019
459,New Lisa,7159,March,2016
460,West Walter,7045,March,2022
461,Michaelfurt,9947,July,2025
462,Kellymouth,8046,July,2015
463,Colehaven,3995,February,2019
464,West Richardtown,5586,March,2016
465,Webbborough,6729,October,2023
466,South Carlos,2494,September,2015
467,Thomasland,9716,August,2016
468,North Lynn,7997,February,2024
469,North Christina,7675,September,2023
470,East Melissafort,323,May,2018
471,Mcgrathport,430,November,2015
472,Williamsmouth,6444,April,2020
473,West Jeromeburgh,2989,February,2025
474,West Michaelshire,9678,June,2022
475,New Shaun,1875,June,2020
476,New Johnshire,640,February,2021
477,Pennyshire,4724,July,2016
478,Toddhaven,1264,January,2024
479,Bradystad,6232,January,2015
480,South Christine,1310,April,2022
481,Port Tyler,197,April,2021
482,Larsonbury,3256,November,2020
483,Dawnview,5394,February,2020
484,East Kevin,8031,May,2017
485,East Christinemouth,2430,April,2018
486,New Mackenzie,6718,October,2017
487,South Timside,4947,August,2020
488,Brianside,9036,August,2019
489,Danielborough,4362,September,2018
490,Lake Jessica,1491,June,2024
491,Starkfurt,3114,April,2024
492,South Timothytown,3876,June,2017
493,Thomashaven,9670,February,2016
494,Morriston,3542,June,2022
495,North Patty,2470,December,2019
496,Fredberg,1455,October,2024
497,West Amanda,3685,December,2019
498,Howardmouth,1129,October,2017
499,Caseyland,1778,February,2021
500,Lake Markland,8091,November,2016
501,West Anthonyfurt,6189,June,2020
502,Andersonbury,6733,June,2025
503,Greenstad,2844,January,2020
504,North Teresatown,4613,April,2021
505,West Karen,3783,October,2016
506,Lake Michelleshire,2682,May,2015
507,Lake Kaitlynville,3506,April,2025
508,Blairstad,4363,January,2019
509,Taylorberg,5569,July,2025
510,Jacquelineville,1777,October,2016
511,Smithside,5942,December,2017
512,Brianton,4447,December,2018
513,Monicabury,7657,August,2022
514,Nancyburgh,3292,July,2022
515,Vegaton,8260,May,2022
516,Maryberg,7695,April,2021
517,South Taylor,4153,April,2022
518,Mathishaven,1749,February,2025
519,Wrighttown,9307,April,2017
520,Stevenburgh,9608,March,2020
521,North Ronnie,2403,March,2017
522,East Erikborough,4265,August,2019
523,Lake Karen,7541,November,2015
524,South Amyburgh,2410,May,2025
525,Valenciamouth,9195,January,2021
526,Suttonfort,4257,July,2018
527,Huangville,6625,May,2023
528,East Jamesmouth,6708,June,2018
529,South Robertfurt,2977,September,2015
530,Port Allenborough,3773,September,2022
531,New Jennifer,223,July,2021
532,New Jamesburgh,9571,January,2017
533,Jonesport,9035,July,2015
534,Johntown,1175,April,2018
535,Kimberlytown,6198,October,2022
536,Ronaldburgh,6842,December,2019
537,New Joelborough,214,November,2024
538,West Stephanietown,6389,January,2019
539,South John,6784,July,2024
540,East Carlos,3941,August,2021
541,Rebeccaview,5481,July,2025
542,Lewisberg,3295,March,2025
543,Jacksonton,6017,May,2016
544,East Darius,7744,December,2024
545,New Jonathan,1128,December,2015
546,East Christine,5298,November,2021
547,Fernandezfort,6859,August,2015
548,Angelaport,8367,December,2022
549,Sheppardberg,3215,October,2016
550,Loveton,6884,November,2024
551,Paulaberg,7180,March,2025
552,West Stevenmouth,7635,July,2019
553,West Daniel,547,August,2022
554,Kentville,1410,June,2016
555,Port Nicholas,9252,July,2020
556,North Waynefort,279,July,2022
557,West Alicia,4441,December,2025
558,North Eric,6946,January,2025
559,Andersontown,6461,May,2018
560,West Richard,558,February,2017
561,Melissabury,8974,September,2025
562,Lake Leslie,5721,November,2015
563,Bradshawville,1984,January,2025
564,Port Melissafurt,4337,May,2018
565,Garrettbury,2574,June,2023
566,North Mandyside,5241,March,2024
567,New Carol,5955,November,2018
568,Kimberlytown,2043,December,2021
569,South Alexisside,1360,October,2016
570,South Nicholasport,9190,October,2019
571,Josehaven,5347,February,2019
572,Lake Erictown,5044,July,2015
573,New Adrianland,3099,August,2024
574,Stevenside,5807,February,2024
575,West Gabrielle,6443,January,2018
576,New Leonardville,7175,September,2016
577,South Douglas,6675,February,2025
578,Lake Adamview,7431,February,2019
579,Lake Seanbury,3369,August,2021
580,Emilyberg,2975,July,2025
581,Port Tinaside,584,August,2016
582,Campbellhaven,475,March,2020
583,New Daniel,3339,October,2025
584,Robertsburgh,4611,November,2019
585,Youngside,6545,August,2015
586,Shorthaven,8497,January,2025
587,Lake Preston,7850,March,2020
588,Port Kimberly,3035,September,2022
589,Patelburgh,5121,July,2020
590,East Elizabeth,2049,July,2019
591,Baileymouth,5286,March,2020
592,Johnsonshire,5029,June,2022
593,South Lisaside,7721,December,2025
594,West Aaronburgh,3759,March,2023
595,Andreahaven,8267,August,2024
596,East Michellebury,7727,November,2024
597,Taylormouth,8504,June,2023
598,Davidtown,6604,June,2018
599,West Justin,1106,September,2020
600,Martinezfort,8406,December,2020
601,West Thomasmouth,4769,September,2015
602,North Sharon,5334,November,2016
603,Hernandezport,4870,February,2016
604,New Ashleychester,8649,August,2023
605,Smithborough,4524,December,2022
606,West Haileychester,5700,October,2017
607,Mitchellfurt,6460,September,2015
608,Port David,3448,October,2020
609,Port Sierraborough,4775,October,2019
610,West Mary,9052,September,2019
611,South Lisa,9202,May,2017
612,New Keith,7445,January,2025
613,East Christopher,5557,May,2016
614,Hallmouth,9195,January,2015
615,North Taylor,733,July,2018
616,Anneport,6352,February,2017
617,New Dwayne,4613,June,2020
618,Timothyfort,8299,December,2023
619,Saraview,5697,December,2017
620,Port Denisemouth,2846,December,2019
621,New Haileyhaven,7366,December,2018
622,East Amy,8832,October,2021
623,West Catherinestad,1136,December,2023
624,New William,6791,February,2022
625,South Craigland,4941,May,2019
626,Roberthaven,9720,December,2022
627,East Markhaven,5543,May,2019
628,Angelashire,9569,August,2022
629,Traviston,4379,January,2018
630,East Edwardfurt,4242,January,2025
631,Port Jonathan,7666,October,2022
632,Sarafort,2900,March,2024
633,Francoshire,8993,February,2018
634,Lake Amandafurt,4644,May,2021
635,Loganmouth,5710,June,2023
636,East Vanessa,3702,April,2018
637,Juliemouth,6118,April,2019
638,East Mary,6043,January,2016
639,South Angela,1284,December,2017
640,New Julie,9681,October,2025
641,Michaelside,9841,August,2025
642,Pattersonborough,687,March,2018
643,Lisamouth,8134,February,2023
644,West Jeffreyborough,1491,February,2025
645,Nicholasmouth,7457,August,2025
646,New Tammy,7441,August,2019
647,New Laurie,3741,June,2024
648,Crawfordside,173,December,2023
649,Mcgrathfort,9551,October,2021
650,Kennethland,5963,March,2019
651,Smithstad,7365,May,2020
652,South Jon,3689,October,2019
653,Port Gailshire,9899,January,2020
654,Simpsonfurt,6200,January,2020
655,Ginaside,2169,September,2022
656,Lake Chase,949,September,2017
657,Lake Robertland,4713,April,2016
658,Kempfort,6271,June,2023
659,New Christopher,2952,February,2025
660,New Brandonhaven,4455,October,2024
661,Patriciaview,3637,February,2018
662,New Joseph,2704,November,2021
663,Jamestown,8122,February,2025
664,Ronaldborough,6728,July,2015
665,East Kimberly,1814,September,2019
666,Rachelfurt,3321,May,2020
667,West Catherineshire,6575,September,2019
668,Kingville,6544,February,2021
669,Krististad,3658,September,2022
670,Carolfort,9516,September,2016
671,North Antonioland,5282,October,2025
672,Patrickville,7428,August,2025
673,Thomasview,1744,September,2020
674,New Christopherfurt,842,August,2017
675,East Matthew,6976,May,2021
676,Bennettside,2792,July,2025
677,Port Jessica,1303,May,2019
678,Port Sharonstad,5765,August,2015
679,Staceyport,1593,March,2015
680,Shawntown,2047,January,2022
681,East Bianca,3775,May,2023
682,North Randall,3110,January,2020
683,Cynthiaborough,8599,August,2025
684,Lisastad,1037,May,2024
685,Barnetthaven,9929,August,2015
686,Peterfort,116,July,2023
687,Whiteside,9719,February,2020
688,Miguelton,1943,August,2022
689,Tanyaburgh,1937,May,2022
690,Lake Juanchester,3293,December,2018
691,Gatesville,9862,November,2021
692,Brownton,2630,December,2024
693,West Stevenberg,9504,October,2017
694,Johnsborough,8749,March,2022
695,Griffithberg,7887,February,2021
696,Matthewschester,5240,July,2020
697,South Dianaland,8692,September,2021
698,Lake Jennifer,7300,February,2018
699,Clarkfort,3712,July,2021
700,South Angelicaside,1177,October,2024
701,Lake Tiffanyland,1986,February,2021
702,Leebury,5502,May,2024
703,East Joshuamouth,7513,April,2018
704,Gregorychester,6431,May,2017
705,Claytonhaven,4278,April,2025
706,Jasonburgh,827,February,2019
707,Elijahport,6206,August,2018
708,Curtismouth,734,July,2020
709,East Teresabury,5548,September,2023
710,South Robertshire,678,June,2015
711,Williamsmouth,3239,December,2015
712,East Richard,4552,February,2024
713,North Josephport,9353,December,2016
714,Port Jacobfurt,6714,June,2024
715,Travisbury,9475,July,2020
716,Port Andrewfort,6959,March,2021
717,Samanthaport,9775,April,2020
718,Port Norma,2478,June,2019
719,North Bradburgh,4575,December,2017
720,Carterside,9403,May,2024
721,Mooreville,4292,October,2019
722,South Adrienne,3711,December,2018
723,South Jason,4900,December,2016
724,Port Donna,1172,February,2015
725,Kerrborough,2671,December,2016
726,North Haleyview,8352,May,2023
727,Hurleymouth,3075,June,2021
728,Frenchland,6834,January,2016
729,Brandonland,5908,July,2016
730,Port Anthony,587,November,2016
731,West Don,8415,October,2016
732,Lindaside,1598,July,2015
733,Jordanfort,8635,January,2022
734,Alexisbury,9210,February,2015
735,Port Rebeccamouth,2177,August,2022
736,Johnsonland,8898,January,2024
737,Brianborough,5210,May,2016
738,Johnsonville,257,January,2020
739,West Jessica,8310,July,2025
740,Morganmouth,1377,August,2019
741,Smithborough,3243,July,2020
742,Medinashire,4267,December,2019
743,Figueroahaven,6620,December,2022
744,East Sharonborough,6670,September,2022
745,Port Alicia,9414,July,2021
746,West Amystad,1612,February,2021
747,Ortizhaven,5645,October,2022
748,Christopherfort,6122,February,2017
749,Port Melissamouth,129,June,2015
750,Adrianville,6804,April,2016
751,North Anaside,792,March,2021
752,East Robert,7653,November,2020
753,Orozcoland,5386,August,2015
754,North Brandiport,2666,September,2021
755,Ericmouth,1150,September,2018
756,West Angela,9626,September,2017
757,Jonesmouth,3627,October,2018
758,Robinsonstad,2114,January,2021
759,West Chloehaven,8923,December,2025
760,Danielport,5144,November,2017
761,Coopermouth,7814,February,2015
762,Port Elizabeth,5246,May,2024
763,Rachaelmouth,9228,March,2020
764,Denisefort,4774,December,2018
765,East Johnstad,4547,September,2024
766,Port Michaelchester,6180,June,2018
767,Reneeborough,5282,April,2018
768,New Suemouth,9467,May,2018
769,Tinamouth,861,September,2022
770,North Jenniferborough,2384,March,2019
771,Port Chad,3355,May,2018
772,Port Matthewton,7966,December,2019
773,Dannybury,2169,October,2021
774,West Virginiamouth,5406,January,2019
775,Brendaland,9908,May,2024
776,Mccannshire,9854,February,2023
777,Alisonborough,8169,February,2019
778,Johnstonshire,1670,January,2021
779,Port Christineshire,9816,October,2018
780,New Debrashire,2433,December,2020
781,Davidhaven,2221,April,2017
782,Johnstontown,7280,August,2020
783,Austinburgh,2910,July,2016
784,Billybury,6704,February,2015
785,West Barbarafort,1690,June,2016
786,Port Kathrynview,2044,March,2020
787,North Beth,8119,October,2024
788,Christensenmouth,8825,August,2020
789,West Johnny,3710,November,2015
790,Monicaberg,7010,January,2019
791,Lake Rachelburgh,2493,August,2016
792,East Angelaburgh,6544,January,2015
793,South Norman,4574,April,2017
794,Andrewtown,1988,December,2020
795,East Lynn,3721,January,2015
796,Thomashaven,8338,May,2022
797,East Brianna,8704,July,2024
798,West Bradleyland,8914,June,2021
799,East Erinview,5755,June,2018
800,Allisonland,1047,July,2020
801,North Ashleychester,2893,November,2016
802,Lake Joannaview,8700,October,2024
803,West Michael,926,August,2022
804,Maxwellborough,3996,August,2017
805,Lake Thomasstad,9472,July,2016
806,New Jessicaborough,6513,January,2023
807,East Amanda,4533,August,2020
808,New Amanda,1620,January,2019
809,Robinsonton,7111,December,2016
810,New Anthony,5724,April,2023
811,Travisborough,458,February,2024
812,Dominguezmouth,7637,February,2024
813,Burnettburgh,190,February,2023
814,Bookermouth,6479,November,2018
815,Port Jenniferburgh,1056,May,2025
816,West Joseburgh,1195,March,2015
817,Mosesview,7218,August,2024
818,Randallmouth,2302,September,2022
819,West Alejandra,6457,September,2019
820,Lake Nicole,6959,March,2015
821,East Courtneychester,6940,August,2018
822,Christianview,3372,July,2025
823,Tammybury,6831,October,2019
824,Port Amymouth,4991,April,2019
825,Brianfurt,4508,November,2025
826,Lake Heather,2156,February,2022
827,New Darrenton,9604,June,2025
828,Nicolefort,3141,May,2025
829,North Darius,2758,December,2019
830,Adamshire,1041,March,2017
831,Taylorville,4156,June,2017
832,East Sheilamouth,7366,January,2018
833,South Tamara,6729,April,2022
834,Lake Phillipfort,808,May,2018
835,New Barbara,8538,May,2025
836,East Joshuafort,539,November,2020
837,Nguyenview,7163,January,2015
838,Jenniferstad,5453,July,2021
839,North Williamport,1060,October,2017
840,East Markshire,1251,September,2024
841,Port Stacy,7577,March,2016
842,New Maryborough,4768,June,2016
843,West Mariaberg,4194,July,2016
844,North Pamela,9510,August,2018
845,Jamesborough,4891,April,2015
846,Ryanside,8834,October,2025
847,Devintown,1437,April,2024
848,South Williamville,2056,July,2022
849,South Donald,7947,February,2017
850,Robinsonville,8675,December,2024
851,Port Jimmymouth,4321,July,2018
852,Port Laurie,7590,October,2024
853,Port Cynthiamouth,1491,April,2017
854,Lake Xavier,4917,December,2017
855,South Jerry,1712,March,2025
856,Travisbury,3324,May,2015
857,Jacksonmouth,6055,January,2023
858,Daughertychester,5078,October,2017
859,Lake Kaylaville,3912,March,2018
860,East Richard,1927,December,2020
861,Port Joshua,3596,October,2017
862,Crawfordchester,1570,August,2023
863,East Joe,6226,January,2017
864,Freemanborough,7153,November,2018
865,Loriville,2785,May,2018
866,New Paul,5464,July,2024
867,Katherineburgh,826,January,2018
868,North Jeffrey,2292,April,2015
869,Port Guyfort,6493,September,2024
870,Ronnieberg,8377,November,2021
871,Port Kelly,9191,November,2017
872,Edwardville,3191,October,2019
873,Lake Jonathanton,2884,August,2023
874,West Laura,1557,January,2020
875,Coreyview,5990,October,2021
876,Port Brian,2329,July,2023
877,New Heather,1599,December,2023
878,North Maryside,2169,May,2019
879,East Trevorview,7928,October,2017
880,East Rosestad,3125,February,2015
881,North Beckyview,200,August,2024
882,Myerschester,8865,October,2025
883,Tylerside,5203,March,2015
884,Laurafurt,6200,June,2019
885,South Michelle,6648,October,2020
886,Lake Patrickport,4365,March,2016
887,Starkstad,2262,October,2016
888,Port Kathryn,4624,November,2015
889,Mullinston,5146,August,2025
890,Bethanytown,4213,March,2022
891,West Andrewhaven,2561,June,2025
892,Thomaschester,3257,February,2024
893,New Jasonshire,8291,January,2016
894,Roberthaven,6199,January,2019
895,New Thomasland,3652,June,2022
896,Martinland,7574,September,2016
897,Port Josephburgh,1616,May,2025
898,Port Kimberly,8569,April,2022
899,North Reginaside,378,February,2024
900,North Katie,4311,November,2018
901,East Christophermouth,405,September,2022
902,Buchananbury,6722,January,2017
903,Port Jasminebury,5547,February,2020
904,Port Judithhaven,3759,March,2023
905,Suzannechester,8941,December,2017
906,West Kimberlyport,5992,October,2017
907,Bridgetside,624,October,2019
908,New Micheletown,9239,November,2024
909,Port Judithville,4235,August,2020
910,East Brenda,2210,June,2017
911,Chanport,9807,August,2024
912,Mackenzieburgh,9423,January,2016
913,Lake Dylan,3216,April,2017
914,New Lee,8650,April,2019
915,South Adamburgh,5656,September,2025
916,East Darlene,9932,July,2023
917,North Danielle,1889,December,2016
918,Lake Anthonyfurt,6617,December,2020
919,Port Michael,4215,March,2016
920,Sanchezmouth,2262,June,2018
921,Andersontown,5875,June,2020
922,Victoriaview,6437,May,2019
923,Amandamouth,4778,January,2025
924,Hicksfort,1119,April,2022
925,Meganview,8356,March,2022
926,Martinezfurt,6820,June,2019
927,Nelsonside,7951,June,2017
928,North Nathan,8258,February,2018
929,Sherylburgh,7456,December,2015
930,Youngborough,4634,February,2020
931,Port Keith,6828,March,2018
932,Ewingburgh,3617,December,2016
933,New Madisonstad,4164,January,2025
934,Turnerfurt,1830,January,2020
935,Matthewmouth,6043,March,2021
936,West Derekberg,8264,October,2022
937,Garciaview,5609,December,2016
938,Luisshire,5883,July,2015
939,West Aaron,8274,September,2022
940,North Michelleport,5654,November,2018
941,Maryborough,6037,September,2016
942,East Catherine,1140,April,2025
943,Benjaminchester,8189,September,2024
944,Leestad,1181,June,2025
945,Rangeltown,5640,October,2015
946,Cynthiamouth,4744,February,2021
947,Sweeneyberg,723,July,2018
948,West Biancafurt,6003,August,2019
949,South Aprilside,4496,November,2022
950,Randalltown,8688,July,2017
951,North Lesliechester,7181,January,2022
952,Samuelberg,1823,August,2018
953,North Richardfurt,2878,August,2019
954,Tylerfurt,7199,June,2018
955,Carterville,676,November,2022
956,West Bradburgh,3627,May,2016
957,Leefurt,7327,March,2023
958,Lake Amanda,715,December,2018
959,New Paul,7168,June,2022
960,Holmesmouth,4013,October,2020
961,South Mike,3694,January,2021
962,Johnsonland,4249,February,2018
963,Hernandeztown,2083,October,2019
964,Kimberlymouth,6306,June,2020
965,Warrenstad,8930,November,2021
966,South Stephanieport,7116,November,2018
967,Lake Erin,8957,July,2021
968,East Ryanport,6854,May,2019
969,Ballardfort,7616,October,2025
970,Matthewbury,7464,February,2017
971,Wongfort,5472,June,2021
972,Samuelfurt,165,September,2020
973,Espinozaport,4133,April,2024
974,Anitaberg,5256,January,2021
975,Jensenfurt,8049,March,2019
976,East Taylorside,2350,September,2021
977,Port Adamfort,4898,December,2025
978,West Brett,7187,October,2023
979,Lake Danielberg,519,March,2018
980,Lake Charlotteport,8106,February,2023
981,New Russell,8084,March,2023
982,South Jenniferburgh,4485,December,2018
983,Humphreymouth,4461,December,2024
984,Lambfurt,7175,June,2015
985,Francoberg,3277,May,2019
986,Sherryton,5222,July,2025
987,Port Sarah,8367,May,2022
988,New Caitlyn,1855,September,2021
989,Reidfurt,3373,February,2023
990,New Jessicashire,7596,April,2022
991,East Russellmouth,1139,November,2019
992,South Jennifermouth,6348,November,2025
993,West Amanda,6561,November,2020
994,West Sophia,8540,March,2017
995,Kellymouth,2281,February,2019
996,North Jeffery,4195,February,2023
997,North Jason,7014,October,2017
998,North Benjamin,2328,October,2024
999,Moralesfort,1207,September,2016
1000,Danielsbury,1917,November,2019
