ProductionID,Location,Production_KWh,Month,Year
1,South Sabrinaburgh,62842,May,2018
2,Nicolemouth,34179,May,2024
3,Powellchester,25271,July,2019
4,South Matthew,29451,August,2015
5,North Karen,37050,July,2018
6,Olsonmouth,8033,February,2024
7,Port Mackenzie,84400,September,2022
8,West Joseph,11385,October,2025
9,East Trevor,42255,September,2022
10,Lake Sharonmouth,73632,September,2015
11,West Christophertown,97671,November,2023
12,Ninafurt,69682,February,2022
13,Merrittshire,93487,September,2019
14,East Michael,35612,January,2021
15,Aaronmouth,90926,June,2020
16,South Manuelberg,32657,June,2023
17,East Danielmouth,33249,July,2017
18,Zacharyhaven,66692,November,2021
19,Monicamouth,69705,June,2016
20,South Dawn,43038,August,2019
21,Port Paulchester,7900,June,2022
22,Kirbyfort,19929,October,2019
23,Lake Melissa,25850,October,2020
24,Lake Jacqueline,12692,June,2019
25,Brandifurt,83228,May,2017
26,Frenchbury,47114,June,2016
27,New Jimmyhaven,20698,September,2019
28,New Heatherhaven,97750,March,2020
29,West Kimberlybury,98208,July,2016
30,Jacobschester,83480,September,2018
31,Carpenterburgh,35084,May,2024
32,East Holly,73252,December,2021
33,Brianfort,50474,January,2016
34,Leeville,97930,October,2015
35,Jamesmouth,82342,July,2017
36,Reyesbury,50743,February,2019
37,Richardbury,71142,September,2023
38,East James,7216,August,2024
39,Wardport,92188,June,2019
40,New Edward,11718,April,2024
41,Colestad,89935,June,2022
42,Port David,68976,February,2015
43,Port Blakeport,46278,February,2017
44,New Lisa,73258,January,2017
45,Wrightbury,32750,June,2015
46,Port Shane,58285,May,2023
47,New Ashley,1212,October,2021
48,Leefort,1919,December,2023
49,North Taylor,91663,January,2017
50,West Eric,74004,December,2023
51,Craneshire,24446,December,2016
52,New Gary,41558,April,2017
53,Port Brenda,41519,August,2015
54,Lake Jared,8794,December,2019
55,Cooperborough,92219,September,2024
56,West Rachel,38287,October,2020
57,Michaelland,4558,September,2016
58,Port Rhondafort,42541,December,2021
59,Johnfort,3346,December,2018
60,Port Melaniefurt,87635,July,2019
61,Taylorchester,13970,April,2015
62,West Erin,24659,November,2018
63,Hawkinsburgh,56114,October,2017
64,Powersport,35280,January,2015
65,West Angela,65602,April,2019
66,North Ronaldbury,8873,February,2023
67,Tylerborough,47519,October,2023
68,Christopherland,84534,April,2015
69,West Amyberg,18720,January,2016
70,West Audreyfurt,67837,March,2022
71,Debraville,16564,November,2016
72,Andersonland,56098,August,2025
73,Markborough,48994,January,2018
74,Jonathanton,43333,February,2015
75,Sharonview,12373,December,2019
76,East Austinside,74917,July,2022
77,South Michael,38863,June,2017
78,Lake James,86113,June,2017
79,North Stephanie,3433,September,2023
80,North Rachelberg,41494,May,2023
81,Lake Sarahmouth,41360,December,2015
82,Campbellville,1792,February,2015
83,Jeffreyport,27867,March,2019
84,South Josephberg,5991,February,2024
85,Johnton,77004,August,2023
86,Lake Seanhaven,80332,December,2021
87,Alvarezville,5464,February,2020
88,Rhondashire,17688,February,2021
89,Haroldmouth,22583,July,2024
90,Jeremyhaven,24031,September,2018
91,Port James,97895,June,2021
92,South Samantha,98783,July,2019
93,Pamelaside,75487,May,2015
94,New Alexistown,22150,September,2024
95,Lake Kristen,65261,March,2023
96,Hollandshire,76144,September,2015
97,Cortezland,76703,April,2024
98,Powersborough,27008,December,2017
99,Kelleyberg,63086,January,2022
100,North Jeromeshire,5670,September,2022
101,Stephenburgh,37587,January,2024
102,Haneystad,32878,December,2023
103,Cantrellport,71309,December,2025
104,Rushberg,14958,June,2017
105,Evansland,80615,October,2022
106,Evansmouth,28941,November,2015
107,Vaughnborough,96082,March,2016
108,West Tonya,21519,April,2015
109,South Davidbury,34809,December,2022
110,Murphymouth,31047,April,2015
111,Petershire,75518,February,2019
112,West Maria,87960,January,2016
113,New Rhondachester,77488,October,2019
114,East Valeriechester,11738,October,2019
115,East Stevenport,88958,December,2025
116,Gutierrezhaven,92043,April,2018
117,North Katelyn,30815,August,2016
118,Austinside,19022,May,2025
119,North Mary,29264,February,2019
120,Leeview,7816,October,2025
121,Wilsonburgh,43032,June,2015
122,East Georgefurt,28373,November,2019
123,New Daisyport,30571,August,2023
124,Lake Stephanie,68759,April,2019
125,South Jason,98894,October,2015
126,Summerston,95798,October,2023
127,Russellstad,52121,September,2017
128,East Cynthia,75411,January,2018
129,Luisberg,31371,June,2019
130,Eduardoberg,36385,January,2019
131,New Angelashire,23740,October,2017
132,North Georgefurt,19095,July,2020
133,Wisemouth,86495,February,2024
134,West Stephaniechester,93028,September,2021
135,East Devon,55590,December,2017
136,Howellbury,16197,April,2021
137,Harrisonmouth,47283,August,2022
138,Shepardmouth,74223,October,2021
139,Kingville,56941,January,2024
140,Lake Gregoryborough,80487,December,2018
141,Danielsmouth,56776,March,2025
142,Arnoldport,91612,June,2020
143,Fisherside,80057,October,2023
144,Lake Darylview,45720,November,2019
145,New Lesliefort,39571,July,2019
146,Vanceborough,11772,July,2015
147,New Traci,27950,January,2016
148,Rogersborough,88096,October,2018
149,Rodriguezview,52013,October,2025
150,Lake Tom,81364,July,2018
151,Deborahshire,99140,April,2024
152,Lake Courtney,33170,December,2018
153,East Debbieport,99712,January,2019
154,South James,29524,October,2023
155,Sotoview,68458,August,2016
156,Port Bethany,19610,May,2020
157,Laurenfort,22486,June,2023
158,West Richardborough,67871,December,2025
159,North Alexis,13938,October,2024
160,East Ashleyfort,15155,February,2020
161,Lake Kennethtown,47516,February,2017
162,Amandamouth,12863,June,2023
163,Jenniferton,52384,October,2018
164,West Aaronland,66307,May,2020
165,Baldwinville,5204,October,2017
166,Williamchester,20863,August,2025
167,Michaelview,69787,October,2022
168,Erinside,47172,May,2016
169,Lozanotown,51665,September,2020
170,Michaelside,24133,November,2015
171,Griffithberg,25346,April,2016
172,North Jeffrey,51756,September,2021
173,New Matthew,13639,August,2022
174,South Andrewborough,91279,August,2016
175,Malonemouth,65271,August,2022
176,South Amberside,87356,October,2018
177,Bethhaven,21216,April,2024
178,Garciaburgh,48861,November,2018
179,Melissatown,70415,October,2021
180,North Heather,20009,December,2025
181,Lake Davidfort,35085,January,2023
182,West Ashleyhaven,1987,April,2024
183,North Brettport,4134,October,2015
184,Port David,72372,August,2018
185,South Jason,31922,April,2020
186,Danielleburgh,73418,January,2023
187,East Jennamouth,30491,September,2016
188,East Maryland,70804,July,2022
189,Christinafurt,78905,December,2021
190,Gutierrezbury,10078,October,2015
191,Port Jessicafort,38696,November,2018
192,Jeremyshire,56076,February,2019
193,East Kristiton,70509,October,2018
194,Avilaside,26347,February,2021
195,Morganton,16601,April,2025
196,Whitefurt,9711,September,2020
197,Dustinberg,36934,November,2016
198,East Brendamouth,14525,November,2020
199,North Sherry,92912,November,2023
200,Lake Michaelborough,80970,March,2018
201,Whitneyland,60976,December,2020
202,Cynthiaberg,20050,June,2016
203,North Jameshaven,38663,May,2023
204,New Anne,99662,September,2019
205,Walkerside,14312,April,2021
206,Lake Melindafurt,28072,November,2017
207,Chaneyfurt,61912,March,2022
208,Mcmillanfort,61928,June,2024
209,Mayomouth,87236,March,2024
210,Carlaland,26475,October,2023
211,New Brandi,31276,August,2016
212,Shermanside,47499,June,2022
213,Staceyview,58619,December,2023
214,Meganmouth,68151,July,2025
215,West Kevinshire,92270,December,2019
216,North Kimberly,16543,February,2015
217,Port Barryborough,36365,July,2021
218,Danielport,36467,June,2016
219,East Maryburgh,91024,September,2022
220,South Kathy,97210,January,2017
221,South Pamela,29607,May,2021
222,New Alexandrafort,61566,August,2021
223,Port Samantha,92080,August,2023
224,New Briantown,99245,August,2019
225,Ryanland,95602,July,2023
226,Lake Heatherborough,29348,May,2016
227,Elizabethton,7313,December,2015
228,Julieville,3113,April,2020
229,North Lauriemouth,85688,May,2021
230,North Dawn,60435,September,2025
231,Port Stephen,34364,April,2024
232,Bobmouth,76615,December,2024
233,Jenniferstad,42675,January,2015
234,Stephenchester,48645,September,2019
235,Port Pamela,20015,July,2019
236,Bonillahaven,33768,December,2015
237,Robertbury,40791,February,2018
238,West Natalie,68670,August,2016
239,Lake Tanyaside,62375,March,2023
240,North Nancy,21363,September,2018
241,West Brenda,58908,July,2021
242,Catherinefort,81800,July,2022
243,Port Robertfort,4383,September,2023
244,Adamport,89960,September,2015
245,Port Kellychester,26273,September,2025
246,South Jessicaburgh,97039,April,2025
247,Toddchester,64095,August,2015
248,Port Joshua,45722,August,2024
249,Breannaside,36172,October,2016
250,Bretthaven,86456,April,2023
251,New Jo,9821,February,2020
252,West Tinaburgh,95971,September,2017
253,New Victoriaside,53122,September,2015
254,South Jerry,22375,June,2015
255,Lake Hollyside,24944,August,2021
256,New Christina,34126,May,2025
257,Robinsonstad,58674,July,2022
258,Port Shawnside,26003,June,2023
259,North Josefurt,82679,March,2024
260,East Tammy,3324,April,2018
261,Scotthaven,29209,March,2020
262,Kevinberg,67152,September,2018
263,Jessicachester,9096,October,2020
264,Kurtchester,46278,February,2023
265,North Christopherfurt,17662,February,2016
266,Marthastad,60622,December,2019
267,Port Ryanhaven,14270,July,2021
268,New Patricialand,93771,October,2020
269,Nelsonville,8577,March,2020
270,Lisafort,65487,September,2020
271,North Christian,84133,December,2023
272,Johnsonstad,79809,January,2015
273,Madelineborough,27276,April,2020
274,Williamside,15921,October,2021
275,East Joshuaville,13323,September,2021
276,Fullerchester,47336,August,2025
277,Kaylahaven,41090,January,2021
278,Perezland,66209,May,2015
279,South Steventown,94545,October,2022
280,Lifurt,72852,October,2023
281,Port Benjaminview,48038,August,2024
282,Port Morgan,70530,December,2016
283,North Joseport,14976,June,2023
284,South Julieview,78745,September,2016
285,East Josephville,8282,December,2024
286,New Denisetown,61746,November,2019
287,West Timothyport,20979,April,2025
288,East Jason,99940,January,2015
289,Estradamouth,1502,July,2016
290,Hunterfurt,46838,April,2018
291,New Nancy,37785,May,2022
292,Port Henryview,71341,November,2023
293,East Sarah,2053,January,2023
294,South Nicholas,13512,April,2016
295,New Kyleburgh,95510,August,2023
296,Mclaughlinmouth,7833,March,2019
297,Priceport,58440,September,2025
298,Port Douglas,32852,July,2020
299,North Randall,66756,April,2020
300,Watsonshire,22320,June,2024
301,Christopherside,16487,February,2015
302,Smithberg,49653,March,2020
303,Joshuabury,98841,July,2021
304,Alexanderfort,27525,December,2016
305,Nguyenhaven,59217,December,2020
306,New Thomas,4390,September,2017
307,East Erinton,5826,August,2023
308,West Tracyberg,96458,April,2022
309,Port Michaelstad,23988,June,2020
310,Kimberlyland,7628,May,2021
311,Lake David,63507,May,2020
312,Velazquezfurt,44983,August,2016
313,East Christian,49852,February,2025
314,Sweeneyton,47625,May,2024
315,Rebeccatown,59706,April,2019
316,Harrisfurt,36160,August,2023
317,Lake Christian,77848,October,2024
318,Davidberg,21192,April,2020
319,East Melissa,20754,March,2018
320,Riveramouth,85141,January,2017
321,Lake Carolynland,69171,August,2023
322,Changmouth,93958,March,2017
323,Lake Michaelchester,31936,May,2025
324,South Jasonville,35777,January,2021
325,North Angelabury,5069,November,2025
326,West Taylorshire,57590,July,2018
327,Esteschester,26894,April,2020
328,Lake Jonathan,51695,September,2018
329,Walkerland,13071,August,2015
330,South Joseph,61875,November,2024
331,Edwinton,81643,May,2020
332,South Matthew,45123,April,2025
333,Fosterfurt,46531,December,2018
334,Ortizside,11142,April,2019
335,Aprilport,75527,December,2021
336,Port Ginamouth,13854,December,2019
337,Cruzhaven,6676,July,2019
338,Harrisonfort,42767,April,2016
339,West Barbara,50149,April,2019
340,Emilyview,99816,March,2019
341,East Cindy,89452,December,2023
342,New Seantown,80920,October,2023
343,North Morganmouth,60855,October,2016
344,Bruceburgh,17410,November,2020
345,Nicholston,32143,September,2024
346,New Kimberlymouth,42051,September,2022
347,Connieport,38660,July,2022
348,Port Jefferyville,22720,July,2015
349,Thomaschester,23790,September,2015
350,Moorefurt,91091,December,2021
351,Thompsonfort,70767,April,2019
352,Rogersshire,65799,September,2023
353,Johnshire,36276,November,2021
354,Davismouth,78797,May,2025
355,Timothychester,11110,December,2025
356,Sandersport,54363,September,2022
357,Port Kirkton,39482,April,2024
358,Williamsland,30235,April,2024
359,East Eric,11261,January,2021
360,West Stevenmouth,12997,December,2020
361,Turnermouth,10676,May,2023
362,Lake Danielbury,56432,June,2019
363,South Wesleyville,63176,March,2020
364,Kaylaburgh,99280,March,2019
365,Port Brendabury,15802,May,2016
366,Lake Larry,15477,December,2016
367,Gavinland,81115,December,2017
368,Jasonmouth,74369,July,2023
369,West Christopher,38535,December,2017
370,Tylerfort,97126,November,2020
371,Scottchester,75015,December,2023
372,Bushstad,1640,June,2017
373,Jenniferchester,72503,May,2024
374,Woodton,71511,January,2018
375,North Madison,79051,July,2025
376,New Seantown,51031,April,2022
377,South Samanthafurt,82382,September,2018
378,Lisatown,52506,November,2020
379,South William,44259,November,2022
380,Lake Breannabury,79549,March,2019
381,Port Angela,69616,December,2016
382,Anthonyside,27499,April,2024
383,East Christopherville,62819,November,2016
384,Lake Michelleshire,19407,June,2021
385,Port Mark,72593,November,2015
386,Sharonfurt,86077,August,2022
387,West Sarah,9126,August,2017
388,New Victoriafurt,55025,April,2022
389,Lake Bobbyland,4032,December,2015
390,South Heidiburgh,30874,October,2018
391,West Charlesmouth,20904,February,2024
392,Lewisbury,92589,December,2025
393,Rodriguezland,88966,April,2023
394,Parkschester,22813,December,2022
395,Port Catherine,69313,August,2024
396,Bellton,90877,March,2018
397,West Shannonview,51663,July,2025
398,Lake Mckenziebury,84217,January,2020
399,North Tina,3579,March,2019
400,Abbottshire,53431,August,2022
401,Lake Amy,92804,October,2024
402,Floydside,95537,January,2019
403,Nicholasmouth,63235,June,2019
404,Lake Emilyland,69217,August,2025
405,Johnfort,91690,June,2020
406,Reneeville,58115,March,2017
407,Lewisville,87700,June,2025
408,Michaelmouth,2861,February,2016
409,Bryanttown,70218,February,2018
410,West Lisaside,58417,June,2021
411,Lake Edward,44819,October,2019
412,Fosterview,72590,July,2025
413,Codystad,7875,September,2016
414,Port Jennyside,54647,December,2017
415,Courtneyview,47806,March,2017
416,Amyview,98859,November,2015
417,New Rodney,79219,August,2018
418,South Paul,99821,September,2015
419,Jenniferport,55800,December,2024
420,Stevetown,28630,July,2025
421,Delgadomouth,17980,May,2024
422,Warnerfurt,89286,February,2020
423,New Selena,40340,September,2020
424,New Anna,67182,March,2024
425,Hughesview,38256,September,2024
426,Solismouth,72748,November,2019
427,North Miranda,42444,September,2023
428,New Jason,85381,July,2023
429,Jeffland,15492,March,2020
430,Peterburgh,69564,February,2020
431,Port Chrisborough,98075,May,2015
432,Lake Kimberlyshire,22294,October,2017
433,New Jamesbury,98196,May,2023
434,North Wayne,82924,October,2015
435,Murphychester,28087,December,2023
436,Port Ericton,53343,October,2024
437,Lake Jasonborough,96545,June,2021
438,Port Laurenfurt,14163,May,2019
439,Jonesview,96668,October,2017
440,West Marioton,43357,June,2025
441,Owensburgh,67618,July,2023
442,North Scottfurt,32388,October,2019
443,Barbaraside,94670,August,2020
444,Reevesfort,97170,December,2018
445,Joneshaven,65238,December,2016
446,Billburgh,68914,January,2019
447,Floresshire,47994,April,2023
448,New Kimberly,52684,May,2019
449,North Rogerberg,51181,August,2022
450,West Shannon,64773,December,2016
451,West Christopher,8119,July,2018
452,Jamesstad,39754,June,2019
453,East Carla,41241,November,2016
454,Port Juan,24728,August,2016
455,Johnfurt,66838,July,2024
456,Morgantown,79015,November,2016
457,Josephborough,21504,October,2025
458,Nataliemouth,31116,October,2023
459,Rebeccafort,54382,October,2021
460,Lewiston,64644,September,2024
461,Edwinshire,93537,August,2022
462,South Jamesfort,24823,December,2015
463,Aaronton,23862,January,2024
464,North Christopherville,36935,March,2017
465,New Michaelbury,39106,July,2020
466,East Charles,68306,January,2020
467,East Daniellemouth,43271,August,2016
468,Lake Georgeland,70211,December,2018
469,Kimberlymouth,68686,September,2020
470,Aguilarfort,3997,May,2017
471,South Laura,28344,June,2022
472,South Meaganstad,28103,March,2022
473,Greeneberg,28621,May,2015
474,East Aprilchester,6493,June,2020
475,Clarkberg,44617,December,2025
476,West Johnstad,53480,December,2016
477,Krystalberg,70210,November,2015
478,Rickychester,58290,March,2015
479,West Cameronland,17930,August,2016
480,Westview,17771,October,2021
481,Charlestown,14429,October,2020
482,West Marvinville,57825,June,2022
483,Perezfort,47142,October,2022
484,West Matthewmouth,44967,April,2023
485,East Ravenstad,92906,March,2015
486,New Jenniferhaven,86118,May,2017
487,Cabrerashire,78025,July,2024
488,Batesmouth,35808,July,2022
489,Dawnhaven,39289,January,2018
490,Thomasshire,60160,November,2024
491,Mooreville,67579,March,2021
492,Coreyport,77773,May,2019
493,Fishershire,91534,June,2021
494,South Patricia,82692,July,2015
495,Lake Ashley,61473,July,2017
496,Hansenmouth,97982,November,2023
497,Masonhaven,13196,July,2018
498,North Denise,44797,August,2017
499,Howellville,15211,July,2022
500,Savagefurt,9546,April,2023
501,Lake Josephmouth,60713,February,2015
502,Hoffmanport,99431,March,2018
503,West Taylor,28643,May,2019
504,East Amy,10118,March,2024
505,Benjaminhaven,23949,January,2024
506,South Karen,22054,February,2022
507,South Shelbyville,14051,May,2017
508,East Brian,14805,November,2025
509,Nicoleport,73917,July,2017
510,Williamsfurt,4810,October,2016
511,New Christy,96423,June,2018
512,Cochranfort,26875,December,2020
513,North Lisaburgh,93437,April,2017
514,Davisstad,75959,July,2016
515,South Adamhaven,41895,December,2020
516,Amyville,15630,April,2016
517,Manningtown,34646,February,2019
518,Smithville,95723,January,2019
519,Jamestown,30603,December,2016
520,Delgadomouth,57722,October,2016
521,Margaretmouth,29931,April,2017
522,Jesseburgh,14950,October,2020
523,Bryanland,82981,March,2023
524,Johnhaven,48739,October,2025
525,West Matthewborough,87023,April,2017
526,New Richard,43552,July,2020
527,Chapmanton,97688,April,2018
528,Taylorfurt,21513,May,2023
529,West Leonardside,81722,January,2018
530,Andrewburgh,78561,October,2019
531,Port Reginaberg,69495,May,2025
532,West Joshuabury,63024,January,2022
533,Rodriguezshire,28891,August,2024
534,Christopherfurt,14133,April,2020
535,Josephfort,1142,October,2015
536,East Mason,8498,November,2021
537,Sophiafurt,5663,April,2017
538,New Mikeville,17227,June,2017
539,Oconnorland,50316,April,2015
540,Hinesville,22424,November,2017
541,Jessicashire,77574,December,2025
542,South Aaron,4662,November,2021
543,South Edward,85642,January,2024
544,Lake Taraview,89750,January,2019
545,East Danielville,32007,May,2024
546,Port Rachel,71026,October,2020
547,South Anthony,10301,April,2023
548,New Keith,15469,September,2020
549,East Autumn,64590,January,2019
550,New John,34381,May,2022
551,Gonzalesfurt,67481,June,2017
552,East Jefftown,99846,October,2025
553,Jacobstown,43655,May,2017
554,Lorishire,31288,December,2017
555,Laurabury,9547,September,2021
556,Romerohaven,17029,February,2022
557,East Jessicachester,64688,December,2024
558,Port Gary,70738,October,2019
559,Lake Deborah,42716,November,2022
560,Davidview,93725,May,2016
561,West Jenniferside,67203,April,2015
562,Georgeton,37304,December,2024
563,Coreyville,27493,March,2017
564,South Tarabury,84331,September,2024
565,Lake Jacquelineside,47083,October,2024
566,Patriciaberg,73006,March,2024
567,New Rhonda,40998,April,2016
568,Lake Alan,1700,October,2021
569,Kelleyport,46398,September,2017
570,Lake John,43321,July,2025
571,New Bettyberg,91704,August,2021
572,West Dawn,13428,December,2022
573,North Margaret,47711,April,2015
574,West Kristopherport,27192,July,2019
575,Melanieport,89022,December,2020
576,Julianview,99778,January,2024
577,West Aaronhaven,93255,October,2025
578,Elizabethmouth,47483,February,2017
579,Hamiltonport,45882,June,2015
580,Henrytown,18550,February,2020
581,Port Robert,52503,January,2023
582,Ayalaview,44851,September,2019
583,Lake Carlhaven,53847,December,2017
584,Lake Kyleborough,38941,October,2024
585,North Heatherport,62900,February,2020
586,East Jennaside,88110,November,2016
587,Lake Rebeccaton,14990,October,2015
588,Blanchardport,13293,September,2016
589,Clayhaven,16001,January,2021
590,Audreymouth,54299,December,2017
591,West Kristenland,1632,August,2019
592,Ortegatown,97584,October,2021
593,New Dominique,67223,November,2016
594,Davidchester,27524,March,2021
595,Brownmouth,30559,April,2016
596,Bruceport,55030,January,2016
597,West Sarah,78807,April,2024
598,East Richardland,85359,March,2023
599,Port Johnborough,61008,July,2018
600,Michaelborough,37237,April,2020
601,Port Justinmouth,78303,December,2016
602,North Ericmouth,40585,July,2017
603,Markmouth,23977,June,2016
604,Lopezborough,63630,November,2025
605,West Samuel,29116,June,2016
606,South Ryanburgh,36618,June,2016
607,East Erica,51541,September,2021
608,Franklinburgh,78703,May,2016
609,Oliverfort,84395,January,2023
610,Spencermouth,54132,May,2024
611,South Scottside,55450,December,2020
612,Kathymouth,84675,May,2015
613,West Robert,84679,November,2023
614,Adamsfurt,39238,April,2024
615,Stephaniemouth,78676,January,2021
616,Adrianafort,77159,June,2023
617,New Natashafort,78490,June,2021
618,Hatfieldland,64287,January,2019
619,Anthonyport,81558,March,2021
620,Peterbury,73020,May,2023
621,Carlmouth,36107,March,2015
622,Port Briantown,46110,January,2022
623,Port Sean,37606,August,2018
624,Garyfurt,29233,March,2016
625,New Kevinton,37929,September,2021
626,Annettechester,96851,April,2022
627,North Timothy,62394,June,2015
628,Melissaburgh,7051,July,2022
629,Robertside,46136,September,2024
630,New Victoriamouth,27570,March,2017
631,East Aaronchester,84290,November,2020
632,Thomasborough,91989,June,2023
633,Fosterchester,65445,August,2015
634,Garrettfort,63522,April,2022
635,Chambersville,42718,November,2023
636,Smithburgh,95334,September,2022
637,Port Keith,72633,June,2015
638,Natashastad,22353,October,2017
639,Davidbury,87103,August,2019
640,Sierraton,63007,August,2018
641,West Caseychester,42566,August,2016
642,South Glenn,53474,January,2019
643,Lake Ambershire,98357,October,2015
644,New Laura,24683,March,2021
645,East Leechester,54699,January,2023
646,Perezfort,46051,June,2018
647,Amandashire,30501,June,2015
648,Lake Kevin,47707,July,2019
649,Perezville,11102,April,2021
650,South Eric,51498,March,2022
651,Lake Christina,83406,December,2015
652,Bethmouth,50311,September,2017
653,North Briantown,14317,April,2017
654,Lake Roger,35264,April,2021
655,Michaelton,98988,May,2016
656,Brandiside,17849,September,2021
657,Port Timothyport,57330,January,2022
658,Ryanstad,77827,February,2021
659,Port Michaeltown,2162,July,2023
660,Hopkinshaven,79235,April,2018
661,Stanleyville,42381,March,2020
662,Jacksonberg,70096,August,2016
663,South Susanstad,27654,May,2022
664,Port Michaelchester,45168,February,2023
665,West Heather,39023,August,2025
666,West Brittany,47728,September,2025
667,Dunnville,87989,September,2015
668,Bradstad,96633,September,2017
669,Port Jason,84746,December,2015
670,Lindseyville,43729,February,2023
671,Royport,14816,June,2019
672,Cynthiamouth,57708,November,2019
673,South Marissahaven,74844,September,2019
674,Lake Connie,87038,February,2017
675,North Shannon,10698,February,2019
676,Port Lynnton,67783,April,2023
677,Lake Johnbury,59720,January,2020
678,South Josephfort,6629,May,2016
679,Vazquezton,76390,August,2016
680,Stewartshire,2418,April,2025
681,Annetteville,61055,March,2016
682,Wattsburgh,52766,December,2016
683,Thomasfort,74530,November,2017
684,New Jacob,99802,June,2022
685,Port Joyce,32295,May,2016
686,Moorefurt,52361,May,2019
687,Lake Laura,11813,March,2015
688,West Williamside,12862,March,2015
689,North Jacksonburgh,70604,October,2018
690,New Suzanneport,22913,September,2019
691,Ryanmouth,34418,September,2019
692,North Terry,19252,December,2017
693,Amandashire,74673,July,2018
694,Hendersonshire,41741,July,2019
695,North Jamesfort,42300,August,2021
696,Allenberg,79753,July,2022
697,South Kathleenton,31607,October,2024
698,Gabriellechester,21583,August,2020
699,Ryanview,8318,October,2017
700,North Sean,24366,April,2018
701,Port Kelsey,16495,May,2025
702,East Jillianchester,77838,November,2025
703,Lake Williamton,45687,April,2015
704,West Victorton,53406,August,2021
705,East James,21457,July,2023
706,Thompsonhaven,34333,February,2021
707,Karenshire,88449,November,2025
708,Noahtown,52338,November,2019
709,West Johnmouth,33106,May,2020
710,Luceroland,46963,April,2019
711,Tiffanyfort,43147,December,2021
712,New Zacharyton,5577,August,2017
713,Lake John,71270,March,2023
714,New Shane,34538,December,2025
715,Davidville,44978,January,2015
716,Cervantesmouth,8070,August,2016
717,Lake Billy,8983,February,2016
718,Collierbury,9051,July,2022
719,Port Davidchester,47391,October,2019
720,Johnsonmouth,80154,November,2015
721,West Nicole,10033,February,2020
722,Robertbury,2685,September,2015
723,Philipmouth,47834,November,2020
724,Lewisfort,31280,August,2015
725,Travisport,84056,January,2020
726,Youngbury,31523,March,2019
727,South Frank,85439,April,2018
728,Tiffanyburgh,51636,January,2017
729,East Samuel,49528,May,2021
730,Fischerborough,82380,November,2016
731,Johnathanstad,36815,November,2020
732,Tracieberg,6254,July,2017
733,Angelashire,38991,December,2018
734,New Devinchester,62122,December,2025
735,North Charles,89819,June,2018
736,Vaughnberg,51368,July,2016
737,South Robert,64720,January,2017
738,Jamieview,3023,December,2021
739,South Brian,64323,July,2018
740,Bruceberg,73755,July,2024
741,Guerrerofurt,70997,January,2024
742,Robertmouth,99391,October,2017
743,Jorgechester,5454,December,2021
744,South Angelafort,92826,October,2025
745,Petersonchester,19349,June,2018
746,East Richard,35370,October,2019
747,New Victor,72402,December,2022
748,Port Ashleefurt,84452,August,2019
749,Beanville,98808,October,2024
750,Desireeton,23062,April,2023
751,Yorkberg,75219,November,2025
752,Lawrenceshire,24846,July,2019
753,Smithburgh,20269,September,2015
754,West Jennafort,13709,June,2022
755,Carolineburgh,69923,August,2016
756,Christopherton,34128,March,2025
757,Ramosfort,82876,October,2023
758,Kelseyborough,50610,April,2021
759,Christopherton,74114,February,2020
760,Jacquelineville,4214,August,2024
761,Leeville,98368,September,2022
762,New Michael,18609,July,2017
763,Lake Kathyborough,43476,April,2019
764,North Alexanderchester,85274,July,2023
765,East Garyhaven,51254,August,2015
766,Williamston,44208,November,2020
767,Simsmouth,3429,November,2020
768,Port Travistown,96520,December,2022
769,Meganport,33718,April,2024
770,Michellechester,15778,August,2020
771,Port Lori,15812,June,2020
772,Jenniferstad,37446,November,2022
773,West Levihaven,42610,August,2020
774,Wilkersonton,55515,March,2023
775,East Danielburgh,87799,June,2018
776,East Christopher,38433,July,2025
777,North Zachary,24906,July,2023
778,West Shanechester,88458,February,2017
779,Anitabury,40478,December,2018
780,Amyborough,94929,August,2023
781,Brianmouth,50746,August,2021
782,North Crystal,91203,June,2015
783,Lake Debraview,12855,August,2022
784,Robertberg,62263,January,2024
785,Ellismouth,7141,October,2016
786,Jessicatown,20869,January,2024
787,Hernandezberg,69335,May,2024
788,West Deanchester,73551,June,2021
789,Hollowaychester,56705,December,2016
790,Nathanmouth,23759,April,2024
791,East Ashley,56845,June,2020
792,Port Shanestad,52381,January,2015
793,East Vickie,60918,April,2015
794,Christopherborough,44208,January,2025
795,Navarrofurt,70767,April,2022
796,Robertsonside,29379,February,2019
797,Brownshire,30089,January,2020
798,East Alexisstad,11121,September,2018
799,Melissamouth,87536,May,2016
800,Brandonville,96483,November,2018
801,North Joshualand,64968,July,2025
802,Boydtown,18404,February,2018
803,Jacobsonhaven,48768,March,2022
804,South Michaelton,16768,December,2016
805,Suzanneburgh,26772,July,2020
806,Shawshire,76691,January,2025
807,East Natasha,64037,July,2022
808,East Shawn,12605,November,2015
809,Lake Richardstad,19185,May,2022
810,Glennchester,65630,July,2019
811,South Elizabethchester,43251,December,2018
812,West Amytown,49440,October,2019
813,West Johnstad,48353,July,2019
814,Ruizbury,55758,November,2025
815,Jasonview,2953,September,2022
816,South Charles,76694,December,2017
817,Garciaburgh,13307,October,2023
818,West Julian,9277,August,2022
819,North Robert,37351,October,2025
820,Foxport,4849,May,2018
821,Lake Shannon,7002,June,2021
822,Jenniferchester,29880,December,2020
823,West Hollystad,25624,October,2024
824,Lauraport,10002,August,2022
825,Tommyberg,17671,July,2016
826,East Christineton,72872,March,2017
827,Andreaberg,43787,May,2021
828,Port Amanda,29917,October,2025
829,Michaelville,24333,May,2024
830,New Tamara,17957,March,2024
831,Yangmouth,95036,April,2018
832,West Reneehaven,88288,October,2019
833,South Craig,35246,February,2022
834,Smithchester,6904,May,2023
835,North James,12564,August,2015
836,South Donald,43516,October,2022
837,Port Danielburgh,85422,December,2018
838,Port Robert,83787,May,2019
839,South Brandi,42560,September,2022
840,Flowersfurt,60995,August,2023
841,Lake George,53966,November,2020
842,Housebury,78886,July,2016
843,Port Kimberly,96645,March,2019
844,Haydenport,37325,December,2016
845,Whiteberg,3792,May,2018
846,West Dustin,58479,July,2016
847,New Karenmouth,25283,April,2018
848,North Elizabeth,85233,October,2016
849,Lake Johnhaven,97121,May,2016
850,Austinland,49913,August,2022
851,Martinbury,98097,July,2017
852,Lake Brianland,29081,September,2019
853,Cruzmouth,75566,October,2018
854,West Edwinbury,23692,January,2021
855,Marissaborough,53284,January,2019
856,Jennyville,37047,October,2018
857,North Kellyburgh,84092,August,2018
858,Lake Clayton,21261,February,2015
859,Sandraview,78866,August,2017
860,Mcdonaldmouth,84718,April,2024
861,Longland,91627,March,2015
862,Robertfort,88145,September,2019
863,Carolynhaven,91586,October,2025
864,New Markchester,45110,June,2025
865,North Ronald,43665,September,2017
866,Allentown,50110,September,2018
867,Harveyhaven,67040,November,2015
868,Wilkinsside,93376,September,2017
869,West April,65637,August,2021
870,Fieldstown,75395,July,2024
871,Port Todd,87710,March,2021
872,East Michael,31813,September,2022
873,Luisland,98891,October,2024
874,Eddieberg,54644,April,2023
875,Garciafort,98915,November,2022
876,Lake Kylechester,46701,March,2025
877,New Stevenchester,29629,July,2022
878,Robinport,26264,January,2021
879,East Kelseybury,53096,September,2024
880,East Cassandra,3330,June,2025
881,Port Sheila,78685,December,2021
882,New Stephanie,65233,June,2023
883,Youngberg,56330,June,2025
884,South Kelliborough,85984,May,2021
885,Fergusonchester,54492,May,2024
886,Lake Olivia,38490,July,2015
887,North Sarah,82835,December,2025
888,Port Dennisburgh,10505,February,2021
889,North Brandon,29045,March,2022
890,Lake Danielfurt,31732,December,2024
891,Dalehaven,46211,July,2021
892,Robertbury,99696,October,2024
893,North Laurie,3465,September,2023
894,Lisachester,85908,September,2025
895,West Richard,66437,February,2020
896,North Erika,83590,December,2020
897,West Juliehaven,47776,November,2020
898,Kimhaven,47829,March,2018
899,Anthonyville,17946,March,2024
900,Russellmouth,55426,May,2016
901,Lake Kathrynton,97201,November,2015
902,New Johnmouth,67340,November,2024
903,Tylerville,82852,February,2024
904,South Justinstad,18997,August,2018
905,Port Elizabethfort,7188,November,2018
906,East Shelleybury,34405,March,2019
907,New Jordanborough,23178,February,2017
908,Waltersshire,91802,March,2023
909,South Hollyport,44064,August,2024
910,North Henrytown,76494,January,2021
911,North Keith,68536,September,2022
912,Stanleyton,56234,September,2022
913,Roseborough,85271,June,2025
914,Atkinschester,31339,October,2020
915,Rhodesside,32935,October,2019
916,Davidmouth,99088,November,2017
917,East Cassandrahaven,83780,August,2017
918,Heidibury,81229,October,2025
919,South Danielburgh,25793,February,2022
920,New Patrickbury,84307,December,2019
921,North Julie,17510,October,2016
922,East Christine,13073,January,2023
923,Lake Jill,54389,September,2018
924,New Emilyside,71716,December,2025
925,Russellborough,95770,August,2017
926,Alexanderbury,50290,February,2020
927,Brandonchester,85690,February,2015
928,Johnland,69810,January,2020
929,Smithside,16645,December,2015
930,West Julieville,87225,March,2022
931,Kaylamouth,80289,September,2019
932,North Courtney,22067,September,2018
933,New Carlfurt,54415,November,2021
934,Kathyton,46667,March,2018
935,West Jessicabury,93045,July,2015
936,Lindseytown,57216,October,2017
937,Banksberg,75602,January,2020
938,Dennisburgh,94265,June,2022
939,Port Johnview,6713,July,2020
940,New Jessica,12296,April,2025
941,Marissafort,65024,August,2021
942,Paulview,33699,June,2017
943,Port Patrickburgh,77345,November,2025
944,Leahburgh,4271,April,2019
945,East Bradhaven,64471,April,2017
946,North Wendy,36878,November,2025
947,East Benjamin,22683,December,2024
948,Robertamouth,80949,August,2018
949,Greenmouth,30575,November,2025
950,Jesusport,14366,July,2025
951,Amandashire,38795,October,2016
952,Jenniferland,79734,December,2024
953,Amandashire,74327,July,2020
954,Greeneburgh,27342,August,2024
955,North Ralphfurt,16937,January,2016
956,Markhaven,23692,December,2023
957,East Sheri,17242,August,2021
958,Christineberg,89618,October,2024
959,Keithbury,27234,November,2018
960,Travisshire,99866,December,2022
961,Hartborough,5638,April,2022
962,South Courtneytown,7013,October,2018
963,South Marie,97845,January,2017
964,Christinetown,23032,January,2025
965,Port Robert,59119,July,2016
966,East Samanthaport,34094,December,2016
967,South Melissa,15332,January,2025
968,Lopezmouth,45186,April,2018
969,Adamshaven,86873,January,2021
970,Joshuaberg,68786,April,2019
971,Thompsonhaven,97541,May,2019
972,Dawnport,71254,April,2024
973,West Charleschester,40588,June,2024
974,East Pamelaland,36959,August,2022
975,West Reginatown,7769,August,2020
976,West Raymondview,39621,April,2023
977,West Johnville,35214,February,2021
978,Brianahaven,71353,February,2018
979,Lake Regina,28530,September,2022
980,West Maryside,55362,March,2017
981,West Travis,51710,December,2022
982,Bensonburgh,91129,August,2023
983,East Thomashaven,29486,March,2022
984,Anitaside,58892,July,2021
985,Rosaleston,32494,May,2016
986,Johnsonmouth,9841,July,2020
987,Paulachester,86682,October,2018
988,Larsonmouth,33006,March,2020
989,Lopeztown,59618,July,2017
990,Stephanieberg,5135,May,2017
991,Hesterville,54184,October,2024
992,Natalieside,37227,June,2015
993,West Teresa,87625,June,2015
994,Thorntonside,43184,December,2019
995,Lake Brianachester,52566,November,2022
996,North Theresaborough,1213,September,2024
997,Lake Denise,3074,May,2015
998,Carlaton,85091,December,2024
999,Port Dawnshire,1934,January,2017
1000,Helenhaven,79013,April,2020
