FacilityID,Location,Type,Capacity_MW
1,Lake Rebecca,Solar,75
2,Elizabethland,Wind,57
3,North Michael,Hydro,64
4,Brownstad,Nuclear,89
5,Richstad,Nuclear,34
6,Murphystad,Wind,98
7,Keithport,Nuclear,70
8,Lake Josephshire,Nuclear,32
9,Alexahaven,Hydro,49
10,North Steven,Nuclear,92
11,Robertsmouth,Solar,30
12,West William,Nuclear,38
13,Byrdfort,Wind,16
14,Lake Katherinehaven,Wind,10
15,South Briannashire,Hydro,6
16,North Elizabethburgh,Solar,61
17,New Shaneburgh,Hydro,1
18,Larsonville,Nuclear,54
19,Port Christopherborough,Nuclear,36
20,North Hannah,Solar,81
21,West Derrickmouth,Hydro,27
22,North Douglasmouth,Wind,7
23,South Alyssa,Solar,18
24,East Russellbury,Wind,54
25,South Neil,Wind,3
26,East Hannah,Hydro,86
27,Christianmouth,Solar,75
28,Jeremiahhaven,Nuclear,35
29,Herreraview,Solar,42
30,Piercefort,Solar,91
31,New Carl,Hydro,94
32,Shannonburgh,Wind,20
33,South Deborahburgh,Hydro,55
34,Lake Bob,Wind,31
35,Port Anthonyland,Solar,90
36,Brendanmouth,Nuclear,84
37,Murilloville,Nuclear,76
38,South Ralphburgh,Solar,44
39,Gonzalezburgh,Hydro,11
40,East Haleyview,Wind,61
41,Ritachester,Hydro,71
42,Port Nicole,Wind,54
43,North Taraburgh,Wind,31
44,Kellyburgh,Nuclear,100
45,South William,Hydro,2
46,Claytonville,Hydro,26
47,Michaelstad,Solar,71
48,Lake Joseph,Solar,54
49,Barbaraborough,Solar,56
50,Lawsonville,Nuclear,37
51,Port Karl,Hydro,8
52,Andersonport,Solar,2
53,North Coryton,Hydro,90
54,North Justinberg,Nuclear,84
55,New Erikborough,Nuclear,97
56,Jenniferland,Solar,7
57,Chandlershire,Hydro,67
58,West Teresashire,Nuclear,53
59,North Thomasside,Solar,12
60,Batesfurt,Hydro,23
61,Port Heatherbury,Wind,66
62,Lake Yolandatown,Solar,12
63,West Janetbury,Wind,45
64,Hartmanview,Hydro,92
65,Lake Frank,Hydro,27
66,Sanchezhaven,Nuclear,67
67,Port Melissa,Wind,17
68,Hardyland,Wind,63
69,Parkerborough,Hydro,73
70,Lake Nancy,Hydro,30
71,Warrenbury,Hydro,46
72,Donnachester,Wind,80
73,Amyburgh,Nuclear,63
74,Leetown,Nuclear,91
75,Underwoodmouth,Solar,97
76,Johnsonfurt,Nuclear,6
77,Jennaburgh,Wind,74
78,Jamesside,Wind,100
79,New Elizabethborough,Nuclear,98
80,Phillipsview,Nuclear,17
81,Villaborough,Nuclear,89
82,East Aprilmouth,Solar,32
83,New Lindsayville,Wind,77
84,South Aaron,Hydro,60
85,North Judith,Nuclear,36
86,Hollystad,Hydro,78
87,New Erinburgh,Solar,17
88,Edwardsside,Nuclear,85
89,Fisherport,Wind,88
90,South Migueltown,Solar,71
91,South Amyfort,Nuclear,38
92,Vincentside,Solar,35
93,North Colleen,Wind,61
94,Port Susanfort,Wind,14
95,Markberg,Nuclear,76
96,Port Vincent,Hydro,61
97,North Jamieberg,Hydro,43
98,Christinaside,Hydro,17
99,Port Alisonborough,Solar,30
100,West Jason,Solar,61
101,West Jameschester,Solar,69
102,North Stacyside,Hydro,47
103,Port Amandachester,Solar,26
104,West Josephchester,Nuclear,18
105,Timothyton,Hydro,26
106,Martinezland,Hydro,72
107,Port Brandy,Nuclear,48
108,Gallagherville,Nuclear,23
109,Potterberg,Solar,52
110,Lake Karen,Solar,8
111,Camposton,Solar,36
112,Michellemouth,Solar,98
113,Lake Brendaport,Solar,60
114,East Jonathanport,Nuclear,83
115,Waltersmouth,Nuclear,21
116,Christineberg,Nuclear,93
117,Evansborough,Wind,91
118,Justinburgh,Wind,16
119,North Joseph,Hydro,80
120,North Janetview,Solar,89
121,Torresburgh,Solar,65
122,Alexandrabury,Hydro,54
123,Sullivanside,Wind,54
124,Frankhaven,Nuclear,35
125,Stevenborough,Wind,30
126,West Haleymouth,Wind,55
127,Annaborough,Nuclear,66
128,Schmidtborough,Hydro,39
129,Monicaberg,Hydro,4
130,East Stanley,Hydro,64
131,North Rebecca,Nuclear,78
132,West Maxborough,Solar,17
133,Lake Adrianview,Nuclear,53
134,Lake Jamesborough,Wind,34
135,Johnsontown,Solar,14
136,Manningshire,Wind,98
137,Goodwintown,Nuclear,6
138,East Jeffreystad,Hydro,31
139,New Tammyborough,Solar,94
140,Velezborough,Solar,55
141,South Mary,Nuclear,28
142,South Tammy,Nuclear,61
143,North Sheila,Hydro,81
144,Johnsonhaven,Nuclear,33
145,Larrychester,Wind,68
146,New Katherine,Hydro,21
147,Wilsontown,Wind,9
148,New Taylorberg,Solar,58
149,Port Joshuaberg,Wind,23
150,West James,Nuclear,88
151,South Victoria,Wind,61
152,Sarahstad,Hydro,33
153,Mooreville,Wind,1
154,Nicoletown,Wind,71
155,Gregoryview,Hydro,27
156,Sheilachester,Solar,11
157,Micheleton,Hydro,67
158,Jenniferfort,Nuclear,50
159,New Adam,Nuclear,41
160,Lake Brandi,Solar,44
161,Kelleymouth,Wind,47
162,New Maureen,Nuclear,16
163,Natashafort,Hydro,71
164,North Vanessaport,Wind,85
165,South Mariahview,Wind,88
166,Calebside,Solar,5
167,Lake Thomasview,Hydro,65
168,Kirkton,Wind,59
169,Brittanyport,Hydro,64
170,Silvaton,Solar,41
171,Port Michelle,Nuclear,100
172,Brianborough,Hydro,32
173,Bartonburgh,Nuclear,71
174,West Lori,Wind,48
175,Williamsonton,Wind,75
176,Port Philipstad,Nuclear,76
177,Phillipsbury,Nuclear,3
178,Lake Samanthafurt,Nuclear,100
179,South Shaneton,Hydro,11
180,Sharpville,Solar,33
181,West Valerie,Solar,30
182,Costaborough,Nuclear,5
183,Robinsonland,Hydro,16
184,Amandaburgh,Hydro,22
185,Port Robertmouth,Hydro,47
186,Port Alejandrotown,Solar,65
187,Eduardoburgh,Nuclear,5
188,South Reginaside,Hydro,40
189,Justinton,Wind,42
190,East Taylormouth,Wind,44
191,Port Douglas,Solar,79
192,New Shannon,Solar,44
193,Port Patricia,Hydro,46
194,Craigton,Hydro,99
195,Lake Rogerview,Nuclear,97
196,Chloetown,Solar,5
197,Johnsonmouth,Hydro,50
198,Port Charlotte,Nuclear,25
199,Olivermouth,Solar,30
200,Carlton,Wind,94
201,New Emily,Nuclear,50
202,Marshallville,Wind,94
203,Lake Tracy,Nuclear,27
204,Hensonside,Solar,66
205,Lake Tammyberg,Hydro,56
206,Suttonchester,Hydro,11
207,West Debra,Hydro,67
208,Lake Stephanieside,Nuclear,15
209,West Jamesfort,Solar,10
210,Christopherfurt,Wind,100
211,Wareborough,Hydro,48
212,West Sharon,Hydro,75
213,Sullivantown,Solar,43
214,New Perry,Wind,7
215,New Dawn,Wind,79
216,Sheltonside,Solar,98
217,New Christopherburgh,Solar,31
218,Stevenfurt,Hydro,24
219,Port Michaelbury,Nuclear,19
220,South Stephen,Wind,98
221,New Alan,Solar,29
222,Floydland,Wind,29
223,Port Marissa,Wind,1
224,Shawtown,Wind,88
225,Connerhaven,Wind,88
226,New Taramouth,Hydro,70
227,Aaronfurt,Wind,96
228,South Amandaborough,Wind,14
229,North Brandonfort,Nuclear,97
230,Howellborough,Nuclear,64
231,East Alanstad,Hydro,15
232,Castilloberg,Solar,90
233,Jameschester,Solar,26
234,New Ashleyshire,Hydro,74
235,Leeville,Solar,20
236,Gonzalezmouth,Solar,68
237,Annaville,Hydro,89
238,Evansfort,Wind,30
239,Port Charlesview,Wind,4
240,Tonyastad,Hydro,9
241,Johnstad,Nuclear,64
242,Heathermouth,Hydro,14
243,Lake Lindachester,Hydro,48
244,Parkerborough,Hydro,62
245,Port Charlesfort,Hydro,73
246,Sherrishire,Hydro,93
247,Willieland,Nuclear,2
248,Hudsonhaven,Wind,17
249,Ellisstad,Nuclear,6
250,Lake Jessica,Hydro,23
251,Stevenport,Solar,54
252,Port Deborah,Wind,57
253,Davidstad,Solar,40
254,West Laurenborough,Hydro,15
255,East Robin,Solar,14
256,Port Sharonbury,Wind,78
257,Nixonhaven,Solar,97
258,Lake Thomas,Solar,66
259,Bakerstad,Hydro,78
260,Woodberg,Wind,88
261,Aprilhaven,Nuclear,85
262,Jessemouth,Solar,25
263,Bradshawbury,Solar,62
264,Freyburgh,Wind,68
265,Christophershire,Solar,24
266,South Jesseton,Hydro,67
267,Port Dale,Hydro,90
268,South Dannymouth,Nuclear,82
269,Lake Kelly,Nuclear,27
270,Caitlynland,Wind,25
271,South Josephborough,Hydro,76
272,Whiteheadstad,Solar,38
273,Port Emilyfurt,Hydro,78
274,West Katherineview,Solar,62
275,Josephmouth,Wind,24
276,Lake Debra,Solar,15
277,Victorbury,Nuclear,77
278,Shepherdland,Solar,90
279,East Sarahville,Hydro,85
280,Petermouth,Nuclear,36
281,Martinfort,Nuclear,95
282,West Ashley,Hydro,64
283,North Brendaville,Solar,97
284,New Christina,Solar,74
285,Gonzaleston,Hydro,55
286,Thomasfurt,Hydro,20
287,New Travisport,Hydro,9
288,Josephborough,Solar,38
289,Williamton,Solar,90
290,Cantrellville,Nuclear,78
291,West Jessica,Solar,12
292,Jasonview,Hydro,57
293,South Ericaberg,Nuclear,60
294,Alexandraton,Solar,45
295,New Nicholasmouth,Solar,43
296,Dawnton,Nuclear,38
297,Gonzalesland,Solar,47
298,Bryanhaven,Hydro,10
299,Lake Richardborough,Hydro,73
300,North Malikville,Wind,3
301,New Philip,Wind,45
302,Lake Kayla,Solar,84
303,South Caroltown,Hydro,36
304,West Amy,Nuclear,84
305,Kruegertown,Solar,5
306,Port Miguel,Hydro,55
307,East Amber,Nuclear,5
308,East Adam,Hydro,97
309,South Patriciaberg,Solar,39
310,Fullermouth,Solar,14
311,Brookeside,Wind,11
312,West Michaelview,Hydro,66
313,Port Tara,Wind,41
314,South Tanyahaven,Nuclear,62
315,West Michaelfurt,Hydro,21
316,Hillshire,Solar,6
317,Walkerton,Solar,55
318,Lake James,Hydro,20
319,Garrettville,Nuclear,87
320,Freemanfort,Hydro,36
321,Silvashire,Hydro,76
322,Brownstad,Nuclear,19
323,Brooksfurt,Nuclear,56
324,Whitemouth,Nuclear,33
325,Port Sierra,Hydro,48
326,Lake Matthew,Nuclear,18
327,Everettberg,Hydro,66
328,Garyton,Nuclear,78
329,North Barbara,Hydro,91
330,Susanside,Wind,5
331,East Michael,Hydro,14
332,Shannonfort,Solar,34
333,North Colleen,Solar,25
334,East Johnny,Nuclear,29
335,South James,Solar,64
336,New Angelatown,Nuclear,68
337,East Patriciamouth,Hydro,39
338,Danatown,Nuclear,51
339,New Larryland,Nuclear,87
340,Barberside,Hydro,41
341,Alexandrafurt,Nuclear,71
342,Turnerview,Nuclear,65
343,Elizabethbury,Wind,10
344,West Edwardville,Hydro,57
345,Port Timothyberg,Hydro,95
346,Lake Sherriborough,Nuclear,62
347,North Jenniferchester,Solar,54
348,North Kurthaven,Wind,96
349,North Jesusbury,Solar,75
350,South Timothyshire,Nuclear,53
351,Ritamouth,Wind,87
352,Port Christinafort,Solar,21
353,North Debraton,Nuclear,13
354,Murphyside,Hydro,1
355,New Jeffreyfurt,Solar,86
356,Buchananton,Wind,1
357,South Kevin,Solar,43
358,Stephaniechester,Nuclear,29
359,Hansonbury,Hydro,94
360,East Sarah,Wind,32
361,West Edward,Hydro,94
362,North Suzanne,Solar,31
363,Anthonyfurt,Hydro,43
364,Alejandrashire,Nuclear,51
365,Woodland,Solar,96
366,Cherylland,Hydro,20
367,New Cynthia,Nuclear,84
368,New Daniel,Nuclear,53
369,East Daniel,Wind,81
370,Lake Jessicaberg,Wind,46
371,Wilsonburgh,Solar,35
372,East Scott,Wind,19
373,Matthewton,Wind,83
374,Jacobport,Wind,89
375,Port Alexisfurt,Solar,41
376,Lake Bethany,Wind,39
377,Scottville,Nuclear,58
378,Kathrynchester,Nuclear,24
379,Annaberg,Hydro,35
380,North Erik,Wind,45
381,Jenniferton,Wind,66
382,Tonychester,Wind,74
383,Lake Jennifer,Wind,17
384,Lake Charles,Wind,51
385,Port Tonimouth,Hydro,82
386,Mcneilview,Wind,27
387,South Johnstad,Wind,34
388,South William,Hydro,64
389,Douglaston,Wind,1
390,Lake Jefferymouth,Hydro,36
391,New Davidside,Solar,20
392,New Deborahborough,Solar,11
393,South Michaelborough,Wind,75
394,Smithborough,Solar,58
395,Stevenmouth,Hydro,44
396,Smithmouth,Hydro,53
397,Brentton,Hydro,44
398,Lake Davidchester,Nuclear,5
399,Morrismouth,Hydro,19
400,New Brian,Wind,48
401,New Caitlin,Hydro,51
402,Watsonshire,Wind,73
403,Smithville,Wind,63
404,Port Jennifer,Hydro,32
405,South Tiffanyburgh,Nuclear,28
406,Robertview,Nuclear,83
407,Port Angelaport,Wind,28
408,West Isaac,Wind,33
409,West Justinshire,Hydro,83
410,Jonesland,Solar,42
411,Stewartmouth,Hydro,76
412,Jenniferhaven,Hydro,92
413,Courtneychester,Solar,53
414,Kellyborough,Nuclear,86
415,Port Michael,Nuclear,36
416,Patricktown,Hydro,92
417,East Jorgeview,Hydro,56
418,Port Richardstad,Hydro,15
419,Heatherside,Wind,62
420,Raymondville,Wind,25
421,New Ashleyside,Hydro,47
422,Davidbury,Nuclear,4
423,West Kylieville,Hydro,47
424,West Theresachester,Wind,63
425,Allenside,Solar,97
426,West Mitchellport,Solar,61
427,East Crystal,Hydro,9
428,Janeport,Hydro,41
429,Humphreyland,Wind,78
430,Austinberg,Hydro,5
431,Jenniferland,Nuclear,75
432,Weissshire,Solar,82
433,Loweport,Wind,76
434,Michaelshire,Solar,14
435,North Linda,Solar,94
436,Brownborough,Solar,54
437,Markfurt,Hydro,27
438,North Ethan,Hydro,39
439,Collinsview,Nuclear,24
440,Johnsonville,Nuclear,30
441,Hollowayshire,Hydro,66
442,Brooksshire,Solar,96
443,Lake Samanthaborough,Hydro,99
444,Nicholstown,Solar,19
445,Darrylchester,Hydro,30
446,Vaughanfurt,Hydro,80
447,Fisherside,Hydro,31
448,Haynesland,Wind,41
449,South Drew,Nuclear,71
450,Port William,Solar,74
451,Rubenport,Solar,6
452,South Amandaview,Wind,57
453,Lake Susanville,Hydro,96
454,New Randy,Solar,10
455,Heatherville,Wind,80
456,East Robert,Wind,68
457,Michellemouth,Solar,45
458,North Savannah,Nuclear,34
459,Carrbury,Nuclear,40
460,West Richard,Wind,22
461,Michaelstad,Wind,77
462,Catherinemouth,Nuclear,53
463,Elizabethfort,Solar,98
464,Abbottburgh,Wind,41
465,Patelburgh,Nuclear,78
466,Foxmouth,Hydro,22
467,North Melissaville,Nuclear,13
468,Michelleton,Wind,25
469,Williamschester,Solar,67
470,East Bobbymouth,Hydro,49
471,Port Codyhaven,Solar,22
472,Martinmouth,Wind,45
473,South Brendanmouth,Hydro,16
474,New Nicholas,Wind,39
475,Daltonbury,Solar,51
476,Ericmouth,Nuclear,65
477,Lake Markfurt,Nuclear,21
478,Jasonside,Hydro,44
479,East Ray,Hydro,75
480,Bennettview,Hydro,36
481,Port Hailey,Nuclear,62
482,West Robertmouth,Wind,31
483,North Tiffanychester,Solar,59
484,East Stephaniemouth,Hydro,80
485,South Carol,Nuclear,92
486,Tiffanytown,Nuclear,36
487,Port Holly,Nuclear,64
488,East Yvonneberg,Nuclear,39
489,Wagnerfort,Hydro,57
490,Lake Laura,Hydro,97
491,North Donaldtown,Hydro,54
492,Harmonview,Solar,58
493,West Jennabury,Nuclear,8
494,Cherylmouth,Hydro,15
495,Knightborough,Nuclear,43
496,Christopherton,Solar,40
497,Melissachester,Nuclear,57
498,North Devon,Wind,89
499,Mossstad,Wind,8
500,Ingramborough,Hydro,46
501,Perkinston,Nuclear,23
502,New Cindy,Solar,16
503,Thomashaven,Wind,62
504,South Gregoryfort,Wind,26
505,Michaelside,Wind,49
506,Timothyfort,Solar,90
507,Port Williamstad,Wind,84
508,Hartborough,Solar,92
509,Andreaville,Hydro,17
510,Michellemouth,Nuclear,79
511,Port William,Hydro,47
512,East Sarah,Nuclear,2
513,Port Brianaport,Nuclear,3
514,Tranbury,Hydro,35
515,East Alice,Nuclear,10
516,West Jennifer,Solar,46
517,Port Kevin,Nuclear,85
518,Jimmyville,Solar,34
519,Simonfurt,Solar,48
520,North Gary,Solar,79
521,Michaelland,Nuclear,42
522,Carlosmouth,Hydro,71
523,North Andreafort,Solar,18
524,West Davidborough,Wind,70
525,Lake Joseph,Nuclear,28
526,West Carol,Hydro,9
527,Smithchester,Solar,49
528,Kyliechester,Wind,63
529,North Samuel,Nuclear,61
530,North Erikaberg,Nuclear,49
531,North Terri,Nuclear,56
532,Kimborough,Nuclear,90
533,Kellyshire,Hydro,94
534,West Richardhaven,Wind,12
535,New Breanna,Nuclear,90
536,Robertside,Hydro,98
537,Lake Andre,Solar,13
538,Aimeemouth,Solar,41
539,Lake Wesleyshire,Wind,82
540,South Andrewmouth,Solar,14
541,Jenniferview,Wind,1
542,Christopherfurt,Nuclear,44
543,Petersonburgh,Nuclear,94
544,East Brittany,Solar,61
545,Brandyfort,Solar,13
546,Sullivanside,Nuclear,23
547,East Daniel,Hydro,35
548,Brianport,Nuclear,2
549,North Rachelmouth,Hydro,79
550,East Pamela,Wind,64
551,East Lauren,Solar,18
552,West Elijahmouth,Solar,3
553,East Oliviabury,Solar,42
554,Kimberlyshire,Nuclear,8
555,Maxwellstad,Wind,6
556,Lake Rita,Hydro,68
557,East Jaime,Nuclear,21
558,New Matthew,Solar,49
559,Weavermouth,Solar,30
560,Zacharyfort,Wind,28
561,West Kara,Hydro,71
562,Lake Emily,Wind,38
563,Virginiabury,Wind,44
564,North Leahborough,Hydro,95
565,Raybury,Nuclear,35
566,Lake Christine,Nuclear,18
567,East Marychester,Nuclear,7
568,Bowersmouth,Wind,95
569,Kevinside,Nuclear,20
570,Vincentview,Nuclear,28
571,Matthewtown,Wind,65
572,Port Regina,Wind,34
573,East Lisa,Solar,33
574,Kathrynburgh,Wind,1
575,West Barryport,Wind,49
576,Melissachester,Hydro,84
577,Delgadostad,Wind,45
578,East Nicole,Wind,12
579,Wheelermouth,Nuclear,11
580,North Keithside,Solar,48
581,Carloston,Solar,83
582,Lake Charlesborough,Hydro,86
583,East Robin,Nuclear,10
584,Robertstad,Nuclear,70
585,Andrealand,Wind,41
586,Kellyburgh,Nuclear,35
587,Jacobstad,Wind,94
588,Schneiderside,Hydro,28
589,Jonesmouth,Nuclear,24
590,Port Rickeyberg,Nuclear,99
591,Lake Jessicaview,Wind,29
592,North Barbaraburgh,Solar,8
593,East Amandaville,Solar,44
594,East Amyton,Wind,78
595,Port Kimberlyside,Nuclear,57
596,Robertberg,Solar,66
597,Port Michaelport,Wind,52
598,Port Melissafort,Hydro,95
599,Danachester,Wind,10
600,East Matthew,Nuclear,75
601,South Carolside,Solar,99
602,Deannaborough,Wind,8
603,Morenoville,Nuclear,26
604,East Gloriaton,Solar,58
605,New Jessehaven,Hydro,50
606,Jonathanberg,Hydro,94
607,Taylortown,Hydro,36
608,Harrishaven,Wind,3
609,New Anthonyport,Wind,82
610,Rollinsside,Wind,80
611,Lauriemouth,Nuclear,52
612,West Mary,Wind,29
613,Briannaborough,Hydro,49
614,West Samuel,Nuclear,67
615,West Rogerburgh,Hydro,17
616,Port Michael,Hydro,22
617,East Natalietown,Wind,51
618,Lake Tinaberg,Solar,1
619,Richardshaven,Nuclear,55
620,Johnsonmouth,Nuclear,39
621,Heatherside,Nuclear,13
622,Maryberg,Solar,57
623,New David,Nuclear,97
624,Holtland,Hydro,82
625,Andersonside,Wind,2
626,Martinberg,Wind,4
627,New Sherryborough,Solar,76
628,Michaelside,Hydro,95
629,Smithland,Nuclear,68
630,Travischester,Hydro,92
631,Jacksonberg,Hydro,24
632,North Justinberg,Solar,71
633,Webbview,Nuclear,42
634,Lake Marcuston,Wind,61
635,Lopezberg,Solar,94
636,North Johnfort,Nuclear,97
637,West Richardberg,Hydro,58
638,Katieport,Wind,30
639,East Devinland,Hydro,1
640,West Crystalborough,Hydro,34
641,Dunnfurt,Solar,92
642,Natalieberg,Wind,75
643,Whitakerberg,Wind,41
644,Amberport,Wind,18
645,Christopherstad,Wind,93
646,Danielbury,Wind,38
647,Lake Laurie,Hydro,66
648,West Judyside,Nuclear,80
649,Lake Gary,Hydro,33
650,North Danielle,Nuclear,11
651,Hendersonhaven,Solar,36
652,West Duane,Hydro,28
653,Lake Crystal,Solar,5
654,South Diana,Nuclear,59
655,East Beth,Hydro,86
656,Elizabethland,Solar,72
657,Castanedafurt,Solar,4
658,Michaelhaven,Nuclear,65
659,West Jennifershire,Hydro,50
660,Port Elainestad,Solar,65
661,Kerryfort,Wind,15
662,New Jeffrey,Wind,44
663,Whitakerbury,Hydro,50
664,Chelseaberg,Wind,59
665,Snyderstad,Solar,16
666,Lake Tiffany,Nuclear,17
667,Lake Krista,Solar,81
668,Townsendshire,Nuclear,24
669,Jennifermouth,Wind,70
670,Jamesbury,Wind,69
671,Ericfort,Wind,9
672,East Lisa,Solar,51
673,East Kelly,Wind,90
674,Taylorside,Hydro,56
675,Lake Christopher,Hydro,7
676,East Alexport,Nuclear,42
677,Barnesmouth,Hydro,95
678,Jamesstad,Solar,76
679,South Andrewfurt,Nuclear,79
680,South Denise,Solar,24
681,East Michael,Nuclear,97
682,Lewisview,Solar,62
683,Susanburgh,Hydro,29
684,North Melissa,Nuclear,14
685,Bartlettside,Hydro,60
686,New Danielfurt,Nuclear,87
687,Pattersontown,Hydro,78
688,Robertton,Solar,34
689,Robertview,Wind,24
690,West Seanborough,Wind,55
691,East Sandra,Solar,88
692,Port Elizabethview,Solar,63
693,Kimberlyburgh,Hydro,51
694,Jacksonview,Nuclear,32
695,North Carlostown,Solar,69
696,Lake Sarah,Nuclear,15
697,South Jason,Wind,86
698,Lake Wendy,Hydro,64
699,West Claire,Hydro,70
700,Fisherchester,Wind,14
701,Laraton,Wind,58
702,Jefferyton,Nuclear,21
703,Williamshire,Hydro,2
704,Castroton,Wind,86
705,North Ryan,Solar,38
706,Jerryport,Nuclear,96
707,South Shawnborough,Nuclear,75
708,Lake Josephhaven,Nuclear,60
709,New Katherine,Wind,23
710,West Alan,Nuclear,2
711,Mccluremouth,Solar,50
712,East Jennifer,Wind,21
713,East Charles,Nuclear,25
714,Edwardshire,Hydro,100
715,Burtonborough,Nuclear,4
716,Wilsontown,Hydro,79
717,Heathermouth,Solar,97
718,New Allen,Hydro,40
719,Allisontown,Solar,25
720,East Emmafort,Nuclear,33
721,North Brendafurt,Wind,31
722,Stephenshire,Wind,11
723,North Timothyton,Hydro,2
724,Port Michael,Wind,62
725,South Billyhaven,Hydro,41
726,South Kendra,Solar,57
727,South Wayne,Nuclear,40
728,Port Michelle,Wind,86
729,Port Rachel,Nuclear,66
730,Scottville,Solar,84
731,Lake Mark,Nuclear,83
732,Jonesmouth,Wind,42
733,Michelletown,Nuclear,4
734,North Erin,Nuclear,49
735,Lawrenceberg,Hydro,3
736,Patriciastad,Nuclear,46
737,Jonesfurt,Wind,89
738,Lake Anthony,Solar,31
739,North Stephanie,Hydro,96
740,Holdenview,Hydro,17
741,South Caitlin,Wind,88
742,Melissaberg,Hydro,30
743,Larrymouth,Wind,1
744,Stephenville,Wind,55
745,Port Martha,Hydro,6
746,Megantown,Wind,43
747,Kathyview,Nuclear,53
748,Williamland,Wind,15
749,South Tina,Nuclear,82
750,South Joseph,Nuclear,60
751,Daychester,Hydro,50
752,Sethfort,Wind,43
753,Tammyfurt,Wind,48
754,Alexisland,Hydro,9
755,Port Sallymouth,Hydro,78
756,New Jessicafort,Wind,32
757,Hardingberg,Hydro,53
758,New Josephfort,Wind,47
759,Lake Erikaview,Hydro,37
760,New Jamesbury,Nuclear,30
761,Diazmouth,Hydro,96
762,Meyerland,Nuclear,79
763,Bestfurt,Hydro,12
764,Kennethport,Nuclear,44
765,Lake Timothyland,Wind,58
766,Palmershire,Nuclear,28
767,South Normaburgh,Hydro,46
768,Anthonymouth,Hydro,24
769,East Vanessafort,Hydro,72
770,Chavezshire,Nuclear,57
771,Jameston,Nuclear,57
772,Riverahaven,Hydro,100
773,Meganhaven,Nuclear,64
774,Bakermouth,Wind,26
775,Michaelborough,Nuclear,10
776,West William,Hydro,19
777,Danielfurt,Hydro,57
778,West Dylanfurt,Solar,78
779,New Andrew,Solar,40
780,Lake Joshua,Nuclear,33
781,Wardhaven,Solar,49
782,Elizabethchester,Hydro,41
783,North Ellen,Wind,7
784,Thompsonhaven,Nuclear,76
785,North Davidton,Solar,63
786,Lake Bethburgh,Wind,97
787,Ashleytown,Hydro,4
788,Port Jeffrey,Hydro,13
789,West Elizabeth,Hydro,67
790,Kimberlyfort,Wind,74
791,East Donald,Hydro,32
792,New Regina,Solar,99
793,Russellfort,Solar,74
794,Laurenfort,Wind,59
795,Lake Williamton,Wind,95
796,Garciatown,Solar,12
797,Brandonchester,Solar,56
798,South Kimberlyville,Hydro,26
799,Lake Brandy,Nuclear,39
800,Johnstad,Solar,72
801,West Lindseyview,Nuclear,82
802,South Matthewville,Wind,16
803,Lake Samantha,Solar,69
804,Evansstad,Solar,72
805,Turnerland,Hydro,3
806,Ashleyfort,Solar,99
807,Fryshire,Solar,9
808,Simmonsfurt,Wind,57
809,Port James,Solar,54
810,Sarahview,Wind,50
811,Alyssaside,Hydro,77
812,North Anthonyborough,Hydro,63
813,East Gregorymouth,Wind,11
814,West Johnville,Hydro,18
815,Huntermouth,Hydro,59
816,Danielsview,Solar,58
817,Lake Lawrencechester,Nuclear,9
818,Moralesville,Wind,46
819,Meaganhaven,Solar,13
820,Chadland,Hydro,63
821,Zacharyland,Wind,3
822,Susanmouth,Solar,5
823,Roachton,Nuclear,32
824,Kimberg,Hydro,1
825,Port Anna,Hydro,29
826,New Victoria,Wind,9
827,Leestad,Hydro,77
828,West Brettberg,Solar,21
829,Willisfurt,Nuclear,93
830,North Donna,Nuclear,71
831,New Christopherside,Nuclear,72
832,West Jennifer,Wind,37
833,North Angela,Solar,54
834,Cheryltown,Hydro,23
835,Hancockchester,Solar,88
836,Port Prestonport,Nuclear,81
837,Lake Melissaville,Wind,57
838,Gregoryfort,Hydro,97
839,South Nicolechester,Hydro,13
840,North Mark,Solar,59
841,Lake Deannaton,Solar,27
842,Codymouth,Wind,8
843,Jenniferville,Nuclear,49
844,Josephmouth,Wind,14
845,South Kathryn,Hydro,44
846,Emilyshire,Hydro,66
847,Rodriguezstad,Wind,31
848,West Ashley,Solar,45
849,New Debbieton,Nuclear,72
850,Lake Michael,Solar,30
851,East Amandaborough,Hydro,65
852,East Debbiestad,Nuclear,8
853,New Benjaminton,Solar,83
854,Port Stevenview,Wind,8
855,Jodichester,Nuclear,28
856,West Chad,Solar,49
857,New Stephanieside,Solar,91
858,Snyderfurt,Hydro,6
859,South Susan,Solar,2
860,Lake Adam,Wind,33
861,West Candaceburgh,Solar,30
862,South Tracy,Hydro,22
863,Saraton,Nuclear,1
864,Travisberg,Solar,31
865,Yangborough,Solar,59
866,Andersonshire,Nuclear,1
867,Smithfurt,Solar,83
868,Taylorfurt,Nuclear,4
869,Kristenburgh,Nuclear,94
870,East Tracy,Nuclear,37
871,Port Brad,Wind,14
872,New Tina,Nuclear,47
873,Lake Kimberlymouth,Hydro,96
874,Port Christine,Wind,31
875,Jefferymouth,Solar,87
876,West Angelaville,Wind,84
877,Woodardland,Hydro,69
878,Angelberg,Wind,100
879,New Brenda,Hydro,36
880,Walkershire,Hydro,80
881,New Juliastad,Solar,11
882,East Dustinfort,Wind,92
883,North Donaldbury,Nuclear,68
884,New Paulburgh,Nuclear,64
885,Lake Jennifer,Hydro,66
886,Julieland,Solar,39
887,Glenntown,Hydro,75
888,Tracyfort,Wind,71
889,South Jasonton,Solar,46
890,Camposville,Wind,32
891,Jillberg,Solar,47
892,North Jeffery,Hydro,37
893,Lewisbury,Wind,59
894,Samanthatown,Hydro,100
895,East Stacey,Wind,69
896,Port Megan,Hydro,96
897,Kristaside,Hydro,98
898,Perrytown,Hydro,6
899,Katelynshire,Nuclear,96
900,North Sherrystad,Hydro,89
901,Leeside,Nuclear,37
902,North Jeremy,Nuclear,7
903,Austinview,Wind,47
904,Port Wesley,Wind,56
905,Turnershire,Hydro,36
906,West Danaborough,Nuclear,8
907,Lake Christina,Wind,47
908,Moralesbury,Wind,65
909,Port Karen,Wind,45
910,Gracefort,Wind,42
911,South Brandonchester,Solar,37
912,Davismouth,Solar,4
913,North Kristy,Nuclear,73
914,Philipfurt,Hydro,77
915,East Diane,Solar,99
916,Shermanborough,Wind,57
917,Martinborough,Hydro,70
918,Anitaside,Solar,21
919,Rachelmouth,Solar,50
920,New Christopherfurt,Nuclear,2
921,Williamton,Solar,22
922,Meyersmouth,Nuclear,95
923,Kimberlyhaven,Solar,82
924,North Patrickbury,Hydro,36
925,Charleston,Wind,95
926,Jensenhaven,Hydro,27
927,Santanaport,Nuclear,97
928,Ericview,Wind,14
929,West Joshua,Hydro,92
930,Martinbury,Hydro,56
931,Port Tanya,Wind,95
932,Yolandaberg,Wind,30
933,Andersonchester,Hydro,38
934,Smithshire,Solar,49
935,Elizabethstad,Nuclear,19
936,Port Jamieport,Wind,93
937,New Elizabeth,Nuclear,61
938,Foxberg,Nuclear,55
939,Murphytown,Solar,16
940,West Matthew,Nuclear,9
941,Butlershire,Wind,1
942,Randallstad,Wind,80
943,Melissashire,Wind,26
944,Anthonystad,Hydro,49
945,Nelsonview,Nuclear,19
946,South Matthewshire,Nuclear,75
947,Lake Kimberlyhaven,Hydro,53
948,Port Audreychester,Nuclear,91
949,Omartown,Hydro,7
950,Port Stephaniebury,Solar,93
951,Leahborough,Nuclear,84
952,Garciahaven,Wind,43
953,New Randallbury,Solar,74
954,North Katherineton,Solar,81
955,Evansville,Wind,44
956,West Kyle,Hydro,21
957,New Johntown,Wind,23
958,Jenniferport,Solar,20
959,North Anthonychester,Solar,86
960,Lake Calebton,Hydro,82
961,West Ericastad,Nuclear,48
962,Lake Olivia,Wind,67
963,Lake Brianmouth,Solar,15
964,West Matthewborough,Hydro,76
965,North Morgan,Nuclear,23
966,New Nancy,Wind,19
967,Armstrongmouth,Nuclear,87
968,East Monica,Wind,79
969,New Jamieview,Solar,96
970,West Pennyburgh,Nuclear,22
971,East Patricia,Hydro,82
972,Danielburgh,Nuclear,24
973,Sheilaland,Nuclear,92
974,Chelseystad,Wind,15
975,Cantustad,Hydro,32
976,Dominguezmouth,Solar,95
977,West Patrickport,Nuclear,54
978,Schmidtton,Hydro,70
979,Samuelbury,Nuclear,52
980,Bellmouth,Wind,73
981,Dennisstad,Hydro,32
982,Duranburgh,Nuclear,66
983,Julieberg,Hydro,14
984,Jesseville,Wind,92
985,Debrachester,Wind,6
986,East Christinaville,Nuclear,34
987,Nicholsonshire,Solar,83
988,South Cassandramouth,Solar,53
989,Kennethville,Solar,93
990,West Mary,Nuclear,99
991,Chloemouth,Nuclear,23
992,East Stevenhaven,Nuclear,65
993,Troystad,Solar,33
994,Josephburgh,Hydro,69
995,Tonyton,Wind,85
996,Kathleenmouth,Nuclear,61
997,Lake Justin,Solar,69
998,Leahbury,Nuclear,11
999,Annaborough,Nuclear,57
1000,Perezfort,Nuclear,11
