diagnosis_id,diagnosis_code,description
0,growth,Stop country particular threat common individual.
1,act,Of occur around allow.
2,improve,Early pattern final become carry still statement mission.
3,late,To specific debate federal house sign.
4,keep,Participant particular woman result very environmental call.
5,use,Peace customer yeah.
6,movie,True home indicate last rest social owner somebody.
7,hundred,Safe Republican seem early break year.
8,authority,Behind must run environment rate write sure whose.
9,both,Cover every land feel country consumer.
10,current,Station car south want.
11,mean,Rest teach difference across even stock claim.
12,analysis,College receive draw off card movement.
13,left,Pm while bag situation.
14,lay,Usually study defense break almost list.
15,life,Yes as sell magazine executive relationship.
16,realize,Become loss get at consider reason hotel significant.
17,enjoy,Country traditional leave investment think.
18,foot,Which season environment during throw.
19,foreign,Consider imagine stuff station.
20,blood,Rise unit strategy after air prevent over.
21,challenge,Agent pressure production ability sister eat.
22,relationship,Make forward short answer skill without their.
23,receive,Claim system threat form candidate anything.
24,lot,As economy visit purpose perhaps.
25,how,Thing fund hand call finally laugh contain.
26,black,Enjoy possible employee site take.
27,firm,Think low deal create within section.
28,green,Second office democratic soon respond.
29,sport,Range bad together want shoulder language try.
30,relationship,Table produce charge which the.
31,best,Reveal fund night strong people dream help.
32,court,Control difference tax arrive night my.
33,kid,Use every how ask kid hold part media.
34,improve,Modern most each enjoy policy such.
35,certain,Foot recent rock.
36,bring,Central media smile almost activity.
37,full,Believe short same choice.
38,company,Box strong deep mother off information goal.
39,happen,During bad stuff moment.
40,condition,Sort lead leg dark mouth form.
41,then,Yeah full trade difference easy military by risk.
42,marriage,Left leader management usually.
43,outside,Power amount about pretty program walk.
44,who,Learn image Republican up.
45,western,The why hold.
46,usually,Body thank agent thought.
47,enter,Manager ball senior politics.
48,talk,Final city low.
49,child,Compare air nor maintain hold left strategy.
