patient_id,name,address,phone_number,email,birth_date
P01,Brian Lopez,"2262 Bradshaw Mountains
North Jennifer, MS 81978",788.901.6597,rodney70@example.com,1954-07-07
P02,Beverly Stone,"USCGC Smith
FPO AE 03327",(870)546-3823x97518,richardsstephanie@example.org,1940-11-23
P03,Christina Moody,"014 Carlson Tunnel
New Scott, LA 56840",209.428.0807x537,william13@example.org,1964-04-18
P04,Tamara Scott,"866 James Spring
West Louisburgh, NM 40219",+1-278-708-9499,gonzalezsean@example.com,1945-05-20
P05,Brandon Charles,"USNS Gaines
FPO AA 68811",001-334-985-5668,bradleyconnie@example.com,1956-10-12
P06,Marie Dixon,"15093 Washington Passage
New Micheleland, DC 44285",001-448-309-8183x102,qpowers@example.org,1939-07-30
P07,Miranda Huynh,"642 Mary Plaza
Fryeland, GU 98625",553.873.0119x79178,reedcynthia@example.net,1946-03-01
P08,Larry Whitehead,"4503 Haas Expressway
Wagnermouth, NY 01949",887-271-1975,mary59@example.net,2002-05-17
P09,Mr. Michael Gill,"53953 Mullins Extension Suite 965
Smithmouth, WV 85036",+1-729-860-2913x1555,greenmelinda@example.com,2016-11-29
P10,Brett Carson,"6866 Dawn Fork Apt. 484
North Phillipstad, LA 65636",5169885070,camerongraham@example.org,1997-01-27
P11,Jasmine Harvey,"Unit 1965 Box 7095
DPO AE 91194",(806)520-9543x47919,johnnysmith@example.net,1975-05-09
P12,Douglas Brady,"3252 Virginia Radial Apt. 009
New Lindseyborough, AS 15725",+1-881-779-2459x547,gabriel92@example.com,1961-08-05
P13,Rhonda Johnson DVM,"1849 Steven Lights
Richardsborough, MA 93641",001-403-809-7251x72096,pmoore@example.org,1995-12-10
P14,Janet Patterson,"770 Theresa Locks Suite 295
Flemingview, PW 09042",8389527962,anthonyreed@example.com,1923-03-04
P15,Allison Washington,"USNS May
FPO AE 96702",850-738-3713x48848,smithmaria@example.com,2016-03-05
P16,Kevin Wade,"Unit 2925 Box 3394
DPO AP 79808",+1-925-347-3034,michaelbishop@example.com,1982-03-02
P17,Nicole Jones,"062 Davis Hills
East Luisshire, FM 68065",548-440-2422x4637,ohernandez@example.org,1919-06-30
P18,Amy Gonzalez DVM,"010 Olsen Skyway
North Ashleytown, MD 76436",767.548.4097x7996,david67@example.net,1928-06-21
P19,Claire Byrd,"664 Sandoval Dale Apt. 669
South Evelyn, GU 37309",(717)767-5292x1771,deanna78@example.org,2002-06-01
P20,Robert Martin,"Unit 0903 Box 0124
DPO AE 83457",+1-788-234-9103x506,christopher56@example.com,1973-05-09
P21,Beth Matthews,"69902 Miller Gardens
Amybury, MO 89006",+1-723-875-4518,allison44@example.org,1996-03-21
P22,Cory Bell,"051 Aguilar Lake Apt. 881
Lisafurt, LA 92481",001-800-870-9255x7999,amberberry@example.net,1997-02-14
P23,Erica Johnson,"74007 Gerald Ridge
Leemouth, OK 69488",8022441875,valeriegarcia@example.net,2003-09-08
P24,Lisa Moore,"28804 Smith Forge Apt. 017
Bryceview, PW 41899",+1-856-918-3222x5386,courtneystrickland@example.com,1958-12-20
P25,Kimberly Pitts,"USNS Walls
FPO AP 19197",674.987.5562x439,katherinecochran@example.org,1945-11-09
P26,Amber Martin,"PSC 1550, Box 1955
APO AA 24238",343.688.9031x96319,andrea30@example.org,1958-05-02
P27,Hannah Castro,"0291 Rodriguez Extension Apt. 382
Jacksonland, AZ 55003",604.544.3771x91255,xlee@example.net,1948-04-12
P28,Angela Reed,"255 Savannah Highway
South Reginaldside, MO 95456",644-568-9360x4447,clarkedouglas@example.com,1967-12-05
P29,Michael Miller,"PSC 0470, Box 6040
APO AE 69297",+1-628-833-7590x990,jasonsutton@example.net,1950-12-11
P30,Deborah Martin,"340 Mitchell Tunnel
East Dennis, HI 43929",001-442-726-2717x1686,weberalexander@example.org,1950-06-30
P31,Charles Snyder,"934 Corey Center
Robertfurt, AZ 51014",267.265.6532x596,rowens@example.org,1973-03-29
P32,Michael Kline,"392 Mendoza Hollow Apt. 407
Lake Robert, NY 34324",(668)782-7058x7504,christina94@example.net,1993-12-12
P33,Annette Kelly,"9399 Kim Prairie Suite 511
South Lori, PW 03719",001-847-481-0024x240,vbaldwin@example.com,1916-09-27
P34,Anne Allen,"896 Matthews Extension
Lauraview, MN 06108",4479718025,amymunoz@example.com,1924-05-27
P35,Deanna Esparza,"Unit 2021 Box 4573
DPO AP 98715",001-997-568-5963x74106,collierrobert@example.net,1953-02-25
P36,Kristin Jackson,"0020 Johnson Mission Apt. 632
West Martin, OR 44391",+1-800-250-3139x61577,melissa34@example.com,1960-10-28
P37,Kristin Taylor,"30466 Nancy Roads
East Jodyberg, ME 26810",+1-856-436-2280x908,dominique93@example.com,1917-03-31
P38,Todd Simon,"311 Crystal Meadow
West Jonathan, PA 38955",+1-251-585-3851x3483,mbrown@example.org,1910-09-30
P39,Zachary Jordan,"283 Andrew Stream
Drewberg, PW 54607",(796)640-6403x96679,martinezlaura@example.com,1950-08-11
P40,Laura Cox,"78710 Megan Rapids
West Rebecca, WV 88893",605-993-2329,adam69@example.com,1962-07-14
P41,Elizabeth Collins,"1918 Ingram Skyway
Williamsland, MN 26214",499.518.7901x322,udavis@example.org,1910-10-23
P42,Michael Perez,"2671 Rollins Center Suite 247
Jacksonfort, NJ 36885",001-574-995-2174x9428,hamiltondorothy@example.net,1914-04-22
P43,Ashley Lawson,"467 Christina Knolls
Port Rebekahtown, MP 94064",001-333-410-2024x053,maxwellerickson@example.net,2018-11-02
P44,Phillip Watson,"442 Moore Road Apt. 318
North Rebeccafort, WI 94432",+1-690-920-1611x34740,shanecooper@example.com,1920-01-07
P45,Adrian Turner,"81093 Smith Avenue Suite 747
Edwardsborough, OR 65027",(983)784-2215x873,hclements@example.net,1983-06-11
P46,Samuel Martin,"570 Riddle Station
East Davidchester, IN 58439",(894)935-0578x300,melaniewalton@example.net,1963-01-18
P47,Maureen Weiss,"96605 Allen Valley
Port Teresachester, IN 79635",829.984.7237,marcus55@example.com,1944-02-15
P48,Calvin Morrow,"24614 Thomas Hill
Glenview, MI 07043",270-527-7895,floresheather@example.net,2014-08-20
P49,Jeremiah Blake,"9634 Jenkins Vista
North James, GU 67341",001-832-821-2990x359,rochaandrew@example.org,2012-10-25
P50,Brett Jones,"2610 Sara Island Apt. 766
North Adrienne, WI 52918",4862342444,susandavila@example.org,1986-07-22
P51,Kevin Anderson,"071 Hammond Causeway Apt. 086
Bridgesview, LA 43257",632-525-8200,hallangela@example.org,1986-05-11
P52,Sandra Curtis,"4933 Michael Mills Suite 544
Davidshire, MN 50304",576-706-3881x273,vrobinson@example.com,1909-11-17
P53,Joseph Terry,"652 Miller Villages
Hogantown, AL 51776",+1-829-275-8290x22148,allisonarnold@example.com,2021-12-21
P54,Sara Oconnor,"294 Kyle Squares Apt. 304
Robertsshire, TN 56432",524-790-2726,jose07@example.com,2000-04-18
P55,Mr. Daniel Turner,"60634 James Mountain Apt. 037
New Emilyberg, FL 40550",001-689-987-8224x1000,collin87@example.org,1954-07-07
P56,Lance Fowler,"77178 Joseph Glen
Linhaven, NV 75109",463.605.5375,jill05@example.com,1981-01-25
P57,Heather Kerr,"Unit 1950 Box 1873
DPO AP 17239",484.325.3212x324,kcontreras@example.net,1981-12-30
P58,Jonathan Guzman Jr.,"8678 Joel Ramp Apt. 396
Davidsonton, IL 99830",3097399331,gburke@example.org,2004-05-21
P59,David Campbell,"57320 Sandra Course
North Caroline, WY 89992",+1-800-690-1999,hansenchristopher@example.net,1922-08-07
P60,Brandy Watkins,"161 Good Locks Suite 000
Christopherton, WY 41421",(965)866-5294x7718,rossdenise@example.net,1994-07-18
P61,Brittany Lawson,"821 Michael Shore
West Rachel, AS 49296",+1-636-293-6097x852,wadesara@example.org,1970-07-11
P62,Lindsey Powell,"583 Mcintosh Brook
South Susan, NH 52520",769-314-2495x2955,heathergalloway@example.net,2021-09-29
P63,Gabrielle Sanchez,"039 Young Manor
Port Scottchester, AZ 89186",589.235.8711,angela56@example.com,2023-11-15
P64,Donna Graham,"091 Mariah Fork Apt. 884
North Colleen, MA 74896",001-345-648-8212x57119,michelle39@example.com,1957-04-02
P65,William Harris,"682 Tyler Mountains
South Danielmouth, TX 10991",318-318-3237,julia93@example.net,1910-06-30
P66,Ralph Galloway,"3553 Nicole Common
Aprilburgh, NY 94436",(752)810-7917x667,eric28@example.net,2010-08-26
P67,Rhonda Marks,"59593 Bryan Streets
Port Julia, NV 81923",+1-748-678-6509x30145,abigailbooth@example.org,2002-05-08
P68,Neil Hayden,"6445 Nathan Tunnel
New Jennifer, UT 84578",001-215-644-1100x2460,hughesashley@example.org,1983-02-14
P69,Jessica Hubbard,"Unit 9784 Box 7076
DPO AA 12747",(634)986-3603,parker38@example.net,1979-04-05
P70,Christine Brady MD,"804 Shannon Shore
Port Cody, DC 18390",635-859-5850x255,stephanie22@example.net,1953-06-01
P71,Kenneth Santos,"Unit 8149 Box 4463
DPO AA 28586",(948)519-7527x9597,kduncan@example.org,1925-05-30
P72,Emily Smith,"1740 Harris Flats Apt. 906
South Marc, TX 49168",001-407-921-0657x2532,smithkevin@example.org,1964-08-23
P73,William Garrett,"USS Burgess
FPO AA 04362",+1-833-214-7297,thomasromero@example.net,1915-08-31
P74,Richard Young,"7650 Torres Ports
East John, FM 58300",292.481.4941x937,blankenshipjanet@example.org,1984-05-28
P75,Sandra Benitez,"523 Powers Manor Apt. 912
Melvinshire, AR 94044",+1-497-495-0307,dparrish@example.org,1960-07-14
P76,April Rodriguez,"PSC 2394, Box 4113
APO AE 97959",934.266.7009,dustinclark@example.com,1962-12-11
P77,Max Jones,"0758 Norton Ramp
North Laura, NY 36808",+1-653-623-6417,nrodriguez@example.net,1966-10-12
P78,Alex Parker,"30089 David Rest Suite 578
New George, AS 52187",664.561.2428x135,smithjackie@example.org,1997-01-23
P79,Tyrone White,"7432 Salinas Vista
South Douglasside, MA 95661",001-233-562-5707x17057,johnbennett@example.com,1988-12-15
P80,Laura Gonzalez,"497 Freeman Brooks
East Samanthafurt, CO 17709",(820)616-7184,riveramichael@example.com,1966-12-08
P81,Marisa Fisher,"4478 Megan Heights Apt. 788
Levineland, WY 55958",+1-246-532-4834,fscott@example.com,1936-06-06
P82,William Duncan,"3440 Graves Flat Suite 948
Lake Teresatown, VT 91180",+1-594-526-7220,eric62@example.com,2021-06-20
P83,Kristen Lozano,"1180 Amanda Port
North Anthony, NV 93956",458-647-0078,stephencantu@example.net,2007-07-06
P84,Mackenzie Scott,"3397 Simmons Park Suite 825
Lake Karenview, VT 44580",613.381.0921x8372,alyssa68@example.com,2006-11-02
P85,Scott Adams,"697 Burns Centers
New Anthonyport, WY 29862",+1-354-644-6631x2525,kthomas@example.com,1923-05-03
P86,David Brown,"91416 Elizabeth Drives Apt. 368
New Donaldstad, ND 20529",951-680-6186,lisahill@example.com,1958-01-24
P87,Phyllis Livingston,"39023 Bowen Plain
Lake Anthony, MT 75738",723-652-9100,sara62@example.com,2005-09-12
P88,Tracey Hobbs,"32285 Anderson Grove
New Robinburgh, KS 65261",(346)804-7514,misty66@example.org,1939-01-24
P89,Holly Lambert,"447 Patrick Loaf Suite 283
Kendraton, NM 68430",974-932-8634x71000,jgill@example.com,2016-01-22
P90,Steven Moore,"780 Mendez Unions Apt. 032
Alexanderbury, ID 67954",377-767-2814,garrett17@example.org,2001-10-12
P91,John Lewis,"791 Anthony Skyway Suite 951
Duncanview, WI 81330",731.229.3702,griffithcarolyn@example.net,2021-05-11
P92,Michael Washington,"36284 Barnes Square Suite 119
Jacobburgh, PA 01243",633.952.4051,jason31@example.org,1923-08-16
P93,Julia Carpenter,"556 Lopez Mount
Sarabury, KS 98178",(289)587-5771x540,eric79@example.com,2009-11-21
P94,Sarah Padilla DVM,"49182 Floyd Trafficway Suite 580
West Samanthatown, NH 83262",354.634.8623,omar11@example.org,1987-05-15
P95,Todd Smith,"Unit 7500 Box 5972
DPO AE 95455",(921)536-9936x356,campbelltimothy@example.org,2001-10-28
P96,Michael Campbell,"3201 Martin Brook
Barbarabury, DC 02997",(540)873-3668x70084,jeffrey02@example.net,2020-06-22
P97,Aaron Sanchez,"962 Teresa Lakes
Chadside, MS 00628",325-274-7375,hannahwinters@example.net,1952-07-02
P98,Jordan Clark,"663 Johnson Haven Apt. 112
Samanthabury, SC 82898",001-745-392-7198x4575,james34@example.com,1931-09-23
P99,Sarah Hunt,"546 Stone Points
Cherylbury, MT 35293",994.212.4299,lmunoz@example.com,1963-05-26
P100,Leah Allen,"19537 Paula Avenue Apt. 573
New Stephanie, FM 61207",(397)819-7482x082,lori30@example.net,1966-02-04
