patient_id,name,address,phone_number,email,birth_date
0,Sandra Garcia,"37318 Christopher Dam Apt. 999
Heathertown, MN 31876",424-909-1446x12465,bmacias@example.com,1989-07-10
1,Jocelyn Chung,"423 Chad Place
New Judithtown, CT 05521",+1-284-718-5225x6251,richard48@example.com,2023-03-09
2,Emily Oneal,"USNS Moore
FPO AA 30387",429.242.0829x6433,lblair@example.org,1923-09-09
3,Kimberly Wilcox,"9510 Natalie Harbor
Wadebury, MH 77025",730.582.7815,seancalderon@example.org,2021-01-20
4,Tammy Manning,"3041 Zimmerman Plaza
Jessicahaven, AL 41282",936-980-6027x9143,erinmurillo@example.org,1929-07-01
5,Jill Perez,"745 Michelle Fords
Lake Jesusfurt, ND 46631",(566)647-7131x7921,veronicarobinson@example.org,1927-12-04
6,Carolyn Nguyen,"77668 Schaefer Mill
Matthewbury, NH 91586",767-512-7309x104,jonesrobert@example.net,1987-08-15
7,Tiffany Colon,"83173 Reed Greens
Port Dianaton, VT 73414",678.688.6250x35824,mirandavargas@example.org,1981-09-23
8,Brandy Smith,"38277 Steven Walk
Martinmouth, SD 55004",+1-765-964-8504x3780,wtrevino@example.net,1912-07-28
9,David Peck,"87405 Timothy Square
Joneston, FM 99466",374.852.5352,gevans@example.org,1962-09-19
10,Brian Meyer,"PSC 8608, Box 4945
APO AA 35260",3486491472,uosborn@example.net,1924-02-05
11,Chad Schmitt,"7502 Robbins Mission
Amandachester, TX 98350",001-956-876-0074x456,emily88@example.com,2001-11-03
12,Kevin Johnson,"3671 Gilbert Mountain Suite 933
Grayport, KS 67146",841.433.9994,zwilkerson@example.com,1944-02-12
13,Kristine Davis,"61466 Aaron Pines Suite 573
Lake Dawn, VA 36952",(942)605-0692x8155,changmichael@example.net,1923-06-19
14,Rachel Wallace,"USS Garcia
FPO AA 21704",515-349-7039,bdavis@example.net,1985-05-03
15,Jose Martin,"8145 Jesus Grove
Port Jonathantown, FM 14121",6219859261,melaniedavis@example.net,2020-09-26
16,Scott Campbell,"58767 Tracy Port
North Anthony, TN 37926",+1-622-745-8818x80827,amandaspears@example.org,1990-05-17
17,Matthew Davis,"070 Steven Rest Apt. 021
Lisafurt, MP 13256",+1-519-868-1917x755,mark15@example.com,2022-04-24
18,Belinda Lewis,"6745 David Gateway Suite 178
West Sarah, KS 11160",241.250.8987x686,johnsonreginald@example.com,2017-07-05
19,Amber Patterson,"PSC 5952, Box 8357
APO AA 01279",001-894-735-7870x53197,pdavenport@example.net,1926-04-18
20,Jessica May,"48128 Virginia View
Martinburgh, KY 49312",001-653-264-8731,alicia18@example.com,1910-01-11
21,Robert Richards,"360 Davis Course Apt. 278
West Christie, OK 91947",001-788-290-7605x66405,greid@example.net,2002-08-14
22,Ryan Lowe,"209 Lynn Parks
Amandaberg, VT 76496",(218)981-5931x6681,sanchezchelsea@example.org,2001-05-06
23,Sarah Hicks,"80894 Webb Ranch Apt. 768
Jacobsonstad, WI 61987",(727)363-6116x298,kellypatrick@example.net,2017-10-11
24,Jennifer Thomas,"30514 Melinda Bridge
Gibsonmouth, MD 75111",001-925-852-2276x62808,kaylafoster@example.net,1937-06-03
25,Anthony Weiss,"712 Allen Branch Apt. 048
East Justin, ME 36597",777.734.7761x7410,zevans@example.org,1982-08-21
26,Edward Tyler,"Unit 4163 Box 4656
DPO AA 25873",001-771-215-9034x381,stacyfoster@example.org,2017-07-07
27,Kevin Ward,"96299 Kathryn Islands Suite 995
Christopherside, ND 63323",634-422-1300x74144,lfigueroa@example.org,1952-05-27
28,Jerry Nguyen,"PSC 5872, Box 9804
APO AP 95840",350-303-2407x414,anthony55@example.com,1982-05-30
29,Leah Barron,"106 Rivera Oval
South David, WI 76697",914.453.5436x532,john81@example.net,1985-06-09
30,Frank Johnson,"60865 Moore Green Suite 485
Lake Ronald, MD 98718",553.375.5954,nguyenthomas@example.org,2017-02-22
31,Christian Yates,"981 Taylor Route Suite 714
Larryberg, FL 81286",(532)822-3369,allendalton@example.org,2007-02-21
32,David Allen,"30827 Whitaker Fords Apt. 586
East Jasonmouth, VI 07272",001-805-702-8526,lambertkathryn@example.net,1969-11-19
33,Justin Ali,"2333 Webb View Suite 346
Williamsside, FM 21889",+1-786-820-0709x258,xphillips@example.org,2023-05-25
34,Kathleen Robertson,"032 Wells Run Apt. 831
East Hunterchester, TN 74563",+1-994-670-3329,sethflores@example.net,2017-04-04
35,Christopher Cruz MD,"7243 Gates Shore Apt. 742
Lake Beth, NV 56240",(238)238-8829x7930,stephenrogers@example.org,1969-05-30
36,Sean Henderson,"USCGC Obrien
FPO AE 64789",(379)549-8126,timothyjohnson@example.net,2011-01-16
37,Cassandra Carter,"3225 Patricia Pass Apt. 172
North Calvin, AS 54531",815-297-1822,darrenbell@example.net,1927-04-01
38,Christopher Butler,"3301 Gregory Underpass
New Tara, ND 53657",578-591-6931x0991,lukesmith@example.org,1965-01-11
39,Michael Green,"0059 Herring Forges Apt. 017
Port Charlesside, MT 92284",3516925991,william46@example.net,1927-07-20
40,Michael Wilson,"3933 Freeman Burg Apt. 788
Melissaton, MT 98232",+1-929-946-5920x77361,ohunt@example.com,1923-07-14
41,Danielle Rodriguez,"5907 Jamie Wells
Port Micheletown, VA 64507",+1-230-510-7414,zacharywilson@example.org,1963-11-19
42,Christopher Alvarado,"8795 Cross Neck Suite 076
South Tylerburgh, AL 21046",(619)588-7350x79761,imorales@example.org,1978-01-07
43,Natalie Vaughan,"485 Johnson Rapids
Jasminehaven, PR 91778",001-589-272-6793x9514,danielleguzman@example.net,1964-12-15
44,Christopher Page,"152 Mary Vista
Matthewsbury, LA 74764",001-605-681-4907,rhonda87@example.org,2013-01-25
45,Thomas Trevino,"63074 Moore Circles
Kirbymouth, MD 25306",257-407-9913x916,brandybarton@example.net,1952-05-30
46,Andrea Richardson,"32036 Julie Mill
Stephanieside, NE 92915",(632)873-6419,davidjohnson@example.net,1955-03-08
47,Tracy Navarro,"35445 Patricia Fork
Xavierside, NY 96269",902-929-1218x09057,wendy79@example.net,1925-08-03
48,Lisa Rivas,"591 Jacob Rest
Kirstenview, NY 29799",+1-300-707-0290x1546,robert05@example.org,1965-12-18
49,Crystal Thornton MD,"8286 Carroll Lake
North Matthew, PA 35047",001-622-714-5168x6360,eric62@example.net,1995-08-06
50,Mario Manning,"19321 Jodi Fort Apt. 716
Lake Patrickberg, AR 96663",(428)311-0594,bwillis@example.org,1985-02-26
51,Tricia Moore,"922 Smith Road Suite 714
Dawsonport, SC 53447",701.909.1385x97216,bradleywilson@example.net,1952-12-11
52,David Hall,"7609 Burnett Rapids Suite 184
East Christian, IA 22537",+1-605-465-7860x6190,david19@example.net,1944-03-30
53,Brooke Graves,"97709 Davis Freeway
West Daniellebury, VT 26339",759.269.7991x550,hsellers@example.net,2012-11-11
54,Erik Alexander PhD,"72109 Osborne Gardens Apt. 255
West Michaelmouth, AS 54890",642-746-1388x0118,michellebernard@example.org,1954-03-17
55,Christina Simmons,"41389 Wood Burgs Apt. 050
Lake Lisa, HI 41169",300-911-6925x301,kristiemarshall@example.com,1965-01-23
56,Phillip Schwartz,"35731 David Common
Herreraton, GU 65687",001-671-564-9570,shanecollins@example.org,1933-07-04
57,Heather Knapp,"18529 Anita Unions Suite 217
Brandichester, NJ 73994",001-611-446-6463x56969,patrick47@example.com,2001-08-12
58,Daniel Oneal,"176 Martinez Islands Suite 446
Torresport, MI 79572",001-690-491-0067x7936,bramos@example.com,1967-07-25
59,Kimberly Bernard,"PSC 7391, Box 4579
APO AA 80719",837-895-1240,floreschristina@example.com,1945-02-24
60,Samantha Ramsey,"3621 Mary Springs Suite 471
Garciaside, WY 64195",(292)406-1616,chloe04@example.org,2001-06-12
61,Taylor Padilla,"2015 Victoria Lane Apt. 716
East David, VA 49471",(593)620-9718,kyle36@example.org,1943-06-17
62,Melanie Thomas,"51765 Heather Cliffs Apt. 525
Whiteheadmouth, AK 04156",773.655.8210,anagarcia@example.com,2016-01-02
63,James Scott,"7258 Booker Underpass
Aprilborough, NE 02793",7368770145,carlsondavid@example.org,1940-09-03
64,James Luna,"17001 Sarah Rest Suite 332
Lake Dustin, MI 52089",271.980.3481,hjones@example.net,1920-11-20
65,Matthew Allen,"276 Jones Mission
New Christopherport, MO 26154",+1-824-227-9069x6130,brittany41@example.com,1909-08-19
66,Aaron Conway,"77653 Emma Lights
East Jonathanton, VA 28709",498-237-1862x473,megan87@example.com,1958-02-10
67,Donna Guzman,"5963 Reed Trail
Esparzafurt, HI 78897",(338)532-6279x78761,williamsfrank@example.net,2006-11-14
68,Jill Thomas DDS,"265 Jones Course Apt. 668
Gabriellashire, FM 08148",548-332-5790x0824,wglenn@example.net,1960-07-08
69,Caleb Marsh,"769 Danielle Estates Suite 083
North Shawn, AK 76793",001-951-602-0259x3211,emilymorris@example.net,1923-04-25
70,Vickie Snyder,"21732 Martin Pines Apt. 302
Stephenland, TN 40710",291-800-7883x53642,monica12@example.org,1942-01-21
71,Julia Dyer,"17042 Dennis Tunnel Apt. 641
South Christianchester, MO 71021",720.488.4558,gary97@example.net,1926-03-12
72,Heather Cortez,"9547 Obrien Ports
Port Ronaldmouth, DC 86786",271-919-5501,hmurray@example.org,1942-03-24
73,Michael Baker,"02455 Veronica Shores
West Thomas, MT 26103",985-665-8122x2731,philiprocha@example.com,1928-04-17
74,Brooke Garcia,"215 Benjamin Parkway Apt. 383
Pittsmouth, GU 74075",001-809-234-1254x4043,laurenwilliams@example.org,1943-09-07
75,Frances Rivera,"Unit 5359 Box 5200
DPO AE 82883",(995)635-1797x565,bgonzalez@example.com,2016-03-25
76,Stephen Walker,"89365 Fernandez Alley Apt. 739
Josephland, SD 43232",+1-878-220-7256,michealjackson@example.net,1929-12-10
77,Jamie Buck,"3430 Richardson Circle Suite 082
South Austin, SD 04057",001-264-807-4773x1553,william37@example.org,1981-01-24
78,John Serrano,"28690 Robinson Ports Suite 031
Port Billy, NH 49733",(406)377-5082,kevin67@example.net,1932-12-03
79,Kevin Bentley,"6338 Jessica Villages
Michaelmouth, VI 77249",+1-454-299-8338,chayes@example.org,1947-10-25
80,Wendy Mcdonald,"3823 Cristian Flats
East Williamstad, WI 61228",6016909634,ggeorge@example.com,2021-06-23
81,Phillip Wilson,"020 Logan Rest Apt. 529
West Haleyland, KS 81872",(783)513-4341,pbentley@example.com,1945-07-08
82,Rachel Mitchell,"48807 Brian Route Apt. 355
Ryanport, NH 53511",(411)900-7726,ycarroll@example.com,2000-09-25
83,Amber Little,"84748 Leslie Creek
Port Gregoryhaven, GA 66817",001-425-963-9665,aduncan@example.net,1983-08-06
84,Gloria Booker,"39185 Vicki Keys Apt. 585
North Oliviamouth, KS 62094",201-828-0980x50457,paul96@example.net,1954-03-06
85,James Gonzalez,"99856 Miranda Centers
Joditown, WA 72277",001-289-475-9436x69696,moorekelly@example.com,1997-07-30
86,Christopher Phelps,"717 Nathan Island
Michaelchester, HI 79158",001-586-386-3509,sarahrodriguez@example.net,1983-05-13
87,Christopher Walters,"41191 Thomas Union Apt. 021
West Jasmineberg, ID 60164",328.783.1115x486,hcalhoun@example.org,1995-12-19
88,Crystal Bowers,"35212 Christopher Inlet Suite 328
Port Davidville, MP 94667",001-883-408-3641x0684,spencermegan@example.com,1920-02-29
89,Patricia Frank,"165 Walton Field Suite 732
Lake Robert, VA 81128",(345)694-2770x48089,hlynn@example.net,1960-02-16
90,Vicki Smith,"7579 Jack Islands
Evanville, UT 57543",2589714846,iarmstrong@example.com,1909-06-10
91,Todd Reynolds,"8704 Carter Village
Port Juliechester, VA 54748",(550)430-8581x873,francojames@example.com,1957-10-16
92,Victoria Brooks,"855 Heather Track Apt. 771
Johnsonton, WY 64263",+1-678-479-8288x284,onelson@example.com,1929-02-02
93,Gina Griffith,"988 Tina Circle Apt. 067
Danielton, PW 04325",828-214-2794,elizabethturner@example.net,1936-07-04
94,Kristopher Torres,"152 Caroline Falls Apt. 923
South Toddshire, MD 15294",001-607-848-4752x344,gjones@example.net,1977-10-06
95,Kurt Pierce,"74339 Richard Ports
Annamouth, FL 34443",(251)806-6117x31113,dcoleman@example.net,2001-08-31
96,Timothy Mora,"9130 Anna Road
West Rachel, OK 52839",371-455-8789x186,carolynschwartz@example.org,1994-01-13
97,Erin Jones,"289 Chris Walks
Millerport, ME 15844",(395)743-7055,christopherthomas@example.com,2009-07-15
98,Melissa Stafford,"605 White River
Francisbury, CO 09339",001-749-336-6792x8405,angela15@example.com,1933-04-28
99,William Jacobs,"3807 Michael View Apt. 564
South Joseph, NH 69461",929-435-4749x315,lauraanderson@example.org,2008-04-08
