patient_id,treatment_id,diagnosis_id,procedure,provider,date
7,0,44,according,Lauren Rodriguez,2023-08-17
77,1,1,class,Elizabeth Stephenson,2023-03-18
55,2,32,get,Kristina Bentley DDS,2023-09-03
31,3,37,thing,Emily Perez,2023-06-15
42,4,41,conference,Kelsey Hopkins,2023-03-16
29,5,48,read,Julia Bishop,2023-08-02
6,6,12,business,Ethan Jenkins,2023-03-27
40,7,32,opportunity,Angela Perry,2023-06-20
59,8,36,center,Juan Hill,2023-02-20
12,9,11,range,Daniel Leon,2023-06-24
18,10,10,thought,Justin Vasquez,2023-07-24
59,11,32,benefit,Elizabeth Roach,2023-07-08
8,12,25,bag,Edward Smith,2023-06-08
91,13,2,authority,Brianna Moore,2023-04-28
84,14,43,discuss,Andrea Hernandez,2023-03-10
66,15,17,radio,Eric Holden,2023-06-27
78,16,21,tend,Robert Atkinson,2023-11-22
46,17,16,artist,Susan Gilmore,2023-10-26
83,18,9,difficult,Katie Davies,2023-03-16
99,19,30,threat,Shannon Adams,2023-03-31
27,20,27,sister,Jennifer Silva,2023-08-24
62,21,30,almost,Jamie Lopez,2023-08-29
23,22,15,point,Sylvia Edwards,2024-01-11
62,23,40,mean,Jaime Fischer,2023-12-06
39,24,39,raise,Rita Woodward,2023-10-11
58,25,24,have,Michael Nelson,2023-05-09
39,26,4,day,Summer Kemp,2023-04-03
61,27,13,mother,Brian Miller,2023-06-14
59,28,21,population,Leah Snyder,2023-08-24
85,29,19,structure,Brittney Walton,2023-10-05
33,30,9,score,Lisa Pennington,2023-06-29
3,31,35,old,Daniel Brandt,2023-03-17
67,32,42,position,Dana Petty,2023-10-25
37,33,19,front,Jason Hahn,2023-10-06
47,34,48,action,Christine Reed,2023-05-18
8,35,24,let,Jason Shepard,2023-09-28
21,36,24,or,Theodore Gutierrez,2023-06-15
55,37,37,tonight,Elizabeth Brewer,2023-07-13
62,38,45,cover,Alyssa Bailey,2023-12-11
51,39,12,thank,Phyllis Wagner,2023-04-03
69,40,18,leave,Lisa Cisneros,2023-09-02
30,41,46,possible,Jaime Adams,2023-11-04
36,42,9,in,Paula Mejia,2023-08-13
91,43,20,such,Mary Lopez,2023-12-27
88,44,39,material,Steven Pierce,2023-03-28
15,45,19,local,Amy Smith,2023-10-29
37,46,7,particular,Kenneth Harris,2023-08-16
29,47,7,already,Krystal Maxwell,2023-06-21
4,48,5,authority,Robin Williams,2023-09-18
20,49,16,west,Connor Lloyd,2023-04-29
51,50,23,fall,April Miller,2023-12-31
82,51,35,TV,Anna Baker,2023-02-13
73,52,19,wife,Donna Sexton,2023-06-20
77,53,24,relate,Paula Taylor,2023-10-29
84,54,31,today,Gary Knapp,2023-03-28
71,55,12,two,Kelsey Baker,2023-05-24
44,56,12,benefit,Donna Mitchell,2023-08-10
51,57,32,your,Zachary Barry,2023-07-28
2,58,8,nice,Amanda Webb,2023-05-28
11,59,34,statement,Tanya Garcia,2023-03-14
14,60,9,rule,Jessica Foster,2023-04-22
0,61,5,think,Courtney Scott,2023-02-13
93,62,39,travel,Roger Johnson,2023-08-28
5,63,3,turn,Brian Mills,2023-09-16
4,64,6,prepare,Ethan Wilcox,2023-04-05
68,65,6,plant,Dustin Sullivan,2023-08-10
2,66,11,should,John Blackwell,2024-01-06
57,67,20,respond,Mr. Thomas Blankenship,2023-05-22
68,68,18,huge,Jennifer Anderson,2023-04-16
40,69,45,hotel,Brittany Miranda,2024-01-12
90,70,11,defense,Rebecca Carter,2023-12-06
31,71,36,activity,Jeremy Howard,2023-02-15
72,72,28,stuff,Heidi Lambert,2023-11-22
72,73,39,more,Denise Johnson,2024-01-17
6,74,9,ground,Jon Cortez,2023-06-11
37,75,39,mother,Sheryl Mcdonald,2024-01-07
51,76,49,performance,Thomas Fitzpatrick,2023-03-30
50,77,33,hundred,Julie Banks,2023-08-03
54,78,17,part,Jennifer Petersen,2023-08-29
16,79,34,bar,Christine Cabrera,2023-05-16
13,80,17,because,Raymond Joyce,2023-04-07
53,81,32,value,Kayla Davis,2023-04-06
13,82,11,program,Mikayla Jones,2023-12-30
65,83,23,central,Russell House,2023-07-01
31,84,10,popular,Carla Sims,2023-04-29
23,85,37,red,William Hopkins,2023-08-15
6,86,3,professor,Richard Jones,2023-09-08
17,87,24,pay,Colleen Rivera,2023-03-22
75,88,15,find,Steven Garcia,2024-01-03
55,89,19,writer,Katie Foley,2023-06-22
78,90,43,positive,Paul Rivera,2023-02-17
12,91,12,or,Christian Castillo,2023-09-23
69,92,23,large,Derek Miller,2023-04-21
63,93,2,close,Erik Gordon,2023-11-08
18,94,49,energy,Wendy Hancock,2023-07-08
48,95,10,since,Michelle Eaton,2024-01-27
99,96,1,Mr,Rita Marsh,2023-10-08
69,97,19,also,Douglas Blake,2023-12-08
58,98,33,age,Elizabeth Roy,2024-01-31
70,99,42,some,Alice Miller,2023-05-28
72,100,35,idea,Stephen Morrison,2023-08-01
27,101,19,officer,Mark Buck,2023-11-18
98,102,41,toward,Michael Clay,2023-02-27
3,103,13,tend,Thomas Gomez,2023-08-23
23,104,33,doctor,Douglas Davis,2023-07-07
67,105,44,fish,David Holder,2023-04-01
30,106,17,fire,Eric Young,2024-01-22
16,107,10,local,Christina Carroll,2024-01-10
93,108,2,at,Richard Wolfe,2023-07-31
0,109,0,institution,Brent Walker,2023-08-19
71,110,18,lead,Timothy Spencer,2023-04-19
41,111,28,effect,Jonathan Byrd,2023-02-19
2,112,38,message,Mrs. Vanessa Howard MD,2023-09-21
55,113,38,share,Jasmine Sanchez,2023-02-12
40,114,12,better,Larry Hodges,2023-09-13
59,115,29,game,Nicholas Parker,2023-11-02
70,116,8,man,William Lucas,2023-08-10
2,117,2,draw,Diana Hill,2023-03-08
56,118,47,candidate,Samuel Jones,2023-03-10
6,119,5,show,Nathan Harris,2023-12-31
51,120,38,family,Keith Garner,2023-11-25
52,121,12,mind,Rhonda Jimenez,2023-06-21
49,122,16,her,Jose Marquez,2023-02-28
20,123,14,let,James Long,2023-12-29
60,124,44,employee,Seth Robbins,2024-01-09
75,125,36,enter,Whitney Ryan,2023-10-04
89,126,33,success,Sarah Robbins,2023-06-29
66,127,23,surface,Amanda Munoz,2023-09-27
99,128,37,decision,Sydney James,2024-02-02
97,129,18,bring,Olivia Oliver,2023-02-07
82,130,40,head,Anthony Fuller,2023-10-12
44,131,17,continue,Christina Perry,2023-07-24
10,132,25,then,Emily Rodriguez,2023-03-15
94,133,2,right,Nathaniel Herrera,2023-03-13
74,134,26,while,Carol Hawkins,2023-10-18
15,135,47,write,Travis Lambert,2023-04-12
5,136,18,drug,Jermaine Washington,2023-12-14
59,137,12,plan,Thomas Adams,2023-08-13
65,138,5,including,Kyle Fuller,2023-03-14
77,139,27,help,Cynthia Bernard,2023-12-04
38,140,19,personal,Cynthia Bird,2023-12-09
95,141,1,social,Dr. Nicole Miller MD,2023-03-24
71,142,13,take,Richard Pruitt,2023-12-21
22,143,41,position,Christie Dickerson,2023-08-19
31,144,41,north,Diana Snyder,2024-01-22
54,145,15,cost,Lori Manning,2023-09-02
56,146,49,serious,Connor Golden,2023-04-07
31,147,43,half,Mr. Eric Howard Jr.,2023-09-10
15,148,28,watch,Matthew Turner,2023-10-08
30,149,45,degree,Robert Duncan,2023-11-02
