student_id,name,age,grade_level
0,Barry Ritter,21,12th
1,Jessica Curry,20,9th
2,Jill Chavez,14,11th
3,Justin Sullivan,24,9th
4,James Ramirez,24,10th
5,Kenneth Gutierrez,14,9th
6,James Mcdaniel,17,12th
7,Paul Mcdaniel,19,9th
8,Joanna Dalton,21,11th
9,Gabriel Taylor,16,11th
10,Benjamin Jones,23,10th
11,David Jackson,18,11th
12,Kevin Meza,14,11th
13,Brian Wilson,17,11th
14,Ross Lawson,21,11th
15,Vanessa Walker,23,12th
16,Ross Valdez,20,10th
17,Dawn Johnson,21,10th
18,Brett Chavez,23,12th
19,James Jenkins,15,10th
20,Anthony Diaz,14,12th
21,Lisa Rivera,19,12th
22,Erin Miller,23,12th
23,Chase Murphy MD,20,9th
24,Paul Atkins,22,11th
25,Cynthia Wheeler,16,9th
26,Luis Ruiz,21,12th
27,Clayton Conley,21,12th
28,Ryan Stephens,23,10th
29,Laurie Hood,20,9th
30,April Thomas,17,11th
31,Margaret Dunn,19,10th
32,Kathleen Jones,22,10th
33,Dawn Calderon,19,12th
34,Monica Stone,17,12th
35,Stephen Cabrera,24,9th
36,Daniel Madden,17,10th
37,Barbara Kelly,16,10th
38,Shelby Cox,20,12th
39,Nicholas Berry,24,10th
40,Kara Hill,20,11th
41,Joe Dixon,16,10th
42,Aaron Carter,24,11th
43,Michael Arnold,18,10th
44,Michael Welch,17,12th
45,Brad Morrow,21,10th
46,Ashley Ellis,24,10th
47,Sandra Phillips,22,9th
48,Richard Mcclain,15,11th
49,Howard Walters,15,10th
50,Amy Roberts,18,11th
51,Austin Cook,19,10th
52,Jill Hill,19,12th
53,Ian Wolfe,24,10th
54,Casey Stewart,21,9th
55,Daniel Graves,14,9th
56,Michael Garcia,24,12th
57,Shannon Ferguson,24,9th
58,Donald Hale,17,11th
59,Leah Ruiz,24,9th
60,Christina Cross,22,9th
61,Aaron Cox,18,12th
62,Richard Johnson,18,9th
63,Nathan Fox,24,11th
64,Cody Foley,16,10th
65,Nicholas Mcbride,23,9th
66,Crystal Hayes,18,12th
67,Faith Rodriguez,15,10th
68,Anita Cox,20,12th
69,James Gill,24,9th
70,Danielle Walker,17,11th
71,Andrew Harris,17,9th
72,Kathleen Burns,21,10th
73,Beth Williams,18,10th
74,Rita Oconnor,14,9th
75,Danielle Williams,21,9th
76,Robert Taylor,21,9th
77,Perry Massey,19,12th
78,Daniel Ibarra,21,9th
79,Julie Riley,20,9th
80,Michael Fowler,16,10th
81,Jennifer Smith,19,11th
82,Ashley Stanton,16,9th
83,Anita Mcdaniel,14,12th
84,Tasha Davis,14,9th
85,Jean Jones,21,11th
86,Elizabeth Smith,21,9th
87,Sherri Fitzpatrick,23,9th
88,David Garza DDS,22,10th
89,Sara Mitchell,18,12th
90,Robert Sharp,15,12th
91,Joseph Mullen,23,12th
92,Robert Watkins,16,9th
93,Taylor Stephens,17,9th
94,Daniel Martin,24,10th
95,Michael Young,23,12th
96,Christopher Browning,23,11th
97,Chris Lopez,16,10th
98,William Hurley,22,11th
99,Leslie Hoffman,18,12th
