benefit_id,employee_id,health_plan,enrolled
0,270,PPO,True
1,684,PPO,True
2,58,PPO,False
3,917,HMO,True
4,181,HMO,False
5,543,HMO,False
6,671,HMO,True
7,75,HMO,False
8,602,HSA,False
9,520,HMO,True
10,963,PPO,True
11,642,HSA,True
12,542,HSA,True
13,853,HMO,False
14,75,HMO,False
15,711,PPO,True
16,678,HMO,False
17,414,PPO,False
18,792,HSA,True
19,842,HSA,True
20,550,HSA,False
21,644,HMO,False
22,845,PPO,False
23,294,HSA,True
24,431,HMO,False
25,582,HSA,True
26,775,HSA,False
27,731,HMO,True
28,430,HSA,True
29,368,HMO,False
30,722,HMO,False
31,40,HMO,True
32,233,PPO,False
33,202,HSA,False
34,292,HMO,True
35,430,PPO,False
36,311,PPO,True
37,151,HMO,False
38,90,PPO,False
39,937,PPO,True
40,488,PPO,False
41,811,HMO,False
42,221,PPO,True
43,92,HSA,False
44,562,HSA,False
45,125,HSA,True
46,248,PPO,True
47,350,HSA,False
48,423,HMO,False
49,277,HSA,True
50,258,PPO,True
51,105,HMO,False
52,725,HSA,True
53,972,HMO,False
54,950,HSA,False
55,664,PPO,True
56,23,HMO,True
57,805,HSA,False
58,160,PPO,False
59,887,HMO,True
60,672,PPO,True
61,569,HMO,False
62,248,PPO,True
63,331,HMO,False
64,210,PPO,False
65,108,PPO,False
66,452,HMO,True
67,552,HSA,False
68,994,PPO,True
69,426,PPO,False
70,165,HMO,True
71,556,HMO,False
72,382,HMO,False
73,24,HMO,False
74,731,PPO,False
75,243,HMO,True
76,196,HMO,False
77,794,HMO,False
78,995,PPO,False
79,306,HMO,False
80,33,HSA,False
81,285,HSA,False
82,830,HSA,True
83,631,HSA,False
84,569,PPO,False
85,893,HSA,True
86,77,HMO,False
87,398,PPO,False
88,282,PPO,False
89,237,HMO,False
90,660,HMO,True
91,565,HMO,False
92,560,PPO,False
93,420,HMO,False
94,429,PPO,False
95,528,HMO,True
96,109,PPO,True
97,214,PPO,False
98,172,HSA,False
99,969,PPO,False
100,834,PPO,True
101,775,HSA,False
102,690,PPO,False
103,394,HSA,True
104,814,PPO,True
105,652,HMO,False
106,789,PPO,False
107,482,HMO,False
108,270,PPO,False
109,781,PPO,False
110,664,HSA,True
111,107,PPO,True
112,772,PPO,True
113,537,HSA,True
114,409,HSA,True
115,678,HMO,True
116,905,PPO,False
117,71,HSA,True
118,419,PPO,True
119,279,PPO,False
120,810,PPO,True
121,281,HSA,False
122,567,PPO,True
123,382,HMO,True
124,610,PPO,True
125,302,HSA,True
126,521,PPO,True
127,897,HSA,True
128,773,HMO,True
129,888,PPO,True
130,501,HMO,True
131,129,PPO,False
132,886,PPO,False
133,848,HSA,True
134,181,PPO,True
135,128,HMO,False
136,672,HMO,False
137,584,HSA,False
138,357,PPO,True
139,564,PPO,False
140,762,PPO,True
141,12,PPO,False
142,390,PPO,False
143,130,HSA,True
144,283,PPO,False
145,460,HSA,True
146,759,PPO,True
147,824,HMO,True
148,4,HMO,False
149,612,HMO,False
150,924,HSA,False
151,47,HSA,True
152,572,HSA,True
153,3,PPO,False
154,677,HMO,True
155,827,HMO,True
156,694,HSA,True
157,960,HMO,True
158,798,PPO,False
159,266,PPO,False
160,997,HMO,False
161,859,HMO,False
162,650,HMO,False
163,266,HSA,False
164,578,PPO,True
165,940,HMO,True
166,541,PPO,True
167,365,HSA,True
168,59,HSA,True
169,900,HMO,False
170,157,PPO,False
171,780,HSA,True
172,548,HSA,True
173,422,HMO,True
174,579,PPO,False
175,646,HMO,False
176,565,HSA,False
177,80,PPO,True
178,375,PPO,True
179,768,HSA,False
180,75,HSA,False
181,302,HSA,False
182,925,HMO,True
183,140,PPO,True
184,694,HSA,True
185,36,HMO,False
186,183,HSA,True
187,406,HMO,True
188,181,HMO,False
189,870,HMO,False
190,640,HSA,False
191,784,HMO,True
192,772,HMO,True
193,103,PPO,True
194,896,PPO,False
195,474,HSA,False
196,674,HMO,False
197,264,HSA,True
198,109,HSA,False
199,358,PPO,False
200,994,HSA,True
201,196,PPO,True
202,425,HMO,True
203,597,PPO,True
204,647,PPO,False
205,358,PPO,False
206,668,HMO,False
207,202,HMO,False
208,101,HMO,True
209,298,PPO,True
210,458,PPO,False
211,651,HMO,True
212,640,PPO,True
213,636,PPO,False
214,823,HMO,True
215,164,HMO,True
216,426,HMO,False
217,568,HMO,False
218,750,HSA,False
219,429,HSA,False
220,520,HMO,False
221,393,PPO,True
222,841,HMO,True
223,822,HSA,False
224,879,HSA,True
225,33,HSA,False
226,208,PPO,True
227,695,PPO,False
228,655,HSA,True
229,372,HSA,False
230,943,HMO,True
231,460,HMO,True
232,565,HSA,True
233,306,PPO,False
234,799,PPO,False
235,248,PPO,False
236,727,PPO,True
237,650,PPO,True
238,212,HSA,True
239,437,PPO,True
240,190,PPO,False
241,243,HSA,True
242,533,HSA,True
243,945,HMO,False
244,805,HSA,True
245,634,PPO,False
246,485,HMO,True
247,704,PPO,False
248,283,HMO,True
249,382,PPO,True
250,553,HMO,False
251,221,HSA,True
252,196,HSA,False
253,479,HSA,True
254,604,PPO,True
255,791,HMO,True
256,557,PPO,False
257,881,PPO,True
258,142,HSA,False
259,681,HMO,False
260,514,HSA,True
261,26,HMO,False
262,694,HSA,True
263,207,HMO,False
264,472,HMO,True
265,122,HMO,True
266,927,HSA,False
267,128,HSA,False
268,980,HSA,False
269,561,HSA,True
270,974,HMO,False
271,723,HMO,False
272,97,PPO,False
273,260,HMO,False
274,326,PPO,True
275,525,PPO,True
276,101,PPO,False
277,331,PPO,True
278,762,HMO,True
279,783,HMO,False
280,984,HMO,False
281,549,HMO,True
282,90,HSA,False
283,607,HSA,True
284,608,PPO,False
285,504,PPO,False
286,300,PPO,True
287,782,HMO,True
288,926,HSA,False
289,259,HMO,False
290,90,HSA,False
291,307,PPO,False
292,277,PPO,False
293,751,PPO,True
294,226,HMO,False
295,297,HSA,True
296,293,HMO,True
297,773,HSA,True
298,701,HMO,False
299,841,PPO,False
300,347,HMO,True
301,470,HSA,True
302,277,PPO,False
303,641,HMO,False
304,613,PPO,True
305,343,HSA,False
306,214,HMO,False
307,582,HMO,True
308,831,PPO,False
309,426,HSA,True
310,137,HMO,False
311,381,PPO,False
312,642,PPO,True
313,206,HSA,False
314,256,HMO,True
315,731,HSA,False
316,209,HSA,True
317,866,HSA,True
318,855,HMO,True
319,463,PPO,False
320,807,HMO,False
321,596,HSA,False
322,672,HSA,True
323,621,HMO,True
324,182,HSA,True
325,838,HSA,False
326,11,HMO,True
327,465,HSA,True
328,240,HMO,False
329,162,PPO,False
330,924,HSA,False
331,759,HSA,True
332,297,HMO,False
333,699,HMO,False
334,753,HSA,True
335,181,HMO,False
336,826,HSA,True
337,466,PPO,True
338,312,HSA,True
339,860,PPO,True
340,124,HSA,False
341,272,HSA,False
342,578,HMO,True
343,488,PPO,False
344,290,HMO,True
345,503,HSA,True
346,684,HSA,False
347,765,HMO,False
348,555,HSA,False
349,708,HSA,True
350,787,HSA,False
351,95,PPO,True
352,509,HSA,True
353,976,HMO,False
354,773,HMO,True
355,683,HSA,False
356,570,PPO,True
357,957,PPO,False
358,472,HMO,True
359,742,HMO,False
360,303,HSA,False
361,793,PPO,False
362,513,HSA,True
363,732,HMO,True
364,516,HMO,False
365,598,HMO,False
366,529,PPO,False
367,526,HSA,False
368,251,HMO,True
369,327,HSA,False
370,244,HMO,False
371,415,PPO,True
372,641,HSA,True
373,14,HMO,True
374,91,PPO,True
375,863,HSA,True
376,634,HSA,True
377,281,PPO,True
378,10,PPO,True
379,315,HMO,False
380,42,PPO,False
381,546,PPO,False
382,453,HMO,True
383,325,HSA,True
384,748,HSA,False
385,79,HMO,True
386,587,HMO,False
387,966,PPO,True
388,769,PPO,False
389,65,PPO,True
390,116,PPO,False
391,940,HMO,False
392,814,PPO,True
393,956,HSA,True
394,991,PPO,True
395,483,PPO,False
396,480,HMO,True
397,640,HMO,True
398,160,HMO,False
399,726,HMO,False
400,867,HMO,False
401,167,PPO,False
402,606,PPO,False
403,427,PPO,True
404,645,HMO,False
405,666,HMO,False
406,90,HMO,True
407,899,HSA,True
408,729,HMO,True
409,813,PPO,False
410,782,HSA,False
411,691,HMO,True
412,880,HSA,False
413,348,HSA,True
414,912,HSA,True
415,381,PPO,False
416,204,HMO,False
417,417,HMO,True
418,163,HMO,True
419,901,HSA,False
420,125,PPO,False
421,937,PPO,True
422,592,HMO,True
423,210,PPO,True
424,36,PPO,False
425,42,PPO,True
426,362,PPO,True
427,258,HMO,True
428,127,HMO,False
429,407,HMO,True
430,888,PPO,True
431,244,HSA,False
432,50,HSA,True
433,334,HSA,True
434,534,HMO,False
435,568,PPO,True
436,138,PPO,False
437,845,PPO,True
438,770,HMO,False
439,837,HMO,False
440,348,PPO,True
441,960,HMO,True
442,994,PPO,True
443,519,HMO,True
444,153,PPO,True
445,600,HSA,True
446,351,HSA,False
447,622,HMO,True
448,419,PPO,False
449,57,HMO,True
450,656,HMO,True
451,100,HSA,False
452,41,HSA,True
453,104,HMO,True
454,335,HMO,False
455,978,HMO,True
456,545,HMO,True
457,623,PPO,False
458,696,HSA,False
459,232,HMO,True
460,958,PPO,True
461,710,HSA,False
462,662,HSA,False
463,65,HMO,False
464,322,HMO,True
465,330,PPO,True
466,971,PPO,False
467,69,HSA,True
468,953,HMO,False
469,394,HMO,True
470,309,HSA,False
471,308,HSA,True
472,793,HMO,False
473,497,PPO,False
474,303,PPO,True
475,112,HSA,True
476,73,PPO,True
477,906,HSA,False
478,555,PPO,True
479,51,HSA,False
480,698,PPO,False
481,344,HSA,True
482,973,HMO,True
483,30,HSA,True
484,909,HMO,False
485,293,PPO,True
486,622,HMO,True
487,266,HMO,True
488,641,PPO,True
489,235,HSA,True
490,812,PPO,True
491,188,HMO,True
492,88,HSA,True
493,166,HMO,True
494,557,PPO,False
495,460,HMO,True
496,692,PPO,False
497,189,HSA,False
498,617,HMO,False
499,151,PPO,True
500,619,HSA,True
501,794,HSA,False
502,111,HSA,False
503,883,HMO,False
504,725,PPO,False
505,861,HSA,True
506,155,HMO,True
507,622,HSA,False
508,119,HMO,False
509,933,HSA,True
510,474,HSA,False
511,278,HMO,True
512,151,HSA,False
513,842,PPO,False
514,735,HSA,True
515,815,HSA,False
516,107,HMO,True
517,658,HSA,True
518,71,HSA,False
519,935,HMO,True
520,120,HMO,True
521,271,HMO,True
522,807,HMO,True
523,161,HSA,False
524,262,HSA,True
525,8,PPO,False
526,515,HSA,True
527,600,HSA,False
528,958,HSA,True
529,705,HSA,True
530,152,HMO,True
531,520,HSA,True
532,0,PPO,False
533,177,PPO,False
534,652,HMO,True
535,343,HMO,True
536,514,PPO,True
537,902,HSA,False
538,85,HMO,True
539,842,PPO,True
540,882,PPO,True
541,538,HMO,True
542,162,HMO,False
543,496,HMO,True
544,299,HSA,True
545,813,HMO,False
546,596,HMO,True
547,196,HSA,True
548,783,HSA,False
549,840,HMO,False
550,544,PPO,True
551,744,PPO,True
552,523,HSA,False
553,863,HMO,True
554,622,HMO,False
555,249,PPO,True
556,964,PPO,True
557,292,HMO,True
558,626,PPO,True
559,113,PPO,False
560,302,HSA,True
561,259,HMO,True
562,793,HSA,True
563,136,HMO,False
564,682,HMO,False
565,397,HMO,True
566,428,HMO,False
567,968,PPO,False
568,743,HMO,True
569,570,HMO,False
570,202,HSA,False
571,47,HMO,False
572,963,PPO,False
573,866,PPO,False
574,909,HSA,False
575,693,HSA,False
576,780,PPO,False
577,860,HMO,False
578,352,HSA,False
579,729,PPO,True
580,728,HMO,False
581,724,HSA,True
582,844,HMO,False
583,616,PPO,True
584,159,HMO,False
585,781,HMO,False
586,626,HSA,True
587,798,PPO,False
588,311,HSA,True
589,71,HSA,False
590,881,HSA,True
591,924,PPO,False
592,681,PPO,False
593,544,HMO,False
594,918,PPO,False
595,950,HMO,True
596,628,PPO,True
597,219,PPO,False
598,786,HMO,True
599,51,PPO,True
600,440,HSA,False
601,831,PPO,True
602,274,HMO,False
603,740,HMO,False
604,490,PPO,True
605,932,PPO,True
606,477,HMO,True
607,510,PPO,True
608,961,HMO,True
609,438,HSA,True
610,971,HMO,False
611,32,HMO,True
612,1,PPO,False
613,320,PPO,False
614,16,PPO,False
615,982,HSA,False
616,345,HSA,True
617,608,HSA,True
618,952,HSA,True
619,615,HSA,False
620,433,HSA,False
621,8,HSA,True
622,15,HMO,False
623,296,PPO,False
624,386,HMO,True
625,201,HMO,False
626,974,HMO,False
627,219,HMO,True
628,826,PPO,True
629,229,HMO,True
630,744,HSA,True
631,93,HMO,True
632,218,HMO,False
633,590,PPO,False
634,33,PPO,True
635,412,PPO,False
636,64,HMO,True
637,172,HMO,True
638,463,PPO,True
639,529,HMO,False
640,318,HSA,True
641,599,HSA,False
642,968,HMO,True
643,828,PPO,True
644,162,HSA,True
645,60,PPO,False
646,582,HSA,True
647,307,PPO,True
648,344,PPO,True
649,38,PPO,True
650,171,HSA,False
651,191,PPO,False
652,134,HMO,True
653,339,HSA,False
654,723,PPO,True
655,672,PPO,True
656,223,PPO,False
657,977,HSA,False
658,5,PPO,True
659,33,HSA,False
660,566,HMO,False
661,234,HSA,True
662,627,PPO,True
663,828,PPO,True
664,962,HMO,True
665,167,HMO,False
666,167,HSA,True
667,818,PPO,False
668,392,HMO,False
669,645,HSA,False
670,736,PPO,False
671,594,PPO,True
672,22,PPO,False
673,801,PPO,True
674,982,PPO,True
675,521,HMO,False
676,204,HMO,True
677,223,HMO,False
678,146,PPO,False
679,185,HSA,True
680,365,HMO,False
681,841,PPO,False
682,774,HSA,False
683,984,PPO,True
684,732,HMO,True
685,343,PPO,True
686,754,HMO,False
687,198,HMO,False
688,574,HSA,False
689,686,HMO,True
690,769,PPO,True
691,414,HMO,False
692,139,PPO,False
693,693,HSA,False
694,118,HMO,False
695,329,HMO,False
696,325,HSA,True
697,262,HSA,True
698,523,HMO,True
699,996,HMO,True
700,244,HMO,True
701,22,HMO,True
702,291,PPO,True
703,382,HSA,True
704,798,HSA,True
705,881,PPO,True
706,27,PPO,True
707,330,PPO,True
708,191,PPO,False
709,515,HSA,True
710,187,HSA,True
711,309,HMO,False
712,486,PPO,False
713,589,HMO,True
714,919,HMO,False
715,649,PPO,False
716,255,HMO,True
717,419,PPO,False
718,319,HMO,True
719,391,HSA,True
720,366,PPO,True
721,195,HMO,False
722,381,PPO,False
723,213,PPO,True
724,744,PPO,True
725,645,HMO,True
726,128,HMO,True
727,499,HSA,False
728,906,HSA,False
729,602,HSA,True
730,221,PPO,False
731,51,HMO,False
732,891,PPO,False
733,41,PPO,True
734,817,PPO,True
735,673,HMO,True
736,277,HMO,True
737,555,HMO,False
738,529,HSA,False
739,815,PPO,False
740,999,HMO,True
741,182,HMO,False
742,64,PPO,True
743,269,HSA,True
744,114,HMO,False
745,549,PPO,True
746,974,PPO,False
747,912,PPO,True
748,996,HSA,True
749,151,HSA,True
750,946,HSA,False
751,126,PPO,True
752,409,PPO,False
753,252,PPO,False
754,935,PPO,False
755,534,PPO,False
756,105,PPO,False
757,469,PPO,True
758,251,HSA,False
759,155,PPO,True
760,3,HSA,False
761,670,HSA,True
762,246,HSA,False
763,779,HSA,False
764,377,HSA,True
765,263,PPO,True
766,510,HMO,True
767,503,HSA,True
768,25,HSA,False
769,413,PPO,True
770,893,HSA,True
771,519,PPO,False
772,737,HSA,True
773,977,HMO,False
774,969,HMO,True
775,573,PPO,False
776,167,PPO,True
777,349,PPO,False
778,133,HSA,True
779,385,HSA,True
780,573,PPO,True
781,805,PPO,False
782,833,HMO,True
783,17,HSA,True
784,460,PPO,False
785,405,PPO,False
786,631,HSA,True
787,277,HMO,False
788,7,PPO,True
789,736,HSA,False
790,66,PPO,True
791,162,HMO,True
792,29,HSA,True
793,195,PPO,False
794,501,PPO,False
795,700,HMO,False
796,700,HSA,True
797,188,HMO,True
798,605,PPO,False
799,335,HSA,False
800,597,PPO,True
801,820,HSA,False
802,607,PPO,False
803,44,HSA,True
804,889,HSA,True
805,830,PPO,True
806,397,PPO,True
807,321,HMO,True
808,2,HSA,False
809,873,HMO,False
810,832,HMO,True
811,832,HMO,True
812,201,HSA,False
813,860,PPO,False
814,868,PPO,True
815,328,HSA,True
816,274,PPO,False
817,469,PPO,True
818,307,PPO,False
819,592,HMO,False
820,411,PPO,False
821,714,HSA,True
822,10,PPO,False
823,257,PPO,True
824,882,HSA,False
825,101,PPO,False
826,96,HMO,True
827,567,HMO,True
828,29,HSA,False
829,984,PPO,False
830,589,HSA,False
831,564,HMO,False
832,80,HMO,True
833,1,PPO,False
834,601,PPO,True
835,104,HMO,False
836,427,HMO,False
837,894,PPO,False
838,691,PPO,True
839,526,PPO,False
840,761,HMO,False
841,694,HSA,True
842,920,HMO,True
843,691,HSA,False
844,727,PPO,False
845,236,PPO,False
846,957,HSA,False
847,757,HSA,True
848,340,HSA,True
849,607,PPO,False
850,447,HSA,False
851,993,HMO,False
852,759,PPO,False
853,263,HSA,True
854,878,PPO,True
855,802,HMO,True
856,246,HMO,True
857,761,PPO,True
858,507,HMO,True
859,804,PPO,False
860,407,HSA,True
861,101,HSA,False
862,791,HMO,True
863,158,HMO,False
864,742,HSA,True
865,832,HSA,True
866,912,HSA,False
867,938,PPO,False
868,37,HMO,False
869,280,HMO,True
870,877,HSA,False
871,839,HMO,True
872,736,HMO,False
873,889,HMO,False
874,218,HSA,False
875,41,HSA,True
876,472,HMO,True
877,316,HMO,True
878,363,PPO,True
879,854,HMO,False
880,454,PPO,False
881,143,HSA,True
882,741,HSA,False
883,219,PPO,False
884,908,HSA,False
885,827,PPO,True
886,952,HMO,True
887,490,HMO,False
888,715,PPO,False
889,119,HSA,True
890,756,HSA,True
891,929,HMO,False
892,556,PPO,True
893,207,HMO,False
894,640,PPO,False
895,317,HMO,False
896,791,PPO,False
897,939,PPO,True
898,50,HMO,False
899,619,HMO,True
900,652,HSA,False
901,973,HMO,False
902,753,PPO,False
903,612,HSA,True
904,655,HSA,False
905,615,PPO,True
906,451,HMO,False
907,767,HSA,False
908,155,HSA,False
909,432,PPO,False
910,814,PPO,False
911,920,PPO,False
912,72,PPO,True
913,865,PPO,False
914,175,HMO,False
915,182,HMO,False
916,725,PPO,False
917,983,PPO,True
918,98,HSA,True
919,427,HMO,True
920,375,HMO,False
921,219,HSA,True
922,42,PPO,True
923,852,HSA,True
924,59,HMO,True
925,376,PPO,True
926,825,HMO,False
927,693,PPO,True
928,694,HSA,False
929,82,PPO,True
930,545,HMO,False
931,669,HSA,True
932,240,PPO,True
933,729,HSA,True
934,122,PPO,True
935,604,HMO,True
936,363,HMO,True
937,244,HMO,False
938,319,HSA,False
939,395,HSA,True
940,508,HSA,False
941,302,HSA,True
942,470,HSA,True
943,438,HSA,False
944,635,HSA,True
945,581,HMO,False
946,417,PPO,False
947,665,HMO,False
948,953,PPO,True
949,499,HMO,True
950,673,HSA,True
951,980,PPO,False
952,827,HMO,False
953,698,PPO,True
954,643,HSA,False
955,409,HMO,False
956,670,HMO,True
957,186,HMO,False
958,867,HSA,False
959,733,HSA,False
960,646,HSA,False
961,384,HMO,True
962,957,HMO,False
963,987,HSA,False
964,228,HMO,True
965,200,HSA,False
966,351,HMO,True
967,944,HMO,True
968,720,HSA,True
969,307,PPO,False
970,812,HSA,False
971,909,PPO,False
972,940,PPO,False
973,878,PPO,False
974,475,HSA,False
975,23,HMO,True
976,350,PPO,False
977,425,HMO,True
978,570,HSA,False
979,703,HSA,True
980,103,PPO,False
981,135,PPO,True
982,645,HSA,False
983,487,PPO,True
984,906,PPO,False
985,931,HMO,True
986,1,PPO,False
987,440,HSA,True
988,769,HSA,False
989,131,HMO,True
990,280,HMO,True
991,514,HSA,False
992,225,HSA,True
993,286,HSA,True
994,125,PPO,False
995,307,HMO,False
996,942,PPO,False
997,187,HSA,False
998,501,HSA,True
999,259,PPO,False
