department_id,name,location,manager_id
0,Marketing,Michellestad,342
1,Sales,Youngland,781
2,Finance,North Jessica,761
3,HR,Ericabury,630
4,IT,Amyfurt,259
5,Engineering,Rogersside,53
6,Customer Service,Port Dustin,211
7,Legal,Port Josephchester,903
8,Product,Clineland,390
9,Operations,New Marthaland,719
10,Research & Development,Hectormouth,684
11,Accounting,Mcmillanborough,30
12,Administration,New Elaineburgh,580
13,Executive,Zacharyshire,635
14,Quality Assurance,Johntown,294
15,Security,West Ericview,800
16,Facilities,Lake Greg,748
17,Training,North Emily,246
18,Finance,East Ashley,5
19,Fun,Scottburgh,610
